2026.09.20 09:18:07 INFO  Started: Metals version 1.6.9 in folders 'C:\Users\dizah\Documents\GitHub\The-Paradigm-Facility' for client Visual Studio Code 1.138.0.
2026.09.20 09:18:07 INFO  Memory monitor started
2026.09.20 09:18:10 WARN  Using H2 2.5.250 which is newer than the version Flyway has been verified with. The latest verified version of H2 is 2.3.232.
2026.09.20 09:18:10 INFO  no build target found for C:\Users\dizah\Documents\GitHub\The-Paradigm-Facility\.java. Using fallback presentation compiler.
Sep 20, 2026 9:18:12 AM org.eclipse.lsp4j.jsonrpc.RemoteEndpoint handleCancellation
WARNING: Unmatched cancel notification for request id 2
2026.09.20 09:18:12 INFO  no build target found for C:\Users\dizah\Documents\GitHub\The-Paradigm-Facility\.java. Using fallback presentation compiler.
2026.09.20 09:18:12 INFO  no build target found for C:\Users\dizah\Documents\GitHub\The-Paradigm-Facility\.java. Using fallback presentation compiler.
2026.09.20 09:18:12 INFO  no build target found for C:\Users\dizah\Documents\GitHub\The-Paradigm-Facility\.java. Using fallback presentation compiler.
2026.09.20 09:18:12 WARN  no build tool detected in workspace 'C:\Users\dizah\Documents\GitHub\The-Paradigm-Facility'. The most common cause for this problem is that the editor was opened in the wrong working directory, for example if you use sbt then the workspace directory should contain build.sbt. 
2026.09.20 09:18:12 WARN  Build server is not auto-connectable.
2026.09.20 09:18:12 INFO  no build target found for C:\Users\dizah\Documents\GitHub\The-Paradigm-Facility\.java. Using fallback presentation compiler.
2026.09.20 09:18:12 WARN  no build target for: C:\Users\dizah\Documents\GitHub\The-Paradigm-Facility\.java
2026.09.20 09:18:12 WARN  no build target for: C:\Users\dizah\Documents\GitHub\The-Paradigm-Facility\TheParadigmFacility\src\ui\BackgroundLoop.java
2026.09.20 09:18:13 WARN  Running javac-semanticdb failed for file:///C:/Users/dizah/Documents/GitHub/The-Paradigm-Facility/TheParadigmFacility/src/ui/BackgroundLoop.java. Output:

2026.09.20 09:18:14 INFO  time: code lens generation in 2.22s
Sep 20, 2026 9:18:20 AM org.eclipse.lsp4j.jsonrpc.RemoteEndpoint handleCancellation
WARNING: Unmatched cancel notification for request id 12
2026.09.20 09:18:20 INFO  no build target found for C:\Users\dizah\Documents\GitHub\The-Paradigm-Facility\.java. Using fallback presentation compiler.
2026.09.20 09:18:20 INFO  no build target found for C:\Users\dizah\Documents\GitHub\The-Paradigm-Facility\.java. Using fallback presentation compiler.
2026.09.20 09:18:21 INFO  no build target found for C:\Users\dizah\Documents\GitHub\The-Paradigm-Facility\.java. Using fallback presentation compiler.
2026.09.20 09:18:22 INFO  no build target found for C:\Users\dizah\Documents\GitHub\The-Paradigm-Facility\.java. Using fallback presentation compiler.
2026.09.20 09:18:25 INFO  no build target found for c:\Users\dizah\Documents\GitHub\The-Paradigm-Facility\.java. Using fallback presentation compiler.
2026.09.20 09:18:25 WARN  no build target for: C:\Users\dizah\Documents\GitHub\The-Paradigm-Facility\TheParadigmFacility.java
2026.09.20 09:18:25 INFO  no build target found for C:\Users\dizah\Documents\GitHub\The-Paradigm-Facility\TheParadigmFacility.java. Using fallback presentation compiler.
2026.09.20 09:18:25 INFO  no build target found for C:\Users\dizah\Documents\GitHub\The-Paradigm-Facility\TheParadigmFacility.java. Using fallback presentation compiler.
2026.09.20 09:18:26 INFO  no build target found for C:\Users\dizah\Documents\GitHub\The-Paradigm-Facility\TheParadigmFacility.java. Using fallback presentation compiler.
Sep 20, 2026 9:18:26 AM org.eclipse.lsp4j.jsonrpc.RemoteEndpoint handleCancellation
WARNING: Unmatched cancel notification for request id 23
2026.09.20 09:18:26 INFO  no build target found for C:\Users\dizah\Documents\GitHub\The-Paradigm-Facility\TheParadigmFacility.java. Using fallback presentation compiler.
Sep 20, 2026 9:18:27 AM org.eclipse.lsp4j.jsonrpc.RemoteEndpoint handleCancellation
WARNING: Unmatched cancel notification for request id 26
2026.09.20 09:18:26 INFO  no build target found for C:\Users\dizah\Documents\GitHub\The-Paradigm-Facility\TheParadigmFacility.java. Using fallback presentation compiler.
2026.09.20 09:18:27 INFO  no build target found for C:\Users\dizah\Documents\GitHub\The-Paradigm-Facility\TheParadigmFacility.java. Using fallback presentation compiler.
2026.09.20 09:21:38 INFO  no build target found for C:\Users\dizah\Documents\GitHub\The-Paradigm-Facility\TheParadigmFacility.java. Using fallback presentation compiler.
2026.09.20 09:21:38 WARN  no build target for: C:\Users\dizah\Documents\GitHub\The-Paradigm-Facility\TheParadigmFacility.java
Sep 20, 2026 9:21:38 AM org.eclipse.lsp4j.jsonrpc.RemoteEndpoint handleCancellation
WARNING: Unmatched cancel notification for request id 33
2026.09.20 09:21:38 INFO  no build target found for C:\Users\dizah\Documents\GitHub\The-Paradigm-Facility\TheParadigmFacility.java. Using fallback presentation compiler.
2026.09.20 09:21:38 INFO  no build target found for C:\Users\dizah\Documents\GitHub\The-Paradigm-Facility\TheParadigmFacility.java. Using fallback presentation compiler.
2026.09.20 09:21:38 INFO  no build target found for C:\Users\dizah\Documents\GitHub\The-Paradigm-Facility\TheParadigmFacility.java. Using fallback presentation compiler.Sep 20, 2026 9:21:38 AM org.eclipse.lsp4j.jsonrpc.RemoteEndpoint handleCancellation
WARNING: Unmatched cancel notification for request id 37

2026.09.20 09:21:38 INFO  no build target found for C:\Users\dizah\Documents\GitHub\The-Paradigm-Facility\TheParadigmFacility.java. Using fallback presentation compiler.
2026.09.20 09:21:39 INFO  no build target found for C:\Users\dizah\Documents\GitHub\The-Paradigm-Facility\TheParadigmFacility.java. Using fallback presentation compiler.
2026.09.20 09:22:04 WARN  no build target for: C:\Users\dizah\Documents\GitHub\The-Paradigm-Facility\TheParadigmFacility\src\ui\BackgroundLoop.java
2026.09.20 09:22:04 INFO  no build target found for C:\Users\dizah\Documents\GitHub\The-Paradigm-Facility\TheParadigmFacility\src\ui\BackgroundLoop.java. Using fallback presentation compiler.
2026.09.20 09:24:10 WARN  Not starting Scala CLI for out-of-workspace file (it can be started manually): C:\Users\dizah\Downloads\BrrBrrPatateam\TheLastStand\src\ui\MainFrame.java
2026.09.20 09:24:10 WARN  Using H2 2.5.250 which is newer than the version Flyway has been verified with. The latest verified version of H2 is 2.3.232.
2026.09.20 09:24:11 INFO  no build target found for C:\Users\dizah\Downloads\BrrBrrPatateam\TheLastStand\src\ui\MainFrame.java. Using fallback presentation compiler.
2026.09.20 09:24:12 WARN  no build target for: C:\Users\dizah\Downloads\BrrBrrPatateam\TheLastStand\src\ui\MainFrame.java
Sep 20, 2026 9:24:12 AM org.eclipse.lsp4j.jsonrpc.RemoteEndpoint handleCancellation
WARNING: Unmatched cancel notification for request id 50
2026.09.20 09:24:12 INFO  no build target found for C:\Users\dizah\Downloads\BrrBrrPatateam\TheLastStand\src\ui\MainFrame.java. Using fallback presentation compiler.
Sep 20, 2026 9:24:13 AM org.eclipse.lsp4j.jsonrpc.RemoteEndpoint handleCancellation
WARNING: Unmatched cancel notification for request id 57
Sep 20, 2026 9:24:13 AM org.eclipse.lsp4j.jsonrpc.RemoteEndpoint handleCancellation
WARNING: Unmatched cancel notification for request id 54
Sep 20, 2026 9:24:13 AM org.eclipse.lsp4j.jsonrpc.RemoteEndpoint handleCancellation
WARNING: Unmatched cancel notification for request id 55
Sep 20, 2026 9:24:13 AM org.eclipse.lsp4j.jsonrpc.RemoteEndpoint handleCancellation
WARNING: Unmatched cancel notification for request id 51
2026.09.20 09:24:12 INFO  no build target found for C:\Users\dizah\Downloads\BrrBrrPatateam\TheLastStand\src\ui\MainFrame.java. Using fallback presentation compiler.
2026.09.20 09:24:14 INFO  time: code lens generation in 1.64s
2026.09.20 09:24:14 INFO  time: code lens generation in 1.73s
2026.09.20 09:24:14 WARN  no build target for: C:\Users\dizah\Documents\GitHub\The-Paradigm-Facility\TheParadigmFacility\src\ui\BackgroundLoop.java
2026.09.20 09:24:14 INFO  no build target found for C:\Users\dizah\Documents\GitHub\The-Paradigm-Facility\TheParadigmFacility\src\ui\BackgroundLoop.java. Using fallback presentation compiler.
2026.09.20 09:24:16 INFO  no build target found for C:\Users\dizah\Documents\GitHub\The-Paradigm-Facility\TheParadigmFacility\src\ui\BackgroundLoop.java. Using fallback presentation compiler.
Sep 20, 2026 9:26:19 AM org.eclipse.lsp4j.jsonrpc.services.GenericEndpoint notify
INFO: Unsupported notification method: $/setTrace
2026.09.20 09:26:23 INFO  no build target found for C:\Users\dizah\Documents\GitHub\The-Paradigm-Facility\TheParadigmFacility\src\ui\BackgroundLoop.java. Using fallback presentation compiler.
2026.09.20 09:26:24 WARN  no build target for: C:\Users\dizah\Documents\GitHub\The-Paradigm-Facility\TheParadigmFacility.java
2026.09.20 09:26:23 INFO  no build target found for C:\Users\dizah\Documents\GitHub\The-Paradigm-Facility\TheParadigmFacility.java. Using fallback presentation compiler.
2026.09.20 09:26:24 WARN  no build target for: C:\Users\dizah\Documents\GitHub\The-Paradigm-Facility\TheParadigmFacility\src\ui\BackgroundLoop.java
2026.09.20 09:26:23 INFO  no build target found for C:\Users\dizah\Documents\GitHub\The-Paradigm-Facility\TheParadigmFacility\src\ui\BackgroundLoop.java. Using fallback presentation compiler.
Sep 20, 2026 9:26:24 AM org.eclipse.lsp4j.jsonrpc.RemoteEndpoint handleCancellation
WARNING: Unmatched cancel notification for request id 70
2026.09.20 09:26:24 INFO  no build target found for C:\Users\dizah\Documents\GitHub\The-Paradigm-Facility\TheParadigmFacility\src\ui\BackgroundLoop.java. Using fallback presentation compiler.
2026.09.20 09:26:23 INFO  no build target found for C:\Users\dizah\Documents\GitHub\The-Paradigm-Facility\TheParadigmFacility\src\ui\BackgroundLoop.java. Using fallback presentation compiler.
Sep 20, 2026 9:26:24 AM org.eclipse.lsp4j.jsonrpc.RemoteEndpoint handleCancellation
WARNING: Unmatched cancel notification for request id 74
2026.09.20 09:26:23 INFO  no build target found for C:\Users\dizah\Documents\GitHub\The-Paradigm-Facility\TheParadigmFacility\src\ui\BackgroundLoop.java. Using fallback presentation compiler.
2026.09.20 09:26:25 WARN  Running javac-semanticdb failed for file:///C:/Users/dizah/Documents/GitHub/The-Paradigm-Facility/TheParadigmFacility/src/ui/BackgroundLoop.java. Output:

2026.09.20 09:26:25 INFO  no build target found for C:\Users\dizah\Documents\GitHub\The-Paradigm-Facility\TheParadigmFacility\src\ui\BackgroundLoop.java. Using fallback presentation compiler.
2026.09.20 09:26:27 INFO  no build target found for C:\Users\dizah\Documents\GitHub\The-Paradigm-Facility\TheParadigmFacility\src\ui\BackgroundLoop.java. Using fallback presentation compiler.
2026.09.20 09:26:27 INFO  no build target found for C:\Users\dizah\Documents\GitHub\The-Paradigm-Facility\TheParadigmFacility\src\ui\BackgroundLoop.java. Using fallback presentation compiler.
2026.09.20 09:26:27 INFO  no build target found for C:\Users\dizah\Documents\GitHub\The-Paradigm-Facility\TheParadigmFacility\src\ui\BackgroundLoop.java. Using fallback presentation compiler.
2026.09.20 09:26:29 INFO  no build target found for C:\Users\dizah\Documents\GitHub\The-Paradigm-Facility\TheParadigmFacility\src\ui\BackgroundLoop.java. Using fallback presentation compiler.
2026.09.20 09:26:29 INFO  no build target found for C:\Users\dizah\Documents\GitHub\The-Paradigm-Facility\TheParadigmFacility\src\ui\BackgroundLoop.java. Using fallback presentation compiler.
2026.09.20 09:26:33 INFO  no build target found for C:\Users\dizah\Documents\GitHub\The-Paradigm-Facility\TheParadigmFacility\src\ui\BackgroundLoop.java. Using fallback presentation compiler.
2026.09.20 09:26:33 INFO  no build target found for C:\Users\dizah\Documents\GitHub\The-Paradigm-Facility\TheParadigmFacility\src\ui\BackgroundLoop.java. Using fallback presentation compiler.
Sep 20, 2026 9:26:33 AM org.eclipse.lsp4j.jsonrpc.RemoteEndpoint handleCancellation
WARNING: Unmatched cancel notification for request id 88
2026.09.20 09:26:33 INFO  no build target found for C:\Users\dizah\Documents\GitHub\The-Paradigm-Facility\TheParadigmFacility\src\ui\BackgroundLoop.java. Using fallback presentation compiler.
2026.09.20 09:26:35 INFO  no build target found for C:\Users\dizah\Documents\GitHub\The-Paradigm-Facility\TheParadigmFacility\src\ui\BackgroundLoop.java. Using fallback presentation compiler.
2026.09.20 09:37:44 INFO  no build target found for C:\Users\dizah\Documents\GitHub\The-Paradigm-Facility\TheParadigmFacility\src\ui\BackgroundLoop.java. Using fallback presentation compiler.
Sep 20, 2026 9:37:44 AM org.eclipse.lsp4j.jsonrpc.RemoteEndpoint handleCancellation
WARNING: Unmatched cancel notification for request id 95
2026.09.20 09:37:44 INFO  no build target found for C:\Users\dizah\Documents\GitHub\The-Paradigm-Facility\TheParadigmFacility\src\ui\BackgroundLoop.java. Using fallback presentation compiler.
Sep 20, 2026 9:38:30 AM org.eclipse.lsp4j.jsonrpc.services.GenericEndpoint notify
INFO: Unsupported notification method: $/setTrace
Sep 20, 2026 9:47:10 AM org.eclipse.lsp4j.jsonrpc.services.GenericEndpoint notify
INFO: Unsupported notification method: $/setTrace
2026.09.20 09:48:43 INFO  Shutting down server
2026.09.20 09:48:43 INFO  Memory monitor stopped
2026.09.20 09:48:43 INFO  shutting down Metals
2026.09.20 09:48:43 INFO  Exiting server
2026.09.20 09:49:17 INFO  Started: Metals version 1.6.9 in folders 'C:\Users\dizah\Documents\GitHub\The-Paradigm-Facility' for client Visual Studio Code 1.138.0.
2026.09.20 09:49:17 INFO  Memory monitor started
2026.09.20 09:49:20 WARN  Using H2 2.5.250 which is newer than the version Flyway has been verified with. The latest verified version of H2 is 2.3.232.
2026.09.20 09:49:20 INFO  no build target found for C:\Users\dizah\Documents\GitHub\The-Paradigm-Facility\TheParadigmFacility\src\ui\BackgroundLoop.java. Using fallback presentation compiler.
2026.09.20 09:49:21 WARN  no build tool detected in workspace 'C:\Users\dizah\Documents\GitHub\The-Paradigm-Facility'. The most common cause for this problem is that the editor was opened in the wrong working directory, for example if you use sbt then the workspace directory should contain build.sbt. 
2026.09.20 09:49:21 WARN  Build server is not auto-connectable.
2026.09.20 09:49:21 WARN  no build target for: C:\Users\dizah\Documents\GitHub\The-Paradigm-Facility\TheParadigmFacility\src\ui\BackgroundLoop.java
Sep 20, 2026 9:49:22 AM org.eclipse.lsp4j.jsonrpc.RemoteEndpoint handleCancellation
WARNING: Unmatched cancel notification for request id 1
2026.09.20 09:49:22 INFO  no build target found for C:\Users\dizah\Documents\GitHub\The-Paradigm-Facility\TheParadigmFacility\src\ui\BackgroundLoop.java. Using fallback presentation compiler.
Sep 20, 2026 9:49:22 AM org.eclipse.lsp4j.jsonrpc.RemoteEndpoint handleCancellation
WARNING: Unmatched cancel notification for request id 3
2026.09.20 09:49:22 INFO  no build target found for C:\Users\dizah\Documents\GitHub\The-Paradigm-Facility\TheParadigmFacility\src\ui\BackgroundLoop.java. Using fallback presentation compiler.
2026.09.20 09:49:22 INFO  no build target found for C:\Users\dizah\Documents\GitHub\The-Paradigm-Facility\TheParadigmFacility\src\ui\BackgroundLoop.java. Using fallback presentation compiler.
Sep 20, 2026 9:49:22 AM org.eclipse.lsp4j.jsonrpc.RemoteEndpoint handleCancellation
WARNING: Unmatched cancel notification for request id 6
2026.09.20 09:49:22 INFO  no build target found for C:\Users\dizah\Documents\GitHub\The-Paradigm-Facility\TheParadigmFacility\src\ui\BackgroundLoop.java. Using fallback presentation compiler.
2026.09.20 09:49:22 WARN  Running javac-semanticdb failed for file:///C:/Users/dizah/Documents/GitHub/The-Paradigm-Facility/TheParadigmFacility/src/ui/BackgroundLoop.java. Output:

Sep 20, 2026 9:49:22 AM org.eclipse.lsp4j.jsonrpc.RemoteEndpoint handleCancellation
WARNING: Unmatched cancel notification for request id 8
2026.09.20 09:49:23 INFO  no build target found for C:\Users\dizah\Documents\GitHub\The-Paradigm-Facility\TheParadigmFacility\src\ui\BackgroundLoop.java. Using fallback presentation compiler.
2026.09.20 09:49:24 INFO  no build target found for C:\Users\dizah\Documents\GitHub\The-Paradigm-Facility\TheParadigmFacility\src\ui\BackgroundLoop.java. Using fallback presentation compiler.
2026.09.20 09:49:40 INFO  no build target found for C:\Users\dizah\Documents\GitHub\The-Paradigm-Facility\TheParadigmFacility\src\ui\BackgroundLoop.java. Using fallback presentation compiler.
2026.09.20 10:02:00 INFO  no build target found for C:\Users\dizah\Documents\GitHub\The-Paradigm-Facility\TheParadigmFacility\src\ui\BackgroundLoop.java. Using fallback presentation compiler.
2026.09.20 10:04:48 INFO  no build target found for C:\Users\dizah\Documents\GitHub\The-Paradigm-Facility\TheParadigmFacility\src\ui\BackgroundLoop.java. Using fallback presentation compiler.
Sep 20, 2026 10:04:56 AM org.eclipse.lsp4j.jsonrpc.RemoteEndpoint handleCancellation
WARNING: Unmatched cancel notification for request id 41
Sep 20, 2026 10:04:56 AM org.eclipse.lsp4j.jsonrpc.RemoteEndpoint handleCancellation
WARNING: Unmatched cancel notification for request id 42
2026.09.20 10:08:42 INFO  no build target found for C:\Users\dizah\Documents\GitHub\The-Paradigm-Facility\TheParadigmFacility\src\ui\BackgroundLoop.java. Using fallback presentation compiler.
2026.09.20 10:08:43 WARN  no build target for: C:\Users\dizah\Documents\GitHub\The-Paradigm-Facility\TheParadigmFacility\src\ui\BackgroundLoop.java
2026.09.20 10:08:43 INFO  no build target found for C:\Users\dizah\Documents\GitHub\The-Paradigm-Facility\TheParadigmFacility\src\ui\BackgroundLoop.java. Using fallback presentation compiler.
2026.09.20 10:08:59 INFO  no build target found for C:\Users\dizah\Documents\GitHub\The-Paradigm-Facility\TheParadigmFacility\src\ui\BackgroundLoop.java. Using fallback presentation compiler.
2026.09.20 10:09:00 WARN  no build target for: C:\Users\dizah\Documents\GitHub\The-Paradigm-Facility\TheParadigmFacility\src\ui\BackgroundLoop.java
Sep 20, 2026 10:09:00 AM org.eclipse.lsp4j.jsonrpc.RemoteEndpoint handleCancellation
WARNING: Unmatched cancel notification for request id 61
2026.09.20 10:08:59 INFO  no build target found for C:\Users\dizah\Documents\GitHub\The-Paradigm-Facility\TheParadigmFacility\src\ui\BackgroundLoop.java. Using fallback presentation compiler.
2026.09.20 10:08:59 INFO  no build target found for C:\Users\dizah\Documents\GitHub\The-Paradigm-Facility\TheParadigmFacility\src\ui\BackgroundLoop.java. Using fallback presentation compiler.
2026.09.20 10:09:00 INFO  no build target found for C:\Users\dizah\Documents\GitHub\The-Paradigm-Facility\TheParadigmFacility\src\ui\BackgroundLoop.java. Using fallback presentation compiler.
2026.09.20 10:11:33 INFO  Shutting down server
2026.09.20 10:11:33 INFO  Memory monitor stopped
2026.09.20 10:11:33 INFO  shutting down Metals
2026.09.20 10:11:33 INFO  Exiting server
2026.09.20 10:25:27 INFO  Started: Metals version 1.6.9 in folders 'C:\Users\dizah\Documents\GitHub\The-Paradigm-Facility' for client Visual Studio Code 1.138.0.
2026.09.20 10:25:27 INFO  Memory monitor started
2026.09.20 10:25:30 WARN  Using H2 2.5.250 which is newer than the version Flyway has been verified with. The latest verified version of H2 is 2.3.232.
2026.09.20 10:25:32 WARN  no build tool detected in workspace 'C:\Users\dizah\Documents\GitHub\The-Paradigm-Facility'. The most common cause for this problem is that the editor was opened in the wrong working directory, for example if you use sbt then the workspace directory should contain build.sbt. 
2026.09.20 10:25:32 WARN  Build server is not auto-connectable.
2026.09.20 10:25:32 WARN  no build target for: C:\Users\dizah\Documents\GitHub\The-Paradigm-Facility\TheParadigmFacility\src\ui\BackgroundLoop.java
2026.09.20 10:28:21 WARN  no build target for: C:\Users\dizah\Documents\GitHub\The-Paradigm-Facility\TheParadigmFacility\src\Main.java
2026.09.20 10:28:21 INFO  no build target found for C:\Users\dizah\Documents\GitHub\The-Paradigm-Facility\TheParadigmFacility\src\Main.java. Using fallback presentation compiler.
2026.09.20 10:28:21 WARN  Running javac-semanticdb failed for file:///C:/Users/dizah/Documents/GitHub/The-Paradigm-Facility/TheParadigmFacility/src/Main.java. Output:

2026.09.20 10:28:24 INFO  no build target found for C:\Users\dizah\Documents\GitHub\The-Paradigm-Facility\TheParadigmFacility\src\Main.java. Using fallback presentation compiler.
2026.09.20 10:28:26 INFO  no build target found for C:\Users\dizah\Documents\GitHub\The-Paradigm-Facility\TheParadigmFacility\src\Main.java. Using fallback presentation compiler.
2026.09.20 10:28:27 INFO  no build target found for C:\Users\dizah\Documents\GitHub\The-Paradigm-Facility\TheParadigmFacility\src\Main.java. Using fallback presentation compiler.
2026.09.20 10:28:27 WARN  Running javac-semanticdb failed for file:///C:/Users/dizah/Documents/GitHub/The-Paradigm-Facility/TheParadigmFacility/src/Main.java. Output:

2026.09.20 10:28:29 INFO  no build target found for C:\Users\dizah\Documents\GitHub\The-Paradigm-Facility\TheParadigmFacility\src\Main.java. Using fallback presentation compiler.
2026.09.20 10:28:29 INFO  no build target found for C:\Users\dizah\Documents\GitHub\The-Paradigm-Facility\TheParadigmFacility\src\Main.java. Using fallback presentation compiler.
2026.09.20 10:28:29 INFO  no build target found for C:\Users\dizah\Documents\GitHub\The-Paradigm-Facility\TheParadigmFacility\src\Main.java. Using fallback presentation compiler.
2026.09.20 10:28:29 INFO  no build target found for C:\Users\dizah\Documents\GitHub\The-Paradigm-Facility\TheParadigmFacility\src\Main.java. Using fallback presentation compiler.
2026.09.20 10:28:31 INFO  no build target found for C:\Users\dizah\Documents\GitHub\The-Paradigm-Facility\TheParadigmFacility\src\Main.java. Using fallback presentation compiler.
2026.09.20 10:28:32 WARN  no build target for: C:\Users\dizah\Documents\GitHub\The-Paradigm-Facility\TheParadigmFacility\src\Main.java
2026.09.20 10:28:32 INFO  no build target found for C:\Users\dizah\Documents\GitHub\The-Paradigm-Facility\TheParadigmFacility\src\Main.java. Using fallback presentation compiler.
2026.09.20 10:29:35 INFO  no build target found for C:\Users\dizah\Documents\GitHub\The-Paradigm-Facility\TheParadigmFacility\src\Main.java. Using fallback presentation compiler.
2026.09.20 10:31:36 INFO  no build target found for C:\Users\dizah\Documents\GitHub\The-Paradigm-Facility\TheParadigmFacility\src\Main.java. Using fallback presentation compiler.
2026.09.20 10:31:36 INFO  no build target found for C:\Users\dizah\Documents\GitHub\The-Paradigm-Facility\TheParadigmFacility\src\Main.java. Using fallback presentation compiler.
2026.09.20 10:32:20 INFO  no build target found for C:\Users\dizah\Documents\GitHub\The-Paradigm-Facility\TheParadigmFacility\src\Main.java. Using fallback presentation compiler.
2026.09.20 10:32:20 WARN  no build target for: C:\Users\dizah\Documents\GitHub\The-Paradigm-Facility\TheParadigmFacility\src\Main.java
Sep 20, 2026 10:32:21 AM org.eclipse.lsp4j.jsonrpc.RemoteEndpoint handleCancellation
WARNING: Unmatched cancel notification for request id 36
2026.09.20 10:32:20 INFO  no build target found for C:\Users\dizah\Documents\GitHub\The-Paradigm-Facility\TheParadigmFacility\src\Main.java. Using fallback presentation compiler.
2026.09.20 10:32:20 INFO  no build target found for C:\Users\dizah\Documents\GitHub\The-Paradigm-Facility\TheParadigmFacility\src\Main.java. Using fallback presentation compiler.
2026.09.20 10:32:21 INFO  no build target found for C:\Users\dizah\Documents\GitHub\The-Paradigm-Facility\TheParadigmFacility\src\Main.java. Using fallback presentation compiler.
2026.09.20 10:32:37 INFO  no build target found for C:\Users\dizah\Documents\GitHub\The-Paradigm-Facility\TheParadigmFacility\src\Main.java. Using fallback presentation compiler.
2026.09.20 10:32:37 INFO  no build target found for C:\Users\dizah\Documents\GitHub\The-Paradigm-Facility\TheParadigmFacility\src\Main.java. Using fallback presentation compiler.
2026.09.20 10:32:37 INFO  no build target found for C:\Users\dizah\Documents\GitHub\The-Paradigm-Facility\TheParadigmFacility\src\Main.java. Using fallback presentation compiler.
2026.09.20 10:32:38 INFO  no build target found for C:\Users\dizah\Documents\GitHub\The-Paradigm-Facility\TheParadigmFacility\src\Main.java. Using fallback presentation compiler.
2026.09.20 10:32:37 INFO  Created report: Optional[file:///C:/Users/dizah/Documents/GitHub/The-Paradigm-Facility/TheParadigmFacility/src/Main.java]
2026.09.20 10:32:37 INFO  empty definition using pc, found symbol in pc: _empty_/BackgroundLoop#dispose# (full report at: "C:\Users\dizah\Documents\GitHub\The-Paradigm-Facility\.metals\.reports\metals-full\2026-09-20\r_empty-definition_10-32-38-494.md")
Sep 20, 2026 10:38:10 AM org.eclipse.lsp4j.jsonrpc.services.GenericEndpoint notify
INFO: Unsupported notification method: $/setTrace
2026.09.20 10:38:15 INFO  no build target found for C:\Users\dizah\Documents\GitHub\The-Paradigm-Facility\TheParadigmFacility\src\Main.java. Using fallback presentation compiler.
2026.09.20 10:38:16 WARN  no build target for: C:\Users\dizah\Documents\GitHub\The-Paradigm-Facility\TheParadigmFacility\src\Main.java
Sep 20, 2026 10:38:16 AM org.eclipse.lsp4j.jsonrpc.RemoteEndpoint handleCancellation
WARNING: Unmatched cancel notification for request id 49
2026.09.20 10:38:15 INFO  no build target found for C:\Users\dizah\Documents\GitHub\The-Paradigm-Facility\TheParadigmFacility\src\Main.java. Using fallback presentation compiler.
2026.09.20 10:38:15 INFO  no build target found for C:\Users\dizah\Documents\GitHub\The-Paradigm-Facility\TheParadigmFacility\src\Main.java. Using fallback presentation compiler.
2026.09.20 10:38:16 INFO  no build target found for C:\Users\dizah\Documents\GitHub\The-Paradigm-Facility\TheParadigmFacility\src\Main.java. Using fallback presentation compiler.
2026.09.20 10:38:17 INFO  no build target found for C:\Users\dizah\Documents\GitHub\The-Paradigm-Facility\TheParadigmFacility\src\Main.java. Using fallback presentation compiler.
2026.09.20 10:38:17 INFO  no build target found for C:\Users\dizah\Documents\GitHub\The-Paradigm-Facility\TheParadigmFacility\src\Main.java. Using fallback presentation compiler.
2026.09.20 10:38:18 INFO  no build target found for C:\Users\dizah\Documents\GitHub\The-Paradigm-Facility\TheParadigmFacility\src\Main.java. Using fallback presentation compiler.
2026.09.20 10:38:20 INFO  no build target found for C:\Users\dizah\Documents\GitHub\The-Paradigm-Facility\TheParadigmFacility\src\ui\BackgroundLoop.java. Using fallback presentation compiler.
2026.09.20 10:38:20 WARN  no build target for: C:\Users\dizah\Documents\GitHub\The-Paradigm-Facility\TheParadigmFacility\src\ui\BackgroundLoop.java
2026.09.20 10:38:20 INFO  no build target found for C:\Users\dizah\Documents\GitHub\The-Paradigm-Facility\TheParadigmFacility\src\ui\BackgroundLoop.java. Using fallback presentation compiler.
Sep 20, 2026 10:38:20 AM org.eclipse.lsp4j.jsonrpc.RemoteEndpoint handleCancellation
WARNING: Unmatched cancel notification for request id 62
2026.09.20 10:38:20 INFO  no build target found for C:\Users\dizah\Documents\GitHub\The-Paradigm-Facility\TheParadigmFacility\src\ui\BackgroundLoop.java. Using fallback presentation compiler.
2026.09.20 10:38:20 INFO  no build target found for C:\Users\dizah\Documents\GitHub\The-Paradigm-Facility\TheParadigmFacility\src\ui\BackgroundLoop.java. Using fallback presentation compiler.
2026.09.20 10:38:21 INFO  no build target found for C:\Users\dizah\Documents\GitHub\The-Paradigm-Facility\TheParadigmFacility\src\ui\BackgroundLoop.java. Using fallback presentation compiler.
2026.09.20 10:38:40 INFO  Shutting down server
2026.09.20 10:38:40 INFO  Memory monitor stopped
2026.09.20 10:38:40 INFO  shutting down Metals
2026.09.20 10:38:40 INFO  Exiting server
2026.09.20 10:39:24 INFO  Started: Metals version 1.6.9 in folders 'C:\Users\dizah\Documents\GitHub\The-Paradigm-Facility' for client Visual Studio Code 1.138.0.
2026.09.20 10:39:24 INFO  Memory monitor started
2026.09.20 10:39:28 WARN  Using H2 2.5.250 which is newer than the version Flyway has been verified with. The latest verified version of H2 is 2.3.232.
2026.09.20 10:39:28 INFO  no build target found for C:\Users\dizah\Documents\GitHub\The-Paradigm-Facility\TheParadigmFacility\src\ui\BackgroundLoop.java. Using fallback presentation compiler.
Sep 20, 2026 10:39:29 AM org.eclipse.lsp4j.jsonrpc.RemoteEndpoint handleCancellation
WARNING: Unmatched cancel notification for request id 2
2026.09.20 10:39:29 INFO  no build target found for C:\Users\dizah\Documents\GitHub\The-Paradigm-Facility\TheParadigmFacility\src\ui\BackgroundLoop.java. Using fallback presentation compiler.
2026.09.20 10:39:29 INFO  no build target found for C:\Users\dizah\Documents\GitHub\The-Paradigm-Facility\TheParadigmFacility\src\ui\BackgroundLoop.java. Using fallback presentation compiler.
2026.09.20 10:39:29 INFO  no build target found for C:\Users\dizah\Documents\GitHub\The-Paradigm-Facility\TheParadigmFacility\src\ui\BackgroundLoop.java. Using fallback presentation compiler.
2026.09.20 10:39:30 WARN  no build tool detected in workspace 'C:\Users\dizah\Documents\GitHub\The-Paradigm-Facility'. The most common cause for this problem is that the editor was opened in the wrong working directory, for example if you use sbt then the workspace directory should contain build.sbt. 
2026.09.20 10:39:30 WARN  Build server is not auto-connectable.
2026.09.20 10:39:30 WARN  no build target for: C:\Users\dizah\Documents\GitHub\The-Paradigm-Facility\TheParadigmFacility\src\ui\BackgroundLoop.java
2026.09.20 10:39:30 INFO  no build target found for C:\Users\dizah\Documents\GitHub\The-Paradigm-Facility\TheParadigmFacility\src\ui\BackgroundLoop.java. Using fallback presentation compiler.
2026.09.20 10:39:36 WARN  no build target for: C:\Users\dizah\Documents\GitHub\The-Paradigm-Facility\TheParadigmFacility\src\Main.java
2026.09.20 10:39:36 INFO  time: code lens generation in 5.37s
2026.09.20 10:39:36 INFO  no build target found for C:\Users\dizah\Documents\GitHub\The-Paradigm-Facility\TheParadigmFacility\src\Main.java. Using fallback presentation compiler.
Sep 20, 2026 10:39:36 AM org.eclipse.lsp4j.jsonrpc.RemoteEndpoint handleCancellation
WARNING: Unmatched cancel notification for request id 11
2026.09.20 10:39:36 INFO  no build target found for C:\Users\dizah\Documents\GitHub\The-Paradigm-Facility\TheParadigmFacility\src\Main.java. Using fallback presentation compiler.
2026.09.20 10:39:36 INFO  no build target found for C:\Users\dizah\Documents\GitHub\The-Paradigm-Facility\TheParadigmFacility\src\Main.java. Using fallback presentation compiler.
2026.09.20 10:39:38 INFO  time: code lens generation in 1.98s
2026.09.20 10:39:39 INFO  no build target found for C:\Users\dizah\Documents\GitHub\The-Paradigm-Facility\TheParadigmFacility\src\Main.java. Using fallback presentation compiler.
2026.09.20 10:39:42 INFO  no build target found for C:\Users\dizah\Documents\GitHub\The-Paradigm-Facility\TheParadigmFacility\src\Main.java. Using fallback presentation compiler.
2026.09.20 10:39:44 INFO  no build target found for C:\Users\dizah\Documents\GitHub\The-Paradigm-Facility\TheParadigmFacility\src\Main.java. Using fallback presentation compiler.
2026.09.20 10:39:45 INFO  no build target found for C:\Users\dizah\Documents\GitHub\The-Paradigm-Facility\TheParadigmFacility\src\Main.java. Using fallback presentation compiler.
2026.09.20 10:39:46 INFO  no build target found for C:\Users\dizah\Documents\GitHub\The-Paradigm-Facility\TheParadigmFacility\src\Main.java. Using fallback presentation compiler.
2026.09.20 10:39:56 INFO  no build target found for C:\Users\dizah\Documents\GitHub\The-Paradigm-Facility\TheParadigmFacility\src\Main.java. Using fallback presentation compiler.
Sep 20, 2026 10:39:57 AM org.eclipse.lsp4j.jsonrpc.RemoteEndpoint handleCancellation
WARNING: Unmatched cancel notification for request id 29
2026.09.20 10:40:22 INFO  no build target found for C:\Users\dizah\Documents\GitHub\The-Paradigm-Facility\TheParadigmFacility\src\Main.java. Using fallback presentation compiler.
2026.09.20 10:40:22 INFO  no build target found for C:\Users\dizah\Documents\GitHub\The-Paradigm-Facility\TheParadigmFacility\src\Main.java. Using fallback presentation compiler.
2026.09.20 10:40:23 INFO  no build target found for C:\Users\dizah\Documents\GitHub\The-Paradigm-Facility\TheParadigmFacility\src\Main.java. Using fallback presentation compiler.
2026.09.20 10:40:23 INFO  no build target found for C:\Users\dizah\Documents\GitHub\The-Paradigm-Facility\TheParadigmFacility\src\Main.java. Using fallback presentation compiler.
2026.09.20 10:40:25 INFO  no build target found for C:\Users\dizah\Documents\GitHub\The-Paradigm-Facility\TheParadigmFacility\src\Main.java. Using fallback presentation compiler.
2026.09.20 10:40:25 INFO  no build target found for C:\Users\dizah\Documents\GitHub\The-Paradigm-Facility\TheParadigmFacility\src\Main.java. Using fallback presentation compiler.
2026.09.20 10:40:25 INFO  no build target found for C:\Users\dizah\Documents\GitHub\The-Paradigm-Facility\TheParadigmFacility\src\Main.java. Using fallback presentation compiler.
2026.09.20 10:40:26 INFO  no build target found for C:\Users\dizah\Documents\GitHub\The-Paradigm-Facility\TheParadigmFacility\src\Main.java. Using fallback presentation compiler.
2026.09.20 10:40:27 INFO  no build target found for C:\Users\dizah\Documents\GitHub\The-Paradigm-Facility\TheParadigmFacility\src\Main.java. Using fallback presentation compiler.
2026.09.20 10:47:12 INFO  no build target found for C:\Users\dizah\Documents\GitHub\The-Paradigm-Facility\TheParadigmFacility\src\ui\BackgroundLoop.java. Using fallback presentation compiler.
2026.09.20 10:47:12 WARN  no build target for: C:\Users\dizah\Documents\GitHub\The-Paradigm-Facility\TheParadigmFacility\src\ui\BackgroundLoop.java
Sep 20, 2026 10:47:12 AM org.eclipse.lsp4j.jsonrpc.RemoteEndpoint handleCancellation
WARNING: Unmatched cancel notification for request id 47
2026.09.20 10:47:12 INFO  no build target found for C:\Users\dizah\Documents\GitHub\The-Paradigm-Facility\TheParadigmFacility\src\ui\BackgroundLoop.java. Using fallback presentation compiler.
2026.09.20 10:47:12 INFO  no build target found for C:\Users\dizah\Documents\GitHub\The-Paradigm-Facility\TheParadigmFacility\src\ui\BackgroundLoop.java. Using fallback presentation compiler.
2026.09.20 10:47:13 INFO  no build target found for C:\Users\dizah\Documents\GitHub\The-Paradigm-Facility\TheParadigmFacility\src\ui\BackgroundLoop.java. Using fallback presentation compiler.
2026.09.20 10:47:14 INFO  no build target found for C:\Users\dizah\Documents\GitHub\The-Paradigm-Facility\TheParadigmFacility\src\ui\BackgroundLoop.java. Using fallback presentation compiler.
Sep 20, 2026 10:47:36 AM org.eclipse.lsp4j.jsonrpc.services.GenericEndpoint notify
INFO: Unsupported notification method: $/setTrace
Sep 20, 2026 10:50:00 AM org.eclipse.lsp4j.jsonrpc.services.GenericEndpoint notify
INFO: Unsupported notification method: $/setTrace
Sep 20, 2026 10:50:09 AM org.eclipse.lsp4j.jsonrpc.services.GenericEndpoint notify
INFO: Unsupported notification method: $/setTrace
2026.09.20 10:50:47 INFO  no build target found for C:\Users\dizah\Documents\GitHub\The-Paradigm-Facility\TheParadigmFacility\src\Main.java. Using fallback presentation compiler.
2026.09.20 10:50:47 WARN  no build target for: C:\Users\dizah\Documents\GitHub\The-Paradigm-Facility\TheParadigmFacility\src\Main.java
Sep 20, 2026 10:50:47 AM org.eclipse.lsp4j.jsonrpc.RemoteEndpoint handleCancellation
WARNING: Unmatched cancel notification for request id 61
2026.09.20 10:50:47 INFO  no build target found for C:\Users\dizah\Documents\GitHub\The-Paradigm-Facility\TheParadigmFacility\src\Main.java. Using fallback presentation compiler.
2026.09.20 10:50:51 INFO  no build target found for C:\Users\dizah\Documents\GitHub\The-Paradigm-Facility\TheParadigmFacility\src\Main.java. Using fallback presentation compiler.
2026.09.20 10:50:51 INFO  no build target found for C:\Users\dizah\Documents\GitHub\The-Paradigm-Facility\TheParadigmFacility\src\Main.java. Using fallback presentation compiler.
2026.09.20 10:50:51 INFO  no build target found for C:\Users\dizah\Documents\GitHub\The-Paradigm-Facility\TheParadigmFacility\src\Main.java. Using fallback presentation compiler.
2026.09.20 10:51:24 INFO  no build target found for C:\Users\dizah\Documents\GitHub\The-Paradigm-Facility\TheParadigmFacility\src\Main.java. Using fallback presentation compiler.
2026.09.20 10:51:24 INFO  no build target found for C:\Users\dizah\Documents\GitHub\The-Paradigm-Facility\TheParadigmFacility\src\Main.java. Using fallback presentation compiler.
Sep 20, 2026 10:51:26 AM org.eclipse.lsp4j.jsonrpc.RemoteEndpoint handleCancellation
WARNING: Unmatched cancel notification for request id 74
2026.09.20 10:51:26 INFO  no build target found for C:\Users\dizah\Documents\GitHub\The-Paradigm-Facility\TheParadigmFacility\src\Main.java. Using fallback presentation compiler.
2026.09.20 10:51:26 INFO  no build target found for C:\Users\dizah\Documents\GitHub\The-Paradigm-Facility\TheParadigmFacility\src\Main.java. Using fallback presentation compiler.
2026.09.20 10:51:26 INFO  no build target found for C:\Users\dizah\Documents\GitHub\The-Paradigm-Facility\TheParadigmFacility\src\Main.java. Using fallback presentation compiler.
2026.09.20 10:51:26 INFO  no build target found for C:\Users\dizah\Documents\GitHub\The-Paradigm-Facility\TheParadigmFacility\src\Main.java. Using fallback presentation compiler.
2026.09.20 10:51:28 INFO  no build target found for C:\Users\dizah\Documents\GitHub\The-Paradigm-Facility\TheParadigmFacility\src\Main.java. Using fallback presentation compiler.
2026.09.20 10:51:28 INFO  no build target found for C:\Users\dizah\Documents\GitHub\The-Paradigm-Facility\TheParadigmFacility\src\Main.java. Using fallback presentation compiler.
2026.09.20 10:51:29 INFO  no build target found for C:\Users\dizah\Documents\GitHub\The-Paradigm-Facility\TheParadigmFacility\src\Main.java. Using fallback presentation compiler.
2026.09.20 10:51:28 INFO  no build target found for C:\Users\dizah\Documents\GitHub\The-Paradigm-Facility\TheParadigmFacility\src\Main.java. Using fallback presentation compiler.
2026.09.20 10:51:30 INFO  no build target found for C:\Users\dizah\Documents\GitHub\The-Paradigm-Facility\TheParadigmFacility\src\Main.java. Using fallback presentation compiler.
2026.09.20 10:51:30 INFO  Created report: Optional[file:///C:/Users/dizah/Documents/GitHub/The-Paradigm-Facility/TheParadigmFacility/src/Main.java]
2026.09.20 10:51:30 INFO  empty definition using pc, found symbol in pc: ui/BackgroundLoop# (full report at: "C:\Users\dizah\Documents\GitHub\The-Paradigm-Facility\.metals\.reports\metals-full\2026-09-20\r_empty-definition_10-51-30-852.md")
2026.09.20 10:51:31 WARN  no build target for: C:\Users\dizah\Documents\GitHub\The-Paradigm-Facility\TheParadigmFacility\src\Main.java
2026.09.20 10:51:31 INFO  no build target found for C:\Users\dizah\Documents\GitHub\The-Paradigm-Facility\TheParadigmFacility\src\Main.java. Using fallback presentation compiler.
2026.09.20 10:51:40 INFO  no build target found for C:\Users\dizah\Documents\GitHub\The-Paradigm-Facility\TheParadigmFacility\src\Main.java. Using fallback presentation compiler.
2026.09.20 10:51:40 INFO  no build target found for C:\Users\dizah\Documents\GitHub\The-Paradigm-Facility\TheParadigmFacility\src\Main.java. Using fallback presentation compiler.
2026.09.20 10:51:44 INFO  no build target found for C:\Users\dizah\Documents\GitHub\The-Paradigm-Facility\TheParadigmFacility\src\Main.java. Using fallback presentation compiler.
2026.09.20 10:51:44 INFO  no build target found for C:\Users\dizah\Documents\GitHub\The-Paradigm-Facility\TheParadigmFacility\src\Main.java. Using fallback presentation compiler.
2026.09.20 10:51:52 INFO  Shutting down server
2026.09.20 10:51:52 INFO  Memory monitor stopped
2026.09.20 10:51:52 INFO  shutting down Metals
2026.09.20 10:51:52 INFO  Exiting server
2026.09.20 10:52:34 INFO  Started: Metals version 1.6.9 in folders 'C:\Users\dizah\Documents\GitHub\The-Paradigm-Facility' for client Visual Studio Code 1.138.0.
2026.09.20 10:52:34 INFO  Memory monitor started
2026.09.20 10:52:38 WARN  Using H2 2.5.250 which is newer than the version Flyway has been verified with. The latest verified version of H2 is 2.3.232.
2026.09.20 10:52:40 WARN  no build tool detected in workspace 'C:\Users\dizah\Documents\GitHub\The-Paradigm-Facility'. The most common cause for this problem is that the editor was opened in the wrong working directory, for example if you use sbt then the workspace directory should contain build.sbt. 
2026.09.20 10:52:40 WARN  Build server is not auto-connectable.
2026.09.20 10:52:40 WARN  no build target for: C:\Users\dizah\Documents\GitHub\The-Paradigm-Facility\TheParadigmFacility\src\Main.java
2026.09.20 10:52:47 INFO  no build target found for C:\Users\dizah\Documents\GitHub\The-Paradigm-Facility\TheParadigmFacility\src\Main.java. Using fallback presentation compiler.
2026.09.20 10:52:52 WARN  no build target for: C:\Users\dizah\Documents\GitHub\The-Paradigm-Facility\TheParadigmFacility\src\Main.java
Sep 20, 2026 10:52:52 AM org.eclipse.lsp4j.jsonrpc.RemoteEndpoint handleCancellation
WARNING: Unmatched cancel notification for request id 1
2026.09.20 10:52:52 INFO  no build target found for C:\Users\dizah\Documents\GitHub\The-Paradigm-Facility\TheParadigmFacility\src\Main.java. Using fallback presentation compiler.
Sep 20, 2026 10:52:53 AM org.eclipse.lsp4j.jsonrpc.RemoteEndpoint handleCancellation
WARNING: Unmatched cancel notification for request id 3
2026.09.20 10:52:53 INFO  no build target found for C:\Users\dizah\Documents\GitHub\The-Paradigm-Facility\TheParadigmFacility\src\Main.java. Using fallback presentation compiler.
2026.09.20 10:52:54 INFO  no build target found for C:\Users\dizah\Documents\GitHub\The-Paradigm-Facility\TheParadigmFacility\src\Main.java. Using fallback presentation compiler.
Sep 20, 2026 10:52:56 AM org.eclipse.lsp4j.jsonrpc.RemoteEndpoint handleCancellation
WARNING: Unmatched cancel notification for request id 6
2026.09.20 10:52:56 INFO  no build target found for C:\Users\dizah\Documents\GitHub\The-Paradigm-Facility\TheParadigmFacility\src\Main.java. Using fallback presentation compiler.
Sep 20, 2026 10:52:56 AM org.eclipse.lsp4j.jsonrpc.RemoteEndpoint handleCancellation
WARNING: Unmatched cancel notification for request id 8
Sep 20, 2026 10:52:56 AM org.eclipse.lsp4j.jsonrpc.RemoteEndpoint handleCancellation
WARNING: Unmatched cancel notification for request id 11
2026.09.20 10:52:57 INFO  no build target found for C:\Users\dizah\Documents\GitHub\The-Paradigm-Facility\TheParadigmFacility\src\Main.java. Using fallback presentation compiler.
2026.09.20 10:52:58 INFO  no build target found for C:\Users\dizah\Documents\GitHub\The-Paradigm-Facility\TheParadigmFacility\src\Main.java. Using fallback presentation compiler.
Sep 20, 2026 11:01:35 AM org.eclipse.lsp4j.jsonrpc.services.GenericEndpoint notify
INFO: Unsupported notification method: $/setTrace
2026.09.20 11:01:57 INFO  Shutting down server
2026.09.20 11:01:57 INFO  Memory monitor stopped
2026.09.20 11:01:57 INFO  shutting down Metals
2026.09.20 11:01:57 INFO  Exiting server
2026.09.20 11:02:41 INFO  Started: Metals version 1.6.9 in folders 'C:\Users\dizah\Documents\GitHub\The-Paradigm-Facility' for client Visual Studio Code 1.138.0.
2026.09.20 11:02:41 INFO  Memory monitor started
2026.09.20 11:02:46 WARN  Using H2 2.5.250 which is newer than the version Flyway has been verified with. The latest verified version of H2 is 2.3.232.
2026.09.20 11:02:46 INFO  no build target found for C:\Users\dizah\Documents\GitHub\The-Paradigm-Facility\TheParadigmFacility\src\Main.java. Using fallback presentation compiler.
Sep 20, 2026 11:02:47 AM org.eclipse.lsp4j.jsonrpc.RemoteEndpoint handleCancellation
WARNING: Unmatched cancel notification for request id 2
2026.09.20 11:02:48 INFO  no build target found for C:\Users\dizah\Documents\GitHub\The-Paradigm-Facility\TheParadigmFacility\src\Main.java. Using fallback presentation compiler.
2026.09.20 11:02:48 INFO  no build target found for C:\Users\dizah\Documents\GitHub\The-Paradigm-Facility\TheParadigmFacility\src\Main.java. Using fallback presentation compiler.
2026.09.20 11:02:48 INFO  no build target found for C:\Users\dizah\Documents\GitHub\The-Paradigm-Facility\TheParadigmFacility\src\Main.java. Using fallback presentation compiler.
2026.09.20 11:02:48 WARN  no build tool detected in workspace 'C:\Users\dizah\Documents\GitHub\The-Paradigm-Facility'. The most common cause for this problem is that the editor was opened in the wrong working directory, for example if you use sbt then the workspace directory should contain build.sbt. 
2026.09.20 11:02:48 WARN  Build server is not auto-connectable.
2026.09.20 11:02:48 WARN  no build target for: C:\Users\dizah\Documents\GitHub\The-Paradigm-Facility\TheParadigmFacility\src\Main.java
2026.09.20 11:02:49 INFO  no build target found for C:\Users\dizah\Documents\GitHub\The-Paradigm-Facility\TheParadigmFacility\src\Main.java. Using fallback presentation compiler.
2026.09.20 11:02:51 INFO  time: code lens generation in 2.51s
2026.09.20 11:02:58 INFO  no build target found for C:\Users\dizah\Documents\GitHub\The-Paradigm-Facility\TheParadigmFacility\src\Main.java. Using fallback presentation compiler.
2026.09.20 11:03:03 INFO  no build target found for C:\Users\dizah\Documents\GitHub\The-Paradigm-Facility\TheParadigmFacility\src\Main.java. Using fallback presentation compiler.
2026.09.20 11:03:57 INFO  no build target found for C:\Users\dizah\Documents\GitHub\The-Paradigm-Facility\TheParadigmFacility\src\Main.java. Using fallback presentation compiler.
2026.09.20 11:04:49 WARN  no build target for: C:\Users\dizah\Documents\GitHub\The-Paradigm-Facility\TheParadigmFacility\src\ui\BackgroundLoop.java
2026.09.20 11:04:49 INFO  no build target found for C:\Users\dizah\Documents\GitHub\The-Paradigm-Facility\TheParadigmFacility\src\ui\BackgroundLoop.java. Using fallback presentation compiler.
2026.09.20 11:04:50 INFO  no build target found for C:\Users\dizah\Documents\GitHub\The-Paradigm-Facility\TheParadigmFacility\src\ui\BackgroundLoop.java. Using fallback presentation compiler.
Sep 20, 2026 11:04:50 AM org.eclipse.lsp4j.jsonrpc.RemoteEndpoint handleCancellation
WARNING: Unmatched cancel notification for request id 20
2026.09.20 11:04:49 INFO  no build target found for C:\Users\dizah\Documents\GitHub\The-Paradigm-Facility\TheParadigmFacility\src\ui\BackgroundLoop.java. Using fallback presentation compiler.
2026.09.20 11:04:50 INFO  no build target found for C:\Users\dizah\Documents\GitHub\The-Paradigm-Facility\TheParadigmFacility\src\ui\BackgroundLoop.java. Using fallback presentation compiler.
2026.09.20 11:04:50 INFO  no build target found for C:\Users\dizah\Documents\GitHub\The-Paradigm-Facility\TheParadigmFacility\src\ui\BackgroundLoop.java. Using fallback presentation compiler.
2026.09.20 11:04:53 INFO  no build target found for C:\Users\dizah\Documents\GitHub\The-Paradigm-Facility\TheParadigmFacility\src\ui\BackgroundLoop.java. Using fallback presentation compiler.
2026.09.20 11:04:56 INFO  no build target found for C:\Users\dizah\Documents\GitHub\The-Paradigm-Facility\TheParadigmFacility\src\ui\BackgroundLoop.java. Using fallback presentation compiler.
2026.09.20 11:05:00 INFO  no build target found for C:\Users\dizah\Documents\GitHub\The-Paradigm-Facility\TheParadigmFacility\src\ui\BackgroundLoop.java. Using fallback presentation compiler.
2026.09.20 11:05:03 INFO  no build target found for C:\Users\dizah\Documents\GitHub\The-Paradigm-Facility\TheParadigmFacility\src\ui\BackgroundLoop.java. Using fallback presentation compiler.
2026.09.20 11:05:03 INFO  no build target found for C:\Users\dizah\Documents\GitHub\The-Paradigm-Facility\TheParadigmFacility\src\ui\BackgroundLoop.java. Using fallback presentation compiler.
2026.09.20 11:05:05 INFO  no build target found for C:\Users\dizah\Documents\GitHub\The-Paradigm-Facility\TheParadigmFacility\src\ui\BackgroundLoop.java. Using fallback presentation compiler.
2026.09.20 11:05:21 INFO  no build target found for C:\Users\dizah\Documents\GitHub\The-Paradigm-Facility\TheParadigmFacility\src\ui\BackgroundLoop.java. Using fallback presentation compiler.
2026.09.20 11:05:26 INFO  no build target found for C:\Users\dizah\Documents\GitHub\The-Paradigm-Facility\TheParadigmFacility\src\ui\BackgroundLoop.java. Using fallback presentation compiler.
Sep 20, 2026 11:05:26 AM org.eclipse.lsp4j.jsonrpc.RemoteEndpoint handleCancellation
WARNING: Unmatched cancel notification for request id 64
2026.09.20 11:05:26 INFO  no build target found for C:\Users\dizah\Documents\GitHub\The-Paradigm-Facility\TheParadigmFacility\src\ui\BackgroundLoop.java. Using fallback presentation compiler.
2026.09.20 11:05:39 INFO  no build target found for C:\Users\dizah\Documents\GitHub\The-Paradigm-Facility\TheParadigmFacility\src\ui\BackgroundLoop.java. Using fallback presentation compiler.
2026.09.20 11:05:39 INFO  no build target found for C:\Users\dizah\Documents\GitHub\The-Paradigm-Facility\TheParadigmFacility\src\ui\BackgroundLoop.java. Using fallback presentation compiler.
2026.09.20 11:05:43 INFO  no build target found for C:\Users\dizah\Documents\GitHub\The-Paradigm-Facility\TheParadigmFacility\src\ui\BackgroundLoop.java. Using fallback presentation compiler.
2026.09.20 11:05:43 INFO  no build target found for C:\Users\dizah\Documents\GitHub\The-Paradigm-Facility\TheParadigmFacility\src\ui\BackgroundLoop.java. Using fallback presentation compiler.
2026.09.20 11:05:46 INFO  no build target found for C:\Users\dizah\Documents\GitHub\The-Paradigm-Facility\TheParadigmFacility\src\ui\BackgroundLoop.java. Using fallback presentation compiler.
2026.09.20 11:05:56 INFO  no build target found for C:\Users\dizah\Documents\GitHub\The-Paradigm-Facility\TheParadigmFacility\src\ui\BackgroundLoop.java. Using fallback presentation compiler.
2026.09.20 11:05:56 INFO  no build target found for C:\Users\dizah\Documents\GitHub\The-Paradigm-Facility\TheParadigmFacility\src\ui\BackgroundLoop.java. Using fallback presentation compiler.
2026.09.20 11:05:57 INFO  no build target found for C:\Users\dizah\Documents\GitHub\The-Paradigm-Facility\TheParadigmFacility\src\ui\BackgroundLoop.java. Using fallback presentation compiler.
2026.09.20 11:05:58 INFO  no build target found for C:\Users\dizah\Documents\GitHub\The-Paradigm-Facility\TheParadigmFacility\src\ui\BackgroundLoop.java. Using fallback presentation compiler.
2026.09.20 11:05:58 INFO  no build target found for C:\Users\dizah\Documents\GitHub\The-Paradigm-Facility\TheParadigmFacility\src\ui\BackgroundLoop.java. Using fallback presentation compiler.
2026.09.20 11:05:59 INFO  no build target found for C:\Users\dizah\Documents\GitHub\The-Paradigm-Facility\TheParadigmFacility\src\ui\BackgroundLoop.java. Using fallback presentation compiler.
2026.09.20 11:05:59 INFO  no build target found for C:\Users\dizah\Documents\GitHub\The-Paradigm-Facility\TheParadigmFacility\src\ui\BackgroundLoop.java. Using fallback presentation compiler.
2026.09.20 11:05:59 INFO  no build target found for C:\Users\dizah\Documents\GitHub\The-Paradigm-Facility\TheParadigmFacility\src\ui\BackgroundLoop.java. Using fallback presentation compiler.
2026.09.20 11:06:01 INFO  no build target found for C:\Users\dizah\Documents\GitHub\The-Paradigm-Facility\TheParadigmFacility\src\ui\BackgroundLoop.java. Using fallback presentation compiler.
2026.09.20 11:06:01 INFO  no build target found for C:\Users\dizah\Documents\GitHub\The-Paradigm-Facility\TheParadigmFacility\src\ui\BackgroundLoop.java. Using fallback presentation compiler.
2026.09.20 11:06:01 INFO  no build target found for C:\Users\dizah\Documents\GitHub\The-Paradigm-Facility\TheParadigmFacility\src\ui\BackgroundLoop.java. Using fallback presentation compiler.
2026.09.20 11:06:01 INFO  no build target found for C:\Users\dizah\Documents\GitHub\The-Paradigm-Facility\TheParadigmFacility\src\ui\BackgroundLoop.java. Using fallback presentation compiler.
2026.09.20 11:06:02 INFO  no build target found for C:\Users\dizah\Documents\GitHub\The-Paradigm-Facility\TheParadigmFacility\src\ui\BackgroundLoop.java. Using fallback presentation compiler.
2026.09.20 11:06:02 INFO  no build target found for C:\Users\dizah\Documents\GitHub\The-Paradigm-Facility\TheParadigmFacility\src\ui\BackgroundLoop.java. Using fallback presentation compiler.
2026.09.20 11:06:03 INFO  no build target found for C:\Users\dizah\Documents\GitHub\The-Paradigm-Facility\TheParadigmFacility\src\ui\BackgroundLoop.java. Using fallback presentation compiler.
Sep 20, 2026 11:06:03 AM org.eclipse.lsp4j.jsonrpc.RemoteEndpoint handleCancellation
WARNING: Unmatched cancel notification for request id 100
2026.09.20 11:06:03 INFO  no build target found for C:\Users\dizah\Documents\GitHub\The-Paradigm-Facility\TheParadigmFacility\src\ui\BackgroundLoop.java. Using fallback presentation compiler.
2026.09.20 11:06:03 INFO  no build target found for C:\Users\dizah\Documents\GitHub\The-Paradigm-Facility\TheParadigmFacility\src\ui\BackgroundLoop.java. Using fallback presentation compiler.
2026.09.20 11:06:03 INFO  no build target found for C:\Users\dizah\Documents\GitHub\The-Paradigm-Facility\TheParadigmFacility\src\ui\BackgroundLoop.java. Using fallback presentation compiler.
2026.09.20 11:06:03 INFO  no build target found for C:\Users\dizah\Documents\GitHub\The-Paradigm-Facility\TheParadigmFacility\src\ui\BackgroundLoop.java. Using fallback presentation compiler.
2026.09.20 11:06:03 INFO  no build target found for C:\Users\dizah\Documents\GitHub\The-Paradigm-Facility\TheParadigmFacility\src\ui\BackgroundLoop.java. Using fallback presentation compiler.
2026.09.20 11:06:04 INFO  no build target found for C:\Users\dizah\Documents\GitHub\The-Paradigm-Facility\TheParadigmFacility\src\ui\BackgroundLoop.java. Using fallback presentation compiler.
2026.09.20 11:06:05 INFO  no build target found for C:\Users\dizah\Documents\GitHub\The-Paradigm-Facility\TheParadigmFacility\src\ui\BackgroundLoop.java. Using fallback presentation compiler.
2026.09.20 11:06:05 INFO  no build target found for C:\Users\dizah\Documents\GitHub\The-Paradigm-Facility\TheParadigmFacility\src\ui\BackgroundLoop.java. Using fallback presentation compiler.
2026.09.20 11:06:05 WARN  no build target for: C:\Users\dizah\Documents\GitHub\The-Paradigm-Facility\TheParadigmFacility\src\ui\BackgroundLoop.java
2026.09.20 11:06:06 INFO  no build target found for C:\Users\dizah\Documents\GitHub\The-Paradigm-Facility\TheParadigmFacility\src\ui\BackgroundLoop.java. Using fallback presentation compiler.
2026.09.20 11:06:06 INFO  Created report: Optional[file:///C:/Users/dizah/Documents/GitHub/The-Paradigm-Facility/TheParadigmFacility/src/ui/BackgroundLoop.java]
2026.09.20 11:06:06 INFO  Created report: Optional[file:///C:/Users/dizah/Documents/GitHub/The-Paradigm-Facility/TheParadigmFacility/src/ui/BackgroundLoop.java]
2026.09.20 11:06:06 INFO  empty definition using pc, found symbol in pc: _empty_/MediaPlayer#setOnError# (full report at: "C:\Users\dizah\Documents\GitHub\The-Paradigm-Facility\.metals\.reports\metals-full\2026-09-20\r_empty-definition_11-06-06-523.md")
2026.09.20 11:06:06 INFO  empty definition using pc, found symbol in pc: _empty_/MediaPlayer# (full report at: "C:\Users\dizah\Documents\GitHub\The-Paradigm-Facility\.metals\.reports\metals-full\2026-09-20\r_empty-definition_11-06-06-419.md")
2026.09.20 11:06:21 INFO  no build target found for C:\Users\dizah\Documents\GitHub\The-Paradigm-Facility\TheParadigmFacility\src\ui\BackgroundLoop.java. Using fallback presentation compiler.
2026.09.20 11:08:33 INFO  no build target found for C:\Users\dizah\Documents\GitHub\The-Paradigm-Facility\TheParadigmFacility\src\ui\BackgroundLoop.java. Using fallback presentation compiler.
2026.09.20 13:20:40 INFO  no build target found for C:\Users\dizah\Documents\GitHub\The-Paradigm-Facility\TheParadigmFacility\src\Main.java. Using fallback presentation compiler.
2026.09.20 13:20:41 WARN  no build target for: C:\Users\dizah\Documents\GitHub\The-Paradigm-Facility\TheParadigmFacility\src\Main.java
Sep 20, 2026 1:20:42 PM org.eclipse.lsp4j.jsonrpc.RemoteEndpoint handleCancellation
WARNING: Unmatched cancel notification for request id 119
2026.09.20 13:20:42 INFO  no build target found for C:\Users\dizah\Documents\GitHub\The-Paradigm-Facility\TheParadigmFacility\src\Main.java. Using fallback presentation compiler.
2026.09.20 13:20:42 INFO  no build target found for C:\Users\dizah\Documents\GitHub\The-Paradigm-Facility\TheParadigmFacility\src\Main.java. Using fallback presentation compiler.
2026.09.20 13:20:42 INFO  no build target found for C:\Users\dizah\Documents\GitHub\The-Paradigm-Facility\TheParadigmFacility\src\Main.java. Using fallback presentation compiler.
2026.09.20 13:27:09 INFO  no build target found for C:\Users\dizah\Documents\GitHub\The-Paradigm-Facility\TheParadigmFacility\src\Main.java. Using fallback presentation compiler.
2026.09.20 13:27:09 WARN  no build target for: C:\Users\dizah\Documents\GitHub\The-Paradigm-Facility\TheParadigmFacility\src\Main.java
2026.09.20 13:27:09 INFO  no build target found for C:\Users\dizah\Documents\GitHub\The-Paradigm-Facility\TheParadigmFacility\src\Main.java. Using fallback presentation compiler.
Sep 20, 2026 1:27:10 PM org.eclipse.lsp4j.jsonrpc.RemoteEndpoint handleCancellation
WARNING: Unmatched cancel notification for request id 127
Sep 20, 2026 1:27:10 PM org.eclipse.lsp4j.jsonrpc.RemoteEndpoint handleCancellation
WARNING: Unmatched cancel notification for request id 128
2026.09.20 13:27:09 INFO  no build target found for C:\Users\dizah\Documents\GitHub\The-Paradigm-Facility\TheParadigmFacility\src\Main.java. Using fallback presentation compiler.
2026.09.20 13:27:10 INFO  no build target found for C:\Users\dizah\Documents\GitHub\The-Paradigm-Facility\TheParadigmFacility\src\Main.java. Using fallback presentation compiler.
2026.09.20 13:27:29 INFO  no build target found for C:\Users\dizah\Documents\GitHub\The-Paradigm-Facility\TheParadigmFacility\src\Main.java. Using fallback presentation compiler.
2026.09.20 13:29:14 INFO  no build target found for C:\Users\dizah\Documents\GitHub\The-Paradigm-Facility\TheParadigmFacility\src\Main.java. Using fallback presentation compiler.
2026.09.20 13:29:14 WARN  no build target for: C:\Users\dizah\Documents\GitHub\The-Paradigm-Facility\TheParadigmFacility\src\Main.java
Sep 20, 2026 1:29:14 PM org.eclipse.lsp4j.jsonrpc.RemoteEndpoint handleCancellation
WARNING: Unmatched cancel notification for request id 139
2026.09.20 13:29:14 INFO  no build target found for C:\Users\dizah\Documents\GitHub\The-Paradigm-Facility\TheParadigmFacility\src\Main.java. Using fallback presentation compiler.
2026.09.20 13:29:14 INFO  no build target found for C:\Users\dizah\Documents\GitHub\The-Paradigm-Facility\TheParadigmFacility\src\Main.java. Using fallback presentation compiler.
2026.09.20 13:29:14 INFO  no build target found for C:\Users\dizah\Documents\GitHub\The-Paradigm-Facility\TheParadigmFacility\src\Main.java. Using fallback presentation compiler.
2026.09.20 13:32:30 INFO  no build target found for C:\Users\dizah\Documents\GitHub\The-Paradigm-Facility\TheParadigmFacility\src\Main.java. Using fallback presentation compiler.
2026.09.20 13:32:30 INFO  no build target found for C:\Users\dizah\Documents\GitHub\The-Paradigm-Facility\TheParadigmFacility\src\Main.java. Using fallback presentation compiler.
Sep 20, 2026 1:34:03 PM org.eclipse.lsp4j.jsonrpc.services.GenericEndpoint notify
INFO: Unsupported notification method: $/setTrace
Sep 20, 2026 1:34:21 PM org.eclipse.lsp4j.jsonrpc.services.GenericEndpoint notify
INFO: Unsupported notification method: $/setTrace
2026.09.20 13:34:32 INFO  no build target found for C:\Users\dizah\Documents\GitHub\The-Paradigm-Facility\TheParadigmFacility\src\Main.java. Using fallback presentation compiler.
2026.09.20 13:34:32 WARN  no build target for: C:\Users\dizah\Documents\GitHub\The-Paradigm-Facility\TheParadigmFacility\src\Main.java
2026.09.20 13:34:32 INFO  no build target found for C:\Users\dizah\Documents\GitHub\The-Paradigm-Facility\TheParadigmFacility\src\Main.java. Using fallback presentation compiler.
2026.09.20 13:34:32 INFO  no build target found for C:\Users\dizah\Documents\GitHub\The-Paradigm-Facility\TheParadigmFacility\src\Main.java. Using fallback presentation compiler.
2026.09.20 13:34:32 INFO  no build target found for C:\Users\dizah\Documents\GitHub\The-Paradigm-Facility\TheParadigmFacility\src\Main.java. Using fallback presentation compiler.
2026.09.20 13:35:14 INFO  no build target found for C:\Users\dizah\Documents\GitHub\The-Paradigm-Facility\TheParadigmFacility\src\Main.java. Using fallback presentation compiler.
2026.09.20 13:35:30 INFO  no build target found for C:\Users\dizah\Documents\GitHub\The-Paradigm-Facility\TheParadigmFacility\src\Main.java. Using fallback presentation compiler.
2026.09.20 13:35:30 INFO  no build target found for C:\Users\dizah\Documents\GitHub\The-Paradigm-Facility\TheParadigmFacility\src\Main.java. Using fallback presentation compiler.
2026.09.20 13:35:30 INFO  no build target found for C:\Users\dizah\Documents\GitHub\The-Paradigm-Facility\TheParadigmFacility\src\Main.java. Using fallback presentation compiler.
2026.09.20 13:35:30 INFO  no build target found for C:\Users\dizah\Documents\GitHub\The-Paradigm-Facility\TheParadigmFacility\src\Main.java. Using fallback presentation compiler.
2026.09.20 13:35:44 INFO  no build target found for C:\Users\dizah\Documents\GitHub\The-Paradigm-Facility\TheParadigmFacility\src\Main.java. Using fallback presentation compiler.
2026.09.20 13:35:45 INFO  no build target found for C:\Users\dizah\Documents\GitHub\The-Paradigm-Facility\TheParadigmFacility\src\Main.java. Using fallback presentation compiler.
2026.09.20 13:35:53 INFO  no build target found for C:\Users\dizah\Documents\GitHub\The-Paradigm-Facility\TheParadigmFacility\src\Main.java. Using fallback presentation compiler.
2026.09.20 13:35:53 INFO  no build target found for C:\Users\dizah\Documents\GitHub\The-Paradigm-Facility\TheParadigmFacility\src\Main.java. Using fallback presentation compiler.
2026.09.20 13:35:53 INFO  no build target found for C:\Users\dizah\Documents\GitHub\The-Paradigm-Facility\TheParadigmFacility\src\Main.java. Using fallback presentation compiler.
2026.09.20 13:35:54 INFO  no build target found for C:\Users\dizah\Documents\GitHub\The-Paradigm-Facility\TheParadigmFacility\src\Main.java. Using fallback presentation compiler.
2026.09.20 13:35:54 INFO  no build target found for C:\Users\dizah\Documents\GitHub\The-Paradigm-Facility\TheParadigmFacility\src\Main.java. Using fallback presentation compiler.
Sep 20, 2026 1:35:55 PM org.eclipse.lsp4j.jsonrpc.RemoteEndpoint handleCancellation
WARNING: Unmatched cancel notification for request id 194
Sep 20, 2026 1:35:55 PM org.eclipse.lsp4j.jsonrpc.RemoteEndpoint handleCancellation
WARNING: Unmatched cancel notification for request id 196
2026.09.20 13:35:54 INFO  no build target found for C:\Users\dizah\Documents\GitHub\The-Paradigm-Facility\TheParadigmFacility\src\Main.java. Using fallback presentation compiler.
Sep 20, 2026 1:35:55 PM org.eclipse.lsp4j.jsonrpc.RemoteEndpoint handleCancellation
WARNING: Unmatched cancel notification for request id 195
2026.09.20 13:35:56 INFO  no build target found for C:\Users\dizah\Documents\GitHub\The-Paradigm-Facility\TheParadigmFacility\src\Main.java. Using fallback presentation compiler.
2026.09.20 13:35:56 INFO  no build target found for C:\Users\dizah\Documents\GitHub\The-Paradigm-Facility\TheParadigmFacility\src\Main.java. Using fallback presentation compiler.
2026.09.20 13:35:56 INFO  no build target found for C:\Users\dizah\Documents\GitHub\The-Paradigm-Facility\TheParadigmFacility\src\Main.java. Using fallback presentation compiler.
2026.09.20 13:35:57 INFO  no build target found for C:\Users\dizah\Documents\GitHub\The-Paradigm-Facility\TheParadigmFacility\src\Main.java. Using fallback presentation compiler.
2026.09.20 13:35:57 INFO  no build target found for C:\Users\dizah\Documents\GitHub\The-Paradigm-Facility\TheParadigmFacility\src\Main.java. Using fallback presentation compiler.
2026.09.20 13:35:57 INFO  no build target found for C:\Users\dizah\Documents\GitHub\The-Paradigm-Facility\TheParadigmFacility\src\Main.java. Using fallback presentation compiler.
2026.09.20 13:35:57 INFO  no build target found for C:\Users\dizah\Documents\GitHub\The-Paradigm-Facility\TheParadigmFacility\src\Main.java. Using fallback presentation compiler.
2026.09.20 13:35:58 INFO  no build target found for C:\Users\dizah\Documents\GitHub\The-Paradigm-Facility\TheParadigmFacility\src\Main.java. Using fallback presentation compiler.
2026.09.20 13:35:58 INFO  no build target found for C:\Users\dizah\Documents\GitHub\The-Paradigm-Facility\TheParadigmFacility\src\Main.java. Using fallback presentation compiler.
2026.09.20 13:35:58 INFO  no build target found for C:\Users\dizah\Documents\GitHub\The-Paradigm-Facility\TheParadigmFacility\src\Main.java. Using fallback presentation compiler.
2026.09.20 13:35:59 WARN  no build target for: C:\Users\dizah\Documents\GitHub\The-Paradigm-Facility\TheParadigmFacility\src\Main.java
2026.09.20 13:35:59 INFO  no build target found for C:\Users\dizah\Documents\GitHub\The-Paradigm-Facility\TheParadigmFacility\src\Main.java. Using fallback presentation compiler.
2026.09.20 13:36:24 INFO  no build target found for C:\Users\dizah\Documents\GitHub\The-Paradigm-Facility\TheParadigmFacility\src\Main.java. Using fallback presentation compiler.
2026.09.20 13:36:30 INFO  no build target found for C:\Users\dizah\Documents\GitHub\The-Paradigm-Facility\TheParadigmFacility\src\Main.java. Using fallback presentation compiler.
2026.09.20 13:36:30 INFO  no build target found for C:\Users\dizah\Documents\GitHub\The-Paradigm-Facility\TheParadigmFacility\src\Main.java. Using fallback presentation compiler.
2026.09.20 13:36:30 INFO  no build target found for C:\Users\dizah\Documents\GitHub\The-Paradigm-Facility\TheParadigmFacility\src\Main.java. Using fallback presentation compiler.
2026.09.20 13:36:32 INFO  no build target found for C:\Users\dizah\Documents\GitHub\The-Paradigm-Facility\TheParadigmFacility\src\Main.java. Using fallback presentation compiler.
2026.09.20 13:36:32 INFO  no build target found for C:\Users\dizah\Documents\GitHub\The-Paradigm-Facility\TheParadigmFacility\src\Main.java. Using fallback presentation compiler.
2026.09.20 13:36:32 INFO  no build target found for C:\Users\dizah\Documents\GitHub\The-Paradigm-Facility\TheParadigmFacility\src\Main.java. Using fallback presentation compiler.
2026.09.20 13:36:33 INFO  no build target found for C:\Users\dizah\Documents\GitHub\The-Paradigm-Facility\TheParadigmFacility\src\Main.java. Using fallback presentation compiler.
2026.09.20 13:36:33 INFO  no build target found for C:\Users\dizah\Documents\GitHub\The-Paradigm-Facility\TheParadigmFacility\src\Main.java. Using fallback presentation compiler.
2026.09.20 13:36:34 INFO  no build target found for C:\Users\dizah\Documents\GitHub\The-Paradigm-Facility\TheParadigmFacility\src\Main.java. Using fallback presentation compiler.
2026.09.20 13:36:35 INFO  no build target found for C:\Users\dizah\Documents\GitHub\The-Paradigm-Facility\TheParadigmFacility\src\Main.java. Using fallback presentation compiler.
2026.09.20 13:36:35 INFO  no build target found for C:\Users\dizah\Documents\GitHub\The-Paradigm-Facility\TheParadigmFacility\src\Main.java. Using fallback presentation compiler.
2026.09.20 13:36:34 INFO  no build target found for C:\Users\dizah\Documents\GitHub\The-Paradigm-Facility\TheParadigmFacility\src\Main.java. Using fallback presentation compiler.
2026.09.20 13:36:35 INFO  no build target found for C:\Users\dizah\Documents\GitHub\The-Paradigm-Facility\TheParadigmFacility\src\Main.java. Using fallback presentation compiler.
2026.09.20 13:36:36 INFO  no build target found for C:\Users\dizah\Documents\GitHub\The-Paradigm-Facility\TheParadigmFacility\src\Main.java. Using fallback presentation compiler.
2026.09.20 13:36:36 INFO  no build target found for C:\Users\dizah\Documents\GitHub\The-Paradigm-Facility\TheParadigmFacility\src\Main.java. Using fallback presentation compiler.
2026.09.20 13:36:36 INFO  no build target found for C:\Users\dizah\Documents\GitHub\The-Paradigm-Facility\TheParadigmFacility\src\Main.java. Using fallback presentation compiler.
2026.09.20 13:36:36 INFO  no build target found for C:\Users\dizah\Documents\GitHub\The-Paradigm-Facility\TheParadigmFacility\src\Main.java. Using fallback presentation compiler.
2026.09.20 13:36:36 INFO  no build target found for C:\Users\dizah\Documents\GitHub\The-Paradigm-Facility\TheParadigmFacility\src\Main.java. Using fallback presentation compiler.
2026.09.20 13:36:37 INFO  no build target found for C:\Users\dizah\Documents\GitHub\The-Paradigm-Facility\TheParadigmFacility\src\Main.java. Using fallback presentation compiler.
2026.09.20 13:36:38 INFO  no build target found for C:\Users\dizah\Documents\GitHub\The-Paradigm-Facility\TheParadigmFacility\src\Main.java. Using fallback presentation compiler.
2026.09.20 13:36:38 INFO  no build target found for C:\Users\dizah\Documents\GitHub\The-Paradigm-Facility\TheParadigmFacility\src\Main.java. Using fallback presentation compiler.
2026.09.20 13:36:40 INFO  no build target found for C:\Users\dizah\Documents\GitHub\The-Paradigm-Facility\TheParadigmFacility\src\Main.java. Using fallback presentation compiler.
2026.09.20 13:36:40 INFO  no build target found for C:\Users\dizah\Documents\GitHub\The-Paradigm-Facility\TheParadigmFacility\src\Main.java. Using fallback presentation compiler.
2026.09.20 13:36:40 INFO  no build target found for C:\Users\dizah\Documents\GitHub\The-Paradigm-Facility\TheParadigmFacility\src\Main.java. Using fallback presentation compiler.
2026.09.20 13:36:40 INFO  no build target found for C:\Users\dizah\Documents\GitHub\The-Paradigm-Facility\TheParadigmFacility\src\Main.java. Using fallback presentation compiler.
2026.09.20 13:36:41 INFO  no build target found for C:\Users\dizah\Documents\GitHub\The-Paradigm-Facility\TheParadigmFacility\src\Main.java. Using fallback presentation compiler.
2026.09.20 13:36:41 INFO  no build target found for C:\Users\dizah\Documents\GitHub\The-Paradigm-Facility\TheParadigmFacility\src\Main.java. Using fallback presentation compiler.
2026.09.20 13:36:42 INFO  no build target found for C:\Users\dizah\Documents\GitHub\The-Paradigm-Facility\TheParadigmFacility\src\Main.java. Using fallback presentation compiler.
2026.09.20 13:36:41 INFO  no build target found for C:\Users\dizah\Documents\GitHub\The-Paradigm-Facility\TheParadigmFacility\src\Main.java. Using fallback presentation compiler.
2026.09.20 13:36:41 INFO  no build target found for C:\Users\dizah\Documents\GitHub\The-Paradigm-Facility\TheParadigmFacility\src\Main.java. Using fallback presentation compiler.
2026.09.20 13:36:41 INFO  no build target found for C:\Users\dizah\Documents\GitHub\The-Paradigm-Facility\TheParadigmFacility\src\Main.java. Using fallback presentation compiler.
2026.09.20 13:36:42 INFO  no build target found for C:\Users\dizah\Documents\GitHub\The-Paradigm-Facility\TheParadigmFacility\src\Main.java. Using fallback presentation compiler.
2026.09.20 13:36:41 INFO  no build target found for C:\Users\dizah\Documents\GitHub\The-Paradigm-Facility\TheParadigmFacility\src\Main.java. Using fallback presentation compiler.
2026.09.20 13:36:41 INFO  no build target found for C:\Users\dizah\Documents\GitHub\The-Paradigm-Facility\TheParadigmFacility\src\Main.java. Using fallback presentation compiler.
2026.09.20 13:36:42 INFO  no build target found for C:\Users\dizah\Documents\GitHub\The-Paradigm-Facility\TheParadigmFacility\src\Main.java. Using fallback presentation compiler.
2026.09.20 13:36:42 INFO  no build target found for C:\Users\dizah\Documents\GitHub\The-Paradigm-Facility\TheParadigmFacility\src\Main.java. Using fallback presentation compiler.
2026.09.20 13:36:42 INFO  no build target found for C:\Users\dizah\Documents\GitHub\The-Paradigm-Facility\TheParadigmFacility\src\Main.java. Using fallback presentation compiler.
2026.09.20 13:36:42 INFO  no build target found for C:\Users\dizah\Documents\GitHub\The-Paradigm-Facility\TheParadigmFacility\src\Main.java. Using fallback presentation compiler.
2026.09.20 13:36:43 INFO  no build target found for C:\Users\dizah\Documents\GitHub\The-Paradigm-Facility\TheParadigmFacility\src\Main.java. Using fallback presentation compiler.
2026.09.20 13:36:42 INFO  no build target found for C:\Users\dizah\Documents\GitHub\The-Paradigm-Facility\TheParadigmFacility\src\Main.java. Using fallback presentation compiler.
2026.09.20 13:36:42 INFO  no build target found for C:\Users\dizah\Documents\GitHub\The-Paradigm-Facility\TheParadigmFacility\src\Main.java. Using fallback presentation compiler.
2026.09.20 13:36:42 INFO  no build target found for C:\Users\dizah\Documents\GitHub\The-Paradigm-Facility\TheParadigmFacility\src\Main.java. Using fallback presentation compiler.
2026.09.20 13:36:42 INFO  no build target found for C:\Users\dizah\Documents\GitHub\The-Paradigm-Facility\TheParadigmFacility\src\Main.java. Using fallback presentation compiler.
2026.09.20 13:36:42 INFO  no build target found for C:\Users\dizah\Documents\GitHub\The-Paradigm-Facility\TheParadigmFacility\src\Main.java. Using fallback presentation compiler.
2026.09.20 13:36:42 INFO  no build target found for C:\Users\dizah\Documents\GitHub\The-Paradigm-Facility\TheParadigmFacility\src\Main.java. Using fallback presentation compiler.
2026.09.20 13:36:44 INFO  no build target found for C:\Users\dizah\Documents\GitHub\The-Paradigm-Facility\TheParadigmFacility\src\Main.java. Using fallback presentation compiler.
2026.09.20 13:36:44 INFO  no build target found for C:\Users\dizah\Documents\GitHub\The-Paradigm-Facility\TheParadigmFacility\src\Main.java. Using fallback presentation compiler.
2026.09.20 13:36:44 INFO  no build target found for C:\Users\dizah\Documents\GitHub\The-Paradigm-Facility\TheParadigmFacility\src\Main.java. Using fallback presentation compiler.
2026.09.20 13:36:44 INFO  no build target found for C:\Users\dizah\Documents\GitHub\The-Paradigm-Facility\TheParadigmFacility\src\Main.java. Using fallback presentation compiler.
2026.09.20 13:36:44 INFO  no build target found for C:\Users\dizah\Documents\GitHub\The-Paradigm-Facility\TheParadigmFacility\src\Main.java. Using fallback presentation compiler.
2026.09.20 13:36:44 INFO  no build target found for C:\Users\dizah\Documents\GitHub\The-Paradigm-Facility\TheParadigmFacility\src\Main.java. Using fallback presentation compiler.
2026.09.20 13:36:47 INFO  no build target found for C:\Users\dizah\Documents\GitHub\The-Paradigm-Facility\TheParadigmFacility\src\Main.java. Using fallback presentation compiler.
2026.09.20 13:36:49 INFO  no build target found for C:\Users\dizah\Documents\GitHub\The-Paradigm-Facility\TheParadigmFacility\src\Main.java. Using fallback presentation compiler.
2026.09.20 13:36:53 INFO  no build target found for C:\Users\dizah\Documents\GitHub\The-Paradigm-Facility\TheParadigmFacility\src\Main.java. Using fallback presentation compiler.
2026.09.20 13:36:57 INFO  no build target found for C:\Users\dizah\Documents\GitHub\The-Paradigm-Facility\TheParadigmFacility\src\Main.java. Using fallback presentation compiler.
2026.09.20 13:37:07 INFO  no build target found for C:\Users\dizah\Documents\GitHub\The-Paradigm-Facility\TheParadigmFacility\src\Main.java. Using fallback presentation compiler.
2026.09.20 13:37:07 INFO  no build target found for c:\Users\dizah\Documents\GitHub\The-Paradigm-Facility\TheParadigmFacility\src\Main.java. Using fallback presentation compiler.
2026.09.20 13:37:07 WARN  no build target for: C:\Users\dizah\Documents\GitHub\The-Paradigm-Facility\TheParadigmFacility\src\TitleSplash.java
2026.09.20 13:37:07 INFO  no build target found for C:\Users\dizah\Documents\GitHub\The-Paradigm-Facility\TheParadigmFacility\src\TitleSplash.java. Using fallback presentation compiler.
2026.09.20 13:37:08 INFO  no build target found for C:\Users\dizah\Documents\GitHub\The-Paradigm-Facility\TheParadigmFacility\src\TitleSplash.java. Using fallback presentation compiler.
2026.09.20 13:37:08 INFO  no build target found for C:\Users\dizah\Documents\GitHub\The-Paradigm-Facility\TheParadigmFacility\src\TitleSplash.java. Using fallback presentation compiler.
2026.09.20 13:37:09 WARN  no build target for: C:\Users\dizah\Documents\GitHub\The-Paradigm-Facility\TheParadigmFacility\src\TitleSplash.java
2026.09.20 13:37:09 INFO  no build target found for C:\Users\dizah\Documents\GitHub\The-Paradigm-Facility\TheParadigmFacility\src\TitleSplash.java. Using fallback presentation compiler.
2026.09.20 13:37:35 INFO  no build target found for C:\Users\dizah\Documents\GitHub\The-Paradigm-Facility\TheParadigmFacility\src\TitleSplash.java. Using fallback presentation compiler.
2026.09.20 13:41:15 INFO  no build target found for C:\Users\dizah\Documents\GitHub\The-Paradigm-Facility\TheParadigmFacility\src\TitleSplash.java. Using fallback presentation compiler.
2026.09.20 13:41:15 WARN  no build target for: C:\Users\dizah\Documents\GitHub\The-Paradigm-Facility\TheParadigmFacility\src\TitleSplash.java
Sep 20, 2026 1:41:15 PM org.eclipse.lsp4j.jsonrpc.RemoteEndpoint handleCancellation
WARNING: Unmatched cancel notification for request id 336
2026.09.20 13:41:15 INFO  no build target found for C:\Users\dizah\Documents\GitHub\The-Paradigm-Facility\TheParadigmFacility\src\TitleSplash.java. Using fallback presentation compiler.
Sep 20, 2026 1:41:16 PM org.eclipse.lsp4j.jsonrpc.RemoteEndpoint handleCancellation
WARNING: Unmatched cancel notification for request id 337
2026.09.20 13:41:15 INFO  no build target found for C:\Users\dizah\Documents\GitHub\The-Paradigm-Facility\TheParadigmFacility\src\TitleSplash.java. Using fallback presentation compiler.
2026.09.20 13:41:15 INFO  no build target found for C:\Users\dizah\Documents\GitHub\The-Paradigm-Facility\TheParadigmFacility\src\TitleSplash.java. Using fallback presentation compiler.
2026.09.20 13:41:15 INFO  no build target found for C:\Users\dizah\Documents\GitHub\The-Paradigm-Facility\TheParadigmFacility\src\TitleSplash.java. Using fallback presentation compiler.
2026.09.20 13:42:08 INFO  no build target found for C:\Users\dizah\Documents\GitHub\The-Paradigm-Facility\TheParadigmFacility\src\TitleSplash.java. Using fallback presentation compiler.
2026.09.20 13:42:08 WARN  no build target for: C:\Users\dizah\Documents\GitHub\The-Paradigm-Facility\TheParadigmFacility\src\TitleSplash.java
2026.09.20 13:42:08 INFO  no build target found for C:\Users\dizah\Documents\GitHub\The-Paradigm-Facility\TheParadigmFacility\src\TitleSplash.java. Using fallback presentation compiler.
Sep 20, 2026 1:42:08 PM org.eclipse.lsp4j.jsonrpc.RemoteEndpoint handleCancellation
WARNING: Unmatched cancel notification for request id 346
2026.09.20 13:42:08 INFO  no build target found for C:\Users\dizah\Documents\GitHub\The-Paradigm-Facility\TheParadigmFacility\src\TitleSplash.java. Using fallback presentation compiler.
2026.09.20 13:42:08 INFO  no build target found for C:\Users\dizah\Documents\GitHub\The-Paradigm-Facility\TheParadigmFacility\src\TitleSplash.java. Using fallback presentation compiler.
2026.09.20 13:42:40 INFO  no build target found for C:\Users\dizah\Documents\GitHub\The-Paradigm-Facility\TheParadigmFacility\src\TitleSplash.java. Using fallback presentation compiler.
2026.09.20 13:42:42 INFO  no build target found for C:\Users\dizah\Documents\GitHub\The-Paradigm-Facility\TheParadigmFacility\src\TitleSplash.java. Using fallback presentation compiler.
2026.09.20 13:42:44 INFO  no build target found for C:\Users\dizah\Documents\GitHub\The-Paradigm-Facility\TheParadigmFacility\src\TitleSplash.java. Using fallback presentation compiler.
2026.09.20 13:42:44 INFO  no build target found for C:\Users\dizah\Documents\GitHub\The-Paradigm-Facility\TheParadigmFacility\src\TitleSplash.java. Using fallback presentation compiler.
2026.09.20 13:42:45 INFO  time: code lens generation in 1.1s
2026.09.20 13:43:39 INFO  no build target found for C:\Users\dizah\Documents\GitHub\The-Paradigm-Facility\TheParadigmFacility\src\ui\BackgroundLoop.java. Using fallback presentation compiler.
2026.09.20 13:43:40 WARN  no build target for: C:\Users\dizah\Documents\GitHub\The-Paradigm-Facility\TheParadigmFacility\src\ui\BackgroundLoop.java
2026.09.20 13:43:39 INFO  no build target found for C:\Users\dizah\Documents\GitHub\The-Paradigm-Facility\TheParadigmFacility\src\ui\BackgroundLoop.java. Using fallback presentation compiler.
2026.09.20 13:43:39 INFO  no build target found for C:\Users\dizah\Documents\GitHub\The-Paradigm-Facility\TheParadigmFacility\src\ui\BackgroundLoop.java. Using fallback presentation compiler.
2026.09.20 13:43:40 INFO  no build target found for C:\Users\dizah\Documents\GitHub\The-Paradigm-Facility\TheParadigmFacility\src\ui\BackgroundLoop.java. Using fallback presentation compiler.
Sep 20, 2026 1:43:47 PM org.eclipse.lsp4j.jsonrpc.RemoteEndpoint handleCancellation
WARNING: Unmatched cancel notification for request id 388
2026.09.20 13:46:36 INFO  no build target found for C:\Users\dizah\Documents\GitHub\The-Paradigm-Facility\TheParadigmFacility\src\ui\BackgroundLoop.java. Using fallback presentation compiler.
2026.09.20 13:46:36 INFO  no build target found for C:\Users\dizah\Documents\GitHub\The-Paradigm-Facility\TheParadigmFacility\src\ui\BackgroundLoop.java. Using fallback presentation compiler.
Sep 20, 2026 1:46:37 PM org.eclipse.lsp4j.jsonrpc.RemoteEndpoint handleCancellation
WARNING: Unmatched cancel notification for request id 406
2026.09.20 13:46:36 INFO  no build target found for C:\Users\dizah\Documents\GitHub\The-Paradigm-Facility\TheParadigmFacility\src\ui\BackgroundLoop.java. Using fallback presentation compiler.
2026.09.20 13:46:38 INFO  no build target found for C:\Users\dizah\Documents\GitHub\The-Paradigm-Facility\TheParadigmFacility\src\ui\BackgroundLoop.java. Using fallback presentation compiler.
2026.09.20 13:46:38 INFO  no build target found for C:\Users\dizah\Documents\GitHub\The-Paradigm-Facility\TheParadigmFacility\src\ui\BackgroundLoop.java. Using fallback presentation compiler.
2026.09.20 13:46:39 INFO  no build target found for C:\Users\dizah\Documents\GitHub\The-Paradigm-Facility\TheParadigmFacility\src\ui\BackgroundLoop.java. Using fallback presentation compiler.
2026.09.20 13:46:40 INFO  time: code lens generation in 1.3s
2026.09.20 13:47:08 INFO  no build target found for C:\Users\dizah\Documents\GitHub\The-Paradigm-Facility\TheParadigmFacility\src\TitleSplash.java. Using fallback presentation compiler.
2026.09.20 13:47:08 WARN  no build target for: C:\Users\dizah\Documents\GitHub\The-Paradigm-Facility\TheParadigmFacility\src\TitleSplash.java
2026.09.20 13:47:09 INFO  no build target found for C:\Users\dizah\Documents\GitHub\The-Paradigm-Facility\TheParadigmFacility\src\TitleSplash.java. Using fallback presentation compiler.
2026.09.20 13:47:10 INFO  no build target found for C:\Users\dizah\Documents\GitHub\The-Paradigm-Facility\TheParadigmFacility\src\TitleSplash.java. Using fallback presentation compiler.
2026.09.20 13:47:10 INFO  no build target found for C:\Users\dizah\Documents\GitHub\The-Paradigm-Facility\TheParadigmFacility\src\TitleSplash.java. Using fallback presentation compiler.
2026.09.20 13:47:10 INFO  no build target found for C:\Users\dizah\Documents\GitHub\The-Paradigm-Facility\TheParadigmFacility\src\TitleSplash.java. Using fallback presentation compiler.
2026.09.20 13:47:10 INFO  no build target found for C:\Users\dizah\Documents\GitHub\The-Paradigm-Facility\TheParadigmFacility\src\TitleSplash.java. Using fallback presentation compiler.
2026.09.20 13:47:11 INFO  no build target found for C:\Users\dizah\Documents\GitHub\The-Paradigm-Facility\TheParadigmFacility\src\TitleSplash.java. Using fallback presentation compiler.
2026.09.20 13:47:11 INFO  no build target found for C:\Users\dizah\Documents\GitHub\The-Paradigm-Facility\TheParadigmFacility\src\TitleSplash.java. Using fallback presentation compiler.
2026.09.20 13:47:11 INFO  no build target found for C:\Users\dizah\Documents\GitHub\The-Paradigm-Facility\TheParadigmFacility\src\TitleSplash.java. Using fallback presentation compiler.
2026.09.20 13:47:12 INFO  no build target found for C:\Users\dizah\Documents\GitHub\The-Paradigm-Facility\TheParadigmFacility\src\TitleSplash.java. Using fallback presentation compiler.
2026.09.20 13:47:12 WARN  no build target for: C:\Users\dizah\Documents\GitHub\The-Paradigm-Facility\TheParadigmFacility\src\TitleSplash.java
2026.09.20 13:47:13 INFO  no build target found for C:\Users\dizah\Documents\GitHub\The-Paradigm-Facility\TheParadigmFacility\src\ui\BackgroundLoop.java. Using fallback presentation compiler.
2026.09.20 13:47:13 WARN  no build target for: C:\Users\dizah\Documents\GitHub\The-Paradigm-Facility\TheParadigmFacility\src\ui\BackgroundLoop.java
2026.09.20 13:47:13 INFO  no build target found for C:\Users\dizah\Documents\GitHub\The-Paradigm-Facility\TheParadigmFacility\src\ui\BackgroundLoop.java. Using fallback presentation compiler.
Sep 20, 2026 1:47:13 PM org.eclipse.lsp4j.jsonrpc.RemoteEndpoint handleCancellation
WARNING: Unmatched cancel notification for request id 443
2026.09.20 13:47:13 INFO  no build target found for C:\Users\dizah\Documents\GitHub\The-Paradigm-Facility\TheParadigmFacility\src\ui\BackgroundLoop.java. Using fallback presentation compiler.
2026.09.20 13:47:12 INFO  no build target found for C:\Users\dizah\Documents\GitHub\The-Paradigm-Facility\TheParadigmFacility\src\ui\BackgroundLoop.java. Using fallback presentation compiler.
2026.09.20 13:47:13 WARN  no build target for: C:\Users\dizah\Documents\GitHub\The-Paradigm-Facility\TheParadigmFacility\src\ui\BackgroundLoop.java
2026.09.20 13:47:13 INFO  no build target found for C:\Users\dizah\Documents\GitHub\The-Paradigm-Facility\TheParadigmFacility\src\ui\BackgroundLoop.java. Using fallback presentation compiler.
2026.09.20 13:47:27 INFO  no build target found for C:\Users\dizah\Documents\GitHub\The-Paradigm-Facility\TheParadigmFacility\src\TitleSplash.java. Using fallback presentation compiler.
2026.09.20 13:47:27 WARN  no build target for: C:\Users\dizah\Documents\GitHub\The-Paradigm-Facility\TheParadigmFacility\src\TitleSplash.java
2026.09.20 13:47:27 INFO  no build target found for C:\Users\dizah\Documents\GitHub\The-Paradigm-Facility\TheParadigmFacility\src\TitleSplash.java. Using fallback presentation compiler.
Sep 20, 2026 1:47:27 PM org.eclipse.lsp4j.jsonrpc.RemoteEndpoint handleCancellation
WARNING: Unmatched cancel notification for request id 457
2026.09.20 13:47:27 INFO  no build target found for C:\Users\dizah\Documents\GitHub\The-Paradigm-Facility\TheParadigmFacility\src\TitleSplash.java. Using fallback presentation compiler.
2026.09.20 13:47:27 INFO  no build target found for C:\Users\dizah\Documents\GitHub\The-Paradigm-Facility\TheParadigmFacility\src\TitleSplash.java. Using fallback presentation compiler.
2026.09.20 13:47:28 INFO  no build target found for C:\Users\dizah\Documents\GitHub\The-Paradigm-Facility\TheParadigmFacility\src\TitleSplash.java. Using fallback presentation compiler.
2026.09.20 13:47:31 INFO  no build target found for C:\Users\dizah\Documents\GitHub\The-Paradigm-Facility\TheParadigmFacility\src\TitleSplash.java. Using fallback presentation compiler.
Sep 20, 2026 1:47:31 PM org.eclipse.lsp4j.jsonrpc.RemoteEndpoint handleCancellation
WARNING: Unmatched cancel notification for request id 473
2026.09.20 13:47:32 WARN  no build target for: C:\Users\dizah\Documents\GitHub\The-Paradigm-Facility\TheParadigmFacility\src\TitleSplash.java
2026.09.20 13:47:32 INFO  no build target found for C:\Users\dizah\Documents\GitHub\The-Paradigm-Facility\TheParadigmFacility\src\TitleSplash.java. Using fallback presentation compiler.
2026.09.20 13:47:34 INFO  no build target found for C:\Users\dizah\Documents\GitHub\The-Paradigm-Facility\TheParadigmFacility\src\TitleSplash.java. Using fallback presentation compiler.
Sep 20, 2026 1:47:35 PM org.eclipse.lsp4j.jsonrpc.services.GenericEndpoint notify
INFO: Unsupported notification method: $/setTrace
2026.09.20 13:47:56 INFO  no build target found for C:\Users\dizah\Documents\GitHub\The-Paradigm-Facility\TheParadigmFacility\src\ui\BackgroundLoop.java. Using fallback presentation compiler.
2026.09.20 13:47:56 WARN  no build target for: C:\Users\dizah\Documents\GitHub\The-Paradigm-Facility\TheParadigmFacility\src\ui\BackgroundLoop.java
2026.09.20 13:47:56 INFO  no build target found for C:\Users\dizah\Documents\GitHub\The-Paradigm-Facility\TheParadigmFacility\src\ui\BackgroundLoop.java. Using fallback presentation compiler.
Sep 20, 2026 1:47:56 PM org.eclipse.lsp4j.jsonrpc.RemoteEndpoint handleCancellation
WARNING: Unmatched cancel notification for request id 480
2026.09.20 13:47:56 INFO  no build target found for C:\Users\dizah\Documents\GitHub\The-Paradigm-Facility\TheParadigmFacility\src\ui\BackgroundLoop.java. Using fallback presentation compiler.
2026.09.20 13:47:56 INFO  no build target found for C:\Users\dizah\Documents\GitHub\The-Paradigm-Facility\TheParadigmFacility\src\ui\BackgroundLoop.java. Using fallback presentation compiler.
2026.09.20 13:47:56 INFO  no build target found for C:\Users\dizah\Documents\GitHub\The-Paradigm-Facility\TheParadigmFacility\src\ui\BackgroundLoop.java. Using fallback presentation compiler.
2026.09.20 13:48:02 INFO  no build target found for C:\Users\dizah\Documents\GitHub\The-Paradigm-Facility\TheParadigmFacility\src\TitleSplash.java. Using fallback presentation compiler.
Sep 20, 2026 1:48:03 PM org.eclipse.lsp4j.jsonrpc.RemoteEndpoint handleCancellation
WARNING: Unmatched cancel notification for request id 498
2026.09.20 13:48:03 WARN  no build target for: C:\Users\dizah\Documents\GitHub\The-Paradigm-Facility\TheParadigmFacility\src\TitleSplash.java
2026.09.20 13:48:02 INFO  no build target found for C:\Users\dizah\Documents\GitHub\The-Paradigm-Facility\TheParadigmFacility\src\TitleSplash.java. Using fallback presentation compiler.
Sep 20, 2026 1:48:03 PM org.eclipse.lsp4j.jsonrpc.RemoteEndpoint handleCancellation
WARNING: Unmatched cancel notification for request id 500
2026.09.20 13:48:02 INFO  no build target found for C:\Users\dizah\Documents\GitHub\The-Paradigm-Facility\TheParadigmFacility\src\TitleSplash.java. Using fallback presentation compiler.
2026.09.20 13:48:03 INFO  no build target found for C:\Users\dizah\Documents\GitHub\The-Paradigm-Facility\TheParadigmFacility\src\TitleSplash.java. Using fallback presentation compiler.
2026.09.20 13:48:04 INFO  no build target found for C:\Users\dizah\Documents\GitHub\The-Paradigm-Facility\TheParadigmFacility\src\TitleSplash.java. Using fallback presentation compiler.
2026.09.20 13:48:51 INFO  no build target found for C:\Users\dizah\Documents\GitHub\The-Paradigm-Facility\TheParadigmFacility\src\TitleSplash.java. Using fallback presentation compiler.
2026.09.20 13:49:01 INFO  Shutting down server
2026.09.20 13:49:01 INFO  Memory monitor stopped
2026.09.20 13:49:01 INFO  shutting down Metals
2026.09.20 13:49:01 INFO  Exiting server
2026.09.20 13:49:38 INFO  Started: Metals version 1.6.9 in folders 'C:\Users\dizah\Documents\GitHub\The-Paradigm-Facility' for client Visual Studio Code 1.138.0.
2026.09.20 13:49:38 INFO  Memory monitor started
2026.09.20 13:49:42 WARN  Using H2 2.5.250 which is newer than the version Flyway has been verified with. The latest verified version of H2 is 2.3.232.
2026.09.20 13:49:42 INFO  no build target found for C:\Users\dizah\Documents\GitHub\The-Paradigm-Facility\TheParadigmFacility\src\TitleSplash.java. Using fallback presentation compiler.
Sep 20, 2026 1:49:43 PM org.eclipse.lsp4j.jsonrpc.RemoteEndpoint handleCancellation
WARNING: Unmatched cancel notification for request id 2
2026.09.20 13:49:43 INFO  no build target found for C:\Users\dizah\Documents\GitHub\The-Paradigm-Facility\TheParadigmFacility\src\TitleSplash.java. Using fallback presentation compiler.
2026.09.20 13:49:43 INFO  no build target found for C:\Users\dizah\Documents\GitHub\The-Paradigm-Facility\TheParadigmFacility\src\TitleSplash.java. Using fallback presentation compiler.
2026.09.20 13:49:43 INFO  no build target found for C:\Users\dizah\Documents\GitHub\The-Paradigm-Facility\TheParadigmFacility\src\TitleSplash.java. Using fallback presentation compiler.
2026.09.20 13:49:45 WARN  no build tool detected in workspace 'C:\Users\dizah\Documents\GitHub\The-Paradigm-Facility'. The most common cause for this problem is that the editor was opened in the wrong working directory, for example if you use sbt then the workspace directory should contain build.sbt. 
2026.09.20 13:49:45 WARN  Build server is not auto-connectable.
2026.09.20 13:49:45 WARN  no build target for: C:\Users\dizah\Documents\GitHub\The-Paradigm-Facility\TheParadigmFacility\src\TitleSplash.java
2026.09.20 13:49:45 INFO  no build target found for C:\Users\dizah\Documents\GitHub\The-Paradigm-Facility\TheParadigmFacility\src\TitleSplash.java. Using fallback presentation compiler.
2026.09.20 13:49:47 INFO  time: code lens generation in 2.1s
2026.09.20 13:49:49 INFO  no build target found for C:\Users\dizah\Documents\GitHub\The-Paradigm-Facility\TheParadigmFacility\src\TitleSplash.java. Using fallback presentation compiler.
2026.09.20 13:49:53 INFO  no build target found for C:\Users\dizah\Documents\GitHub\The-Paradigm-Facility\TheParadigmFacility\src\TitleSplash.java. Using fallback presentation compiler.
2026.09.20 13:50:13 INFO  no build target found for C:\Users\dizah\Documents\GitHub\The-Paradigm-Facility\TheParadigmFacility\src\TitleSplash.java. Using fallback presentation compiler.
Sep 20, 2026 1:50:14 PM org.eclipse.lsp4j.jsonrpc.RemoteEndpoint handleCancellation
WARNING: Unmatched cancel notification for request id 19
2026.09.20 13:52:33 INFO  no build target found for C:\Users\dizah\Documents\GitHub\The-Paradigm-Facility\TheParadigmFacility\src\ui\BackgroundLoop.java. Using fallback presentation compiler.
2026.09.20 13:52:33 WARN  no build target for: C:\Users\dizah\Documents\GitHub\The-Paradigm-Facility\TheParadigmFacility\src\ui\BackgroundLoop.java
2026.09.20 13:52:34 INFO  no build target found for C:\Users\dizah\Documents\GitHub\The-Paradigm-Facility\TheParadigmFacility\src\ui\BackgroundLoop.java. Using fallback presentation compiler.
2026.09.20 13:52:33 INFO  no build target found for C:\Users\dizah\Documents\GitHub\The-Paradigm-Facility\TheParadigmFacility\src\ui\BackgroundLoop.java. Using fallback presentation compiler.
Sep 20, 2026 1:52:34 PM org.eclipse.lsp4j.jsonrpc.RemoteEndpoint handleCancellation
WARNING: Unmatched cancel notification for request id 20
Sep 20, 2026 1:52:34 PM org.eclipse.lsp4j.jsonrpc.RemoteEndpoint handleCancellation
WARNING: Unmatched cancel notification for request id 23
2026.09.20 13:52:34 INFO  no build target found for C:\Users\dizah\Documents\GitHub\The-Paradigm-Facility\TheParadigmFacility\src\ui\BackgroundLoop.java. Using fallback presentation compiler.
Sep 20, 2026 1:52:38 PM org.eclipse.lsp4j.jsonrpc.RemoteEndpoint handleCancellation
WARNING: Unmatched cancel notification for request id 25
2026.09.20 13:52:38 INFO  no build target found for C:\Users\dizah\Documents\GitHub\The-Paradigm-Facility\TheParadigmFacility\src\ui\BackgroundLoop.java. Using fallback presentation compiler.
2026.09.20 13:52:38 INFO  no build target found for C:\Users\dizah\Documents\GitHub\The-Paradigm-Facility\TheParadigmFacility\src\ui\BackgroundLoop.java. Using fallback presentation compiler.
Sep 20, 2026 1:52:39 PM org.eclipse.lsp4j.jsonrpc.RemoteEndpoint handleCancellation
WARNING: Unmatched cancel notification for request id 26
2026.09.20 13:52:40 INFO  no build target found for C:\Users\dizah\Documents\GitHub\The-Paradigm-Facility\TheParadigmFacility\src\ui\BackgroundLoop.java. Using fallback presentation compiler.
2026.09.20 13:52:40 INFO  no build target found for C:\Users\dizah\Documents\GitHub\The-Paradigm-Facility\TheParadigmFacility\src\ui\BackgroundLoop.java. Using fallback presentation compiler.
2026.09.20 13:52:41 INFO  no build target found for C:\Users\dizah\Documents\GitHub\The-Paradigm-Facility\TheParadigmFacility\src\ui\BackgroundLoop.java. Using fallback presentation compiler.
2026.09.20 13:53:59 INFO  no build target found for C:\Users\dizah\Documents\GitHub\The-Paradigm-Facility\TheParadigmFacility\src\TitleSplash.java. Using fallback presentation compiler.
2026.09.20 13:54:00 WARN  no build target for: C:\Users\dizah\Documents\GitHub\The-Paradigm-Facility\TheParadigmFacility\src\TitleSplash.java
Sep 20, 2026 1:54:00 PM org.eclipse.lsp4j.jsonrpc.RemoteEndpoint handleCancellation
WARNING: Unmatched cancel notification for request id 41
2026.09.20 13:53:59 INFO  no build target found for C:\Users\dizah\Documents\GitHub\The-Paradigm-Facility\TheParadigmFacility\src\TitleSplash.java. Using fallback presentation compiler.
Sep 20, 2026 1:54:00 PM org.eclipse.lsp4j.jsonrpc.RemoteEndpoint handleCancellation
WARNING: Unmatched cancel notification for request id 43
2026.09.20 13:54:00 INFO  no build target found for C:\Users\dizah\Documents\GitHub\The-Paradigm-Facility\TheParadigmFacility\src\TitleSplash.java. Using fallback presentation compiler.
2026.09.20 13:54:01 INFO  no build target found for C:\Users\dizah\Documents\GitHub\The-Paradigm-Facility\TheParadigmFacility\src\TitleSplash.java. Using fallback presentation compiler.
2026.09.20 13:54:02 INFO  no build target found for C:\Users\dizah\Documents\GitHub\The-Paradigm-Facility\TheParadigmFacility\src\TitleSplash.java. Using fallback presentation compiler.
2026.09.20 13:54:39 WARN  no build target for: C:\Users\dizah\Documents\GitHub\The-Paradigm-Facility\TheParadigmFacility\src\ui\ScreenManager.java
2026.09.20 13:54:39 INFO  no build target found for C:\Users\dizah\Documents\GitHub\The-Paradigm-Facility\TheParadigmFacility\src\ui\ScreenManager.java. Using fallback presentation compiler.
2026.09.20 13:54:40 WARN  Running javac-semanticdb failed for file:///C:/Users/dizah/Documents/GitHub/The-Paradigm-Facility/TheParadigmFacility/src/ui/ScreenManager.java. Output:

2026.09.20 13:54:42 INFO  no build target found for C:\Users\dizah\Documents\GitHub\The-Paradigm-Facility\TheParadigmFacility\src\ui\ScreenManager.java. Using fallback presentation compiler.
2026.09.20 13:54:42 INFO  no build target found for C:\Users\dizah\Documents\GitHub\The-Paradigm-Facility\TheParadigmFacility\src\ui\ScreenManager.java. Using fallback presentation compiler.
2026.09.20 13:54:42 INFO  no build target found for C:\Users\dizah\Documents\GitHub\The-Paradigm-Facility\TheParadigmFacility\src\ui\ScreenManager.java. Using fallback presentation compiler.
Sep 20, 2026 1:54:42 PM org.eclipse.lsp4j.jsonrpc.RemoteEndpoint handleCancellation
WARNING: Unmatched cancel notification for request id 59
2026.09.20 13:54:42 WARN  Running javac-semanticdb failed for file:///C:/Users/dizah/Documents/GitHub/The-Paradigm-Facility/TheParadigmFacility/src/ui/ScreenManager.java. Output:

2026.09.20 13:54:44 INFO  no build target found for C:\Users\dizah\Documents\GitHub\The-Paradigm-Facility\TheParadigmFacility\src\ui\ScreenManager.java. Using fallback presentation compiler.
2026.09.20 13:54:44 INFO  no build target found for C:\Users\dizah\Documents\GitHub\The-Paradigm-Facility\TheParadigmFacility\src\ui\ScreenManager.java. Using fallback presentation compiler.
2026.09.20 13:54:44 INFO  no build target found for C:\Users\dizah\Documents\GitHub\The-Paradigm-Facility\TheParadigmFacility\src\ui\ScreenManager.java. Using fallback presentation compiler.
2026.09.20 13:54:44 WARN  Running javac-semanticdb failed for file:///C:/Users/dizah/Documents/GitHub/The-Paradigm-Facility/TheParadigmFacility/src/ui/ScreenManager.java. Output:

2026.09.20 13:54:45 INFO  no build target found for C:\Users\dizah\Documents\GitHub\The-Paradigm-Facility\TheParadigmFacility\src\ui\ScreenManager.java. Using fallback presentation compiler.
2026.09.20 13:54:45 INFO  no build target found for C:\Users\dizah\Documents\GitHub\The-Paradigm-Facility\TheParadigmFacility\src\ui\ScreenManager.java. Using fallback presentation compiler.
2026.09.20 13:54:45 INFO  no build target found for C:\Users\dizah\Documents\GitHub\The-Paradigm-Facility\TheParadigmFacility\src\ui\ScreenManager.java. Using fallback presentation compiler.
2026.09.20 13:54:45 WARN  Running javac-semanticdb failed for file:///C:/Users/dizah/Documents/GitHub/The-Paradigm-Facility/TheParadigmFacility/src/ui/ScreenManager.java. Output:

2026.09.20 13:54:48 INFO  no build target found for C:\Users\dizah\Documents\GitHub\The-Paradigm-Facility\TheParadigmFacility\src\ui\ScreenManager.java. Using fallback presentation compiler.
2026.09.20 13:54:48 WARN  no build target for: C:\Users\dizah\Documents\GitHub\The-Paradigm-Facility\TheParadigmFacility\src\ui\ScreenManager.java
2026.09.20 13:54:49 INFO  no build target found for C:\Users\dizah\Documents\GitHub\The-Paradigm-Facility\TheParadigmFacility\src\ui\ScreenManager.java. Using fallback presentation compiler.
2026.09.20 13:54:48 INFO  Created report: Optional[file:///C:/Users/dizah/Documents/GitHub/The-Paradigm-Facility/TheParadigmFacility/src/ui/ScreenManager.java]
2026.09.20 13:54:48 INFO  empty definition using pc, found symbol in pc: javax/swing/JLayeredPane# (full report at: "C:\Users\dizah\Documents\GitHub\The-Paradigm-Facility\.metals\.reports\metals-full\2026-09-20\r_empty-definition_13-54-49-508.md")
2026.09.20 13:54:55 INFO  no build target found for C:\Users\dizah\Documents\GitHub\The-Paradigm-Facility\TheParadigmFacility\src\TitleSplash.java. Using fallback presentation compiler.
2026.09.20 13:54:55 WARN  no build target for: C:\Users\dizah\Documents\GitHub\The-Paradigm-Facility\TheParadigmFacility\src\TitleSplash.java
2026.09.20 13:54:55 INFO  no build target found for C:\Users\dizah\Documents\GitHub\The-Paradigm-Facility\TheParadigmFacility\src\TitleSplash.java. Using fallback presentation compiler.
Sep 20, 2026 1:54:55 PM org.eclipse.lsp4j.jsonrpc.RemoteEndpoint handleCancellation
WARNING: Unmatched cancel notification for request id 83
2026.09.20 13:54:55 INFO  no build target found for C:\Users\dizah\Documents\GitHub\The-Paradigm-Facility\TheParadigmFacility\src\TitleSplash.java. Using fallback presentation compiler.
2026.09.20 13:54:55 INFO  no build target found for C:\Users\dizah\Documents\GitHub\The-Paradigm-Facility\TheParadigmFacility\src\TitleSplash.java. Using fallback presentation compiler.
2026.09.20 13:54:55 INFO  no build target found for C:\Users\dizah\Documents\GitHub\The-Paradigm-Facility\TheParadigmFacility\src\TitleSplash.java. Using fallback presentation compiler.
2026.09.20 13:54:56 INFO  no build target found for C:\Users\dizah\Documents\GitHub\The-Paradigm-Facility\TheParadigmFacility\src\TitleSplash.java. Using fallback presentation compiler.
2026.09.20 13:54:56 INFO  no build target found for C:\Users\dizah\Documents\GitHub\The-Paradigm-Facility\TheParadigmFacility\src\TitleSplash.java. Using fallback presentation compiler.
2026.09.20 13:54:56 INFO  Created report: Optional[file:///C:/Users/dizah/Documents/GitHub/The-Paradigm-Facility/TheParadigmFacility/src/TitleSplash.java]
2026.09.20 13:54:56 INFO  empty definition using pc, found symbol in pc: javafx/stage/Stage# (full report at: "C:\Users\dizah\Documents\GitHub\The-Paradigm-Facility\.metals\.reports\metals-full\2026-09-20\r_empty-definition_13-54-56-658.md")
2026.09.20 13:54:56 INFO  no build target found for C:\Users\dizah\Documents\GitHub\The-Paradigm-Facility\TheParadigmFacility\src\TitleSplash.java. Using fallback presentation compiler.
Sep 20, 2026 1:54:56 PM org.eclipse.lsp4j.jsonrpc.RemoteEndpoint handleCancellation
WARNING: Unmatched cancel notification for request id 91
2026.09.20 13:54:56 INFO  no build target found for C:\Users\dizah\Documents\GitHub\The-Paradigm-Facility\TheParadigmFacility\src\TitleSplash.java. Using fallback presentation compiler.
2026.09.20 13:54:56 INFO  no build target found for C:\Users\dizah\Documents\GitHub\The-Paradigm-Facility\TheParadigmFacility\src\TitleSplash.java. Using fallback presentation compiler.
2026.09.20 13:54:57 INFO  no build target found for C:\Users\dizah\Documents\GitHub\The-Paradigm-Facility\TheParadigmFacility\src\TitleSplash.java. Using fallback presentation compiler.
2026.09.20 13:54:57 INFO  no build target found for C:\Users\dizah\Documents\GitHub\The-Paradigm-Facility\TheParadigmFacility\src\TitleSplash.java. Using fallback presentation compiler.
2026.09.20 13:54:59 INFO  no build target found for C:\Users\dizah\Documents\GitHub\The-Paradigm-Facility\TheParadigmFacility\src\TitleSplash.java. Using fallback presentation compiler.
2026.09.20 13:54:59 INFO  no build target found for C:\Users\dizah\Documents\GitHub\The-Paradigm-Facility\TheParadigmFacility\src\TitleSplash.java. Using fallback presentation compiler.
2026.09.20 13:54:59 INFO  no build target found for C:\Users\dizah\Documents\GitHub\The-Paradigm-Facility\TheParadigmFacility\src\TitleSplash.java. Using fallback presentation compiler.
2026.09.20 13:54:59 INFO  no build target found for C:\Users\dizah\Documents\GitHub\The-Paradigm-Facility\TheParadigmFacility\src\TitleSplash.java. Using fallback presentation compiler.
2026.09.20 13:54:59 INFO  no build target found for C:\Users\dizah\Documents\GitHub\The-Paradigm-Facility\TheParadigmFacility\src\TitleSplash.java. Using fallback presentation compiler.
2026.09.20 13:54:59 INFO  Created report: Optional[file:///C:/Users/dizah/Documents/GitHub/The-Paradigm-Facility/TheParadigmFacility/src/TitleSplash.java]
2026.09.20 13:54:59 INFO  empty definition using pc, found symbol in pc: java/awt/Graphics2D# (full report at: "C:\Users\dizah\Documents\GitHub\The-Paradigm-Facility\.metals\.reports\metals-full\2026-09-20\r_empty-definition_13-54-59-533.md")
2026.09.20 13:55:02 INFO  no build target found for C:\Users\dizah\Documents\GitHub\The-Paradigm-Facility\TheParadigmFacility\src\TitleSplash.java. Using fallback presentation compiler.
2026.09.20 13:55:02 INFO  no build target found for C:\Users\dizah\Documents\GitHub\The-Paradigm-Facility\TheParadigmFacility\src\TitleSplash.java. Using fallback presentation compiler.
Sep 20, 2026 1:55:02 PM org.eclipse.lsp4j.jsonrpc.RemoteEndpoint handleCancellation
WARNING: Unmatched cancel notification for request id 106
2026.09.20 13:55:02 INFO  no build target found for C:\Users\dizah\Documents\GitHub\The-Paradigm-Facility\TheParadigmFacility\src\TitleSplash.java. Using fallback presentation compiler.
2026.09.20 13:55:04 INFO  no build target found for C:\Users\dizah\Documents\GitHub\The-Paradigm-Facility\TheParadigmFacility\src\TitleSplash.java. Using fallback presentation compiler.
Sep 20, 2026 1:55:04 PM org.eclipse.lsp4j.jsonrpc.RemoteEndpoint handleCancellation
WARNING: Unmatched cancel notification for request id 110
2026.09.20 13:55:22 INFO  no build target found for c:\Users\dizah\Documents\GitHub\The-Paradigm-Facility\TheParadigmFacility\src\TitleSplash.java. Using fallback presentation compiler.
2026.09.20 13:55:23 WARN  no build target for: C:\Users\dizah\Documents\GitHub\The-Paradigm-Facility\TheParadigmFacility\src\TitlePanel.java
2026.09.20 13:55:22 INFO  no build target found for C:\Users\dizah\Documents\GitHub\The-Paradigm-Facility\TheParadigmFacility\src\TitlePanel.java. Using fallback presentation compiler.
2026.09.20 13:55:22 INFO  no build target found for C:\Users\dizah\Documents\GitHub\The-Paradigm-Facility\TheParadigmFacility\src\TitlePanel.java. Using fallback presentation compiler.
2026.09.20 13:55:23 INFO  no build target found for C:\Users\dizah\Documents\GitHub\The-Paradigm-Facility\TheParadigmFacility\src\TitlePanel.java. Using fallback presentation compiler.
2026.09.20 13:55:22 INFO  no build target found for C:\Users\dizah\Documents\GitHub\The-Paradigm-Facility\TheParadigmFacility\src\TitlePanel.java. Using fallback presentation compiler.
2026.09.20 13:55:24 INFO  no build target found for C:\Users\dizah\Documents\GitHub\The-Paradigm-Facility\TheParadigmFacility\src\TitlePanel.java. Using fallback presentation compiler.
2026.09.20 13:55:25 INFO  no build target found for C:\Users\dizah\Documents\GitHub\The-Paradigm-Facility\TheParadigmFacility\src\TitlePanel.java. Using fallback presentation compiler.
2026.09.20 13:55:25 INFO  no build target found for C:\Users\dizah\Documents\GitHub\The-Paradigm-Facility\TheParadigmFacility\src\TitlePanel.java. Using fallback presentation compiler.
2026.09.20 13:55:25 WARN  no build target for: C:\Users\dizah\Documents\GitHub\The-Paradigm-Facility\TheParadigmFacility\src\TitlePanel.java
2026.09.20 13:55:25 INFO  no build target found for C:\Users\dizah\Documents\GitHub\The-Paradigm-Facility\TheParadigmFacility\src\TitlePanel.java. Using fallback presentation compiler.
2026.09.20 13:55:25 INFO  no build target found for C:\Users\dizah\Documents\GitHub\The-Paradigm-Facility\TheParadigmFacility\src\TitlePanel.java. Using fallback presentation compiler.
2026.09.20 13:55:27 INFO  no build target found for C:\Users\dizah\Documents\GitHub\The-Paradigm-Facility\TheParadigmFacility\src\TitlePanel.java. Using fallback presentation compiler.
2026.09.20 13:55:30 INFO  no build target found for C:\Users\dizah\Documents\GitHub\The-Paradigm-Facility\TheParadigmFacility\src\TitlePanel.java. Using fallback presentation compiler.
2026.09.20 13:55:33 WARN  no build target for: C:\Users\dizah\Documents\GitHub\The-Paradigm-Facility\TheParadigmFacility\src\ui\BackgroundLoop.java
2026.09.20 13:55:33 INFO  no build target found for C:\Users\dizah\Documents\GitHub\The-Paradigm-Facility\TheParadigmFacility\src\TitlePanel.java. Using fallback presentation compiler.
2026.09.20 13:55:33 INFO  no build target found for C:\Users\dizah\Documents\GitHub\The-Paradigm-Facility\TheParadigmFacility\src\TitlePanel.java. Using fallback presentation compiler.
2026.09.20 13:56:00 WARN  no build target for: C:\Users\dizah\Documents\GitHub\The-Paradigm-Facility\TheParadigmFacility\src\TitleSplash.java
2026.09.20 13:56:00 WARN  Running javac-semanticdb failed for file:///C:/Users/dizah/Documents/GitHub/The-Paradigm-Facility/TheParadigmFacility/src/TitleSplash.java. Output:

2026.09.20 13:56:00 INFO  no build target found for C:\Users\dizah\Documents\GitHub\The-Paradigm-Facility\TheParadigmFacility\src\TitleSplash.java. Using fallback presentation compiler.
2026.09.20 13:56:01 INFO  no build target found for C:\Users\dizah\Documents\GitHub\The-Paradigm-Facility\TheParadigmFacility\src\TitleSplash.java. Using fallback presentation compiler.
2026.09.20 13:56:01 INFO  no build target found for C:\Users\dizah\Documents\GitHub\The-Paradigm-Facility\TheParadigmFacility\src\TitleSplash.java. Using fallback presentation compiler.
2026.09.20 13:56:01 INFO  no build target found for C:\Users\dizah\Documents\GitHub\The-Paradigm-Facility\TheParadigmFacility\src\TitleSplash.java. Using fallback presentation compiler.
2026.09.20 13:56:02 WARN  Running javac-semanticdb failed for file:///C:/Users/dizah/Documents/GitHub/The-Paradigm-Facility/TheParadigmFacility/src/TitleSplash.java. Output:

2026.09.20 13:56:04 INFO  no build target found for C:\Users\dizah\Documents\GitHub\The-Paradigm-Facility\TheParadigmFacility\src\TitleSplash.java. Using fallback presentation compiler.
2026.09.20 13:56:04 INFO  no build target found for C:\Users\dizah\Documents\GitHub\The-Paradigm-Facility\TheParadigmFacility\src\TitleSplash.java. Using fallback presentation compiler.
Sep 20, 2026 1:56:04 PM org.eclipse.lsp4j.jsonrpc.RemoteEndpoint handleCancellation
WARNING: Unmatched cancel notification for request id 155
2026.09.20 13:56:04 INFO  no build target found for C:\Users\dizah\Documents\GitHub\The-Paradigm-Facility\TheParadigmFacility\src\TitleSplash.java. Using fallback presentation compiler.
2026.09.20 13:56:05 INFO  no build target found for C:\Users\dizah\Documents\GitHub\The-Paradigm-Facility\TheParadigmFacility\src\TitleSplash.java. Using fallback presentation compiler.
2026.09.20 13:56:05 WARN  Running javac-semanticdb failed for file:///C:/Users/dizah/Documents/GitHub/The-Paradigm-Facility/TheParadigmFacility/src/TitleSplash.java. Output:

2026.09.20 13:56:04 INFO  no build target found for C:\Users\dizah\Documents\GitHub\The-Paradigm-Facility\TheParadigmFacility\src\TitleSplash.java. Using fallback presentation compiler.
2026.09.20 13:56:05 INFO  no build target found for C:\Users\dizah\Documents\GitHub\The-Paradigm-Facility\TheParadigmFacility\src\TitleSplash.java. Using fallback presentation compiler.
2026.09.20 13:56:05 INFO  no build target found for C:\Users\dizah\Documents\GitHub\The-Paradigm-Facility\TheParadigmFacility\src\TitleSplash.java. Using fallback presentation compiler.
2026.09.20 13:56:05 WARN  Running javac-semanticdb failed for file:///C:/Users/dizah/Documents/GitHub/The-Paradigm-Facility/TheParadigmFacility/src/TitleSplash.java. Output:

2026.09.20 13:56:05 INFO  no build target found for C:\Users\dizah\Documents\GitHub\The-Paradigm-Facility\TheParadigmFacility\src\TitleSplash.java. Using fallback presentation compiler.
2026.09.20 13:56:07 INFO  no build target found for C:\Users\dizah\Documents\GitHub\The-Paradigm-Facility\TheParadigmFacility\src\TitleSplash.java. Using fallback presentation compiler.
2026.09.20 13:56:07 WARN  no build target for: C:\Users\dizah\Documents\GitHub\The-Paradigm-Facility\TheParadigmFacility\src\TitleSplash.java
2026.09.20 13:56:07 INFO  no build target found for C:\Users\dizah\Documents\GitHub\The-Paradigm-Facility\TheParadigmFacility\src\TitleSplash.java. Using fallback presentation compiler.
2026.09.20 13:56:07 INFO  no build target found for C:\Users\dizah\Documents\GitHub\The-Paradigm-Facility\TheParadigmFacility\src\TitleSplash.java. Using fallback presentation compiler.
2026.09.20 13:56:07 INFO  Created report: Optional[file:///C:/Users/dizah/Documents/GitHub/The-Paradigm-Facility/TheParadigmFacility/src/TitleSplash.java]
2026.09.20 13:56:07 INFO  empty definition using pc, found symbol in pc: java/lang/System# (full report at: "C:\Users\dizah\Documents\GitHub\The-Paradigm-Facility\.metals\.reports\metals-full\2026-09-20\r_empty-definition_13-56-07-489.md")
2026.09.20 13:56:08 INFO  no build target found for C:\Users\dizah\Documents\GitHub\The-Paradigm-Facility\TheParadigmFacility\src\TitleSplash.java. Using fallback presentation compiler.
2026.09.20 13:56:10 INFO  no build target found for C:\Users\dizah\Documents\GitHub\The-Paradigm-Facility\TheParadigmFacility\src\TitleSplash.java. Using fallback presentation compiler.
2026.09.20 13:56:10 INFO  no build target found for C:\Users\dizah\Documents\GitHub\The-Paradigm-Facility\TheParadigmFacility\src\TitleSplash.java. Using fallback presentation compiler.
2026.09.20 13:56:11 INFO  no build target found for C:\Users\dizah\Documents\GitHub\The-Paradigm-Facility\TheParadigmFacility\src\TitleSplash.java. Using fallback presentation compiler.
Sep 20, 2026 1:56:11 PM org.eclipse.lsp4j.jsonrpc.RemoteEndpoint handleCancellation
WARNING: Unmatched cancel notification for request id 180
2026.09.20 13:56:29 INFO  no build target found for C:\Users\dizah\Documents\GitHub\The-Paradigm-Facility\TheParadigmFacility\src\TitleSplash.java. Using fallback presentation compiler.
2026.09.20 13:56:29 INFO  no build target found for C:\Users\dizah\Documents\GitHub\The-Paradigm-Facility\TheParadigmFacility\src\ui\ScreenManager.java. Using fallback presentation compiler.
2026.09.20 13:56:30 WARN  no build target for: C:\Users\dizah\Documents\GitHub\The-Paradigm-Facility\TheParadigmFacility\src\ui\ScreenManager.java
2026.09.20 13:56:30 INFO  no build target found for C:\Users\dizah\Documents\GitHub\The-Paradigm-Facility\TheParadigmFacility\src\ui\ScreenManager.java. Using fallback presentation compiler.
Sep 20, 2026 1:56:30 PM org.eclipse.lsp4j.jsonrpc.RemoteEndpoint handleCancellation
WARNING: Unmatched cancel notification for request id 183
2026.09.20 13:56:30 INFO  no build target found for C:\Users\dizah\Documents\GitHub\The-Paradigm-Facility\TheParadigmFacility\src\ui\ScreenManager.java. Using fallback presentation compiler.
2026.09.20 13:56:30 INFO  no build target found for C:\Users\dizah\Documents\GitHub\The-Paradigm-Facility\TheParadigmFacility\src\ui\ScreenManager.java. Using fallback presentation compiler.
Sep 20, 2026 1:56:31 PM org.eclipse.lsp4j.jsonrpc.RemoteEndpoint handleCancellation
WARNING: Unmatched cancel notification for request id 186
Sep 20, 2026 1:56:31 PM org.eclipse.lsp4j.jsonrpc.RemoteEndpoint handleCancellation
WARNING: Unmatched cancel notification for request id 185
2026.09.20 13:56:30 INFO  no build target found for C:\Users\dizah\Documents\GitHub\The-Paradigm-Facility\TheParadigmFacility\src\TitlePanel.java. Using fallback presentation compiler.
2026.09.20 13:56:31 WARN  no build target for: C:\Users\dizah\Documents\GitHub\The-Paradigm-Facility\TheParadigmFacility\src\TitlePanel.java
2026.09.20 13:56:30 INFO  no build target found for C:\Users\dizah\Documents\GitHub\The-Paradigm-Facility\TheParadigmFacility\src\TitlePanel.java. Using fallback presentation compiler.
Sep 20, 2026 1:56:31 PM org.eclipse.lsp4j.jsonrpc.RemoteEndpoint handleCancellation
WARNING: Unmatched cancel notification for request id 190
2026.09.20 13:56:31 INFO  no build target found for C:\Users\dizah\Documents\GitHub\The-Paradigm-Facility\TheParadigmFacility\src\TitlePanel.java. Using fallback presentation compiler.
2026.09.20 13:56:30 INFO  no build target found for C:\Users\dizah\Documents\GitHub\The-Paradigm-Facility\TheParadigmFacility\src\TitlePanel.java. Using fallback presentation compiler.
2026.09.20 13:56:31 INFO  no build target found for C:\Users\dizah\Documents\GitHub\The-Paradigm-Facility\TheParadigmFacility\src\TitlePanel.java. Using fallback presentation compiler.
2026.09.20 13:56:31 INFO  no build target found for C:\Users\dizah\Documents\GitHub\The-Paradigm-Facility\TheParadigmFacility\src\TitlePanel.java. Using fallback presentation compiler.
2026.09.20 13:56:31 INFO  no build target found for C:\Users\dizah\Documents\GitHub\The-Paradigm-Facility\TheParadigmFacility\src\TitlePanel.java. Using fallback presentation compiler.
2026.09.20 13:56:35 INFO  no build target found for C:\Users\dizah\Documents\GitHub\The-Paradigm-Facility\TheParadigmFacility\src\TitlePanel.java. Using fallback presentation compiler.
2026.09.20 13:56:35 INFO  no build target found for C:\Users\dizah\Documents\GitHub\The-Paradigm-Facility\TheParadigmFacility\src\TitlePanel.java. Using fallback presentation compiler.
2026.09.20 13:56:35 INFO  no build target found for C:\Users\dizah\Documents\GitHub\The-Paradigm-Facility\TheParadigmFacility\src\TitleSplash.java. Using fallback presentation compiler.
2026.09.20 13:56:36 INFO  no build target found for C:\Users\dizah\Documents\GitHub\The-Paradigm-Facility\TheParadigmFacility\src\TitlePanel.java. Using fallback presentation compiler.
2026.09.20 13:56:36 INFO  no build target found for C:\Users\dizah\Documents\GitHub\The-Paradigm-Facility\TheParadigmFacility\src\TitlePanel.java. Using fallback presentation compiler.
2026.09.20 13:56:37 INFO  no build target found for C:\Users\dizah\Documents\GitHub\The-Paradigm-Facility\TheParadigmFacility\src\TitlePanel.java. Using fallback presentation compiler.
2026.09.20 13:56:37 INFO  no build target found for C:\Users\dizah\Documents\GitHub\The-Paradigm-Facility\TheParadigmFacility\src\TitlePanel.java. Using fallback presentation compiler.
2026.09.20 13:56:37 INFO  no build target found for C:\Users\dizah\Documents\GitHub\The-Paradigm-Facility\TheParadigmFacility\src\TitlePanel.java. Using fallback presentation compiler.
2026.09.20 13:56:38 INFO  no build target found for C:\Users\dizah\Documents\GitHub\The-Paradigm-Facility\TheParadigmFacility\src\TitlePanel.java. Using fallback presentation compiler.
2026.09.20 13:56:37 INFO  no build target found for C:\Users\dizah\Documents\GitHub\The-Paradigm-Facility\TheParadigmFacility\src\TitlePanel.java. Using fallback presentation compiler.
2026.09.20 13:56:39 INFO  no build target found for C:\Users\dizah\Documents\GitHub\The-Paradigm-Facility\TheParadigmFacility\src\TitleSplash.java. Using fallback presentation compiler.
2026.09.20 13:56:39 WARN  no build target for: C:\Users\dizah\Documents\GitHub\The-Paradigm-Facility\TheParadigmFacility\src\TitleSplash.java
2026.09.20 13:56:39 INFO  no build target found for C:\Users\dizah\Documents\GitHub\The-Paradigm-Facility\TheParadigmFacility\src\TitleSplash.java. Using fallback presentation compiler.
2026.09.20 13:56:40 INFO  no build target found for C:\Users\dizah\Documents\GitHub\The-Paradigm-Facility\TheParadigmFacility\src\TitleSplash.java. Using fallback presentation compiler.
2026.09.20 13:56:39 INFO  no build target found for C:\Users\dizah\Documents\GitHub\The-Paradigm-Facility\TheParadigmFacility\src\TitleSplash.java. Using fallback presentation compiler.
2026.09.20 13:56:39 INFO  no build target found for C:\Users\dizah\Documents\GitHub\The-Paradigm-Facility\TheParadigmFacility\src\TitleSplash.java. Using fallback presentation compiler.
2026.09.20 13:56:40 INFO  no build target found for C:\Users\dizah\Documents\GitHub\The-Paradigm-Facility\TheParadigmFacility\src\TitlePanel.java. Using fallback presentation compiler.
2026.09.20 13:56:41 WARN  no build target for: C:\Users\dizah\Documents\GitHub\The-Paradigm-Facility\TheParadigmFacility\src\TitlePanel.java
2026.09.20 13:56:40 INFO  no build target found for C:\Users\dizah\Documents\GitHub\The-Paradigm-Facility\TheParadigmFacility\src\TitlePanel.java. Using fallback presentation compiler.
2026.09.20 13:56:41 INFO  no build target found for C:\Users\dizah\Documents\GitHub\The-Paradigm-Facility\TheParadigmFacility\src\TitlePanel.java. Using fallback presentation compiler.
2026.09.20 13:56:41 INFO  no build target found for C:\Users\dizah\Documents\GitHub\The-Paradigm-Facility\TheParadigmFacility\src\TitlePanel.java. Using fallback presentation compiler.
2026.09.20 13:56:41 INFO  no build target found for C:\Users\dizah\Documents\GitHub\The-Paradigm-Facility\TheParadigmFacility\src\TitlePanel.java. Using fallback presentation compiler.
2026.09.20 13:56:41 INFO  no build target found for C:\Users\dizah\Documents\GitHub\The-Paradigm-Facility\TheParadigmFacility\src\TitlePanel.java. Using fallback presentation compiler.
2026.09.20 13:56:41 INFO  no build target found for C:\Users\dizah\Documents\GitHub\The-Paradigm-Facility\TheParadigmFacility\src\TitlePanel.java. Using fallback presentation compiler.
2026.09.20 13:56:41 INFO  no build target found for C:\Users\dizah\Documents\GitHub\The-Paradigm-Facility\TheParadigmFacility\src\TitlePanel.java. Using fallback presentation compiler.
2026.09.20 13:56:41 WARN  no build target for: C:\Users\dizah\Documents\GitHub\The-Paradigm-Facility\TheParadigmFacility\src\TitlePanel.java
2026.09.20 13:56:41 INFO  no build target found for C:\Users\dizah\Documents\GitHub\The-Paradigm-Facility\TheParadigmFacility\src\TitlePanel.java. Using fallback presentation compiler.
2026.09.20 13:56:41 INFO  no build target found for C:\Users\dizah\Documents\GitHub\The-Paradigm-Facility\TheParadigmFacility\src\TitlePanel.java. Using fallback presentation compiler.
2026.09.20 13:56:41 INFO  Created report: Optional[file:///C:/Users/dizah/Documents/GitHub/The-Paradigm-Facility/TheParadigmFacility/src/TitlePanel.java]
2026.09.20 13:56:41 INFO  empty definition using pc, found symbol in pc: java/awt/Component# (full report at: "C:\Users\dizah\Documents\GitHub\The-Paradigm-Facility\.metals\.reports\metals-full\2026-09-20\r_empty-definition_13-56-41-909.md")
2026.09.20 13:56:41 INFO  Created report: Optional[file:///C:/Users/dizah/Documents/GitHub/The-Paradigm-Facility/TheParadigmFacility/src/TitlePanel.java]
2026.09.20 13:56:41 INFO  empty definition using pc, found symbol in pc: java/awt/Cursor# (full report at: "C:\Users\dizah\Documents\GitHub\The-Paradigm-Facility\.metals\.reports\metals-full\2026-09-20\r_empty-definition_13-56-41-960.md")
2026.09.20 13:56:41 INFO  empty definition using pc, found symbol in pc: java/awt/Component# (full report at: "C:\Users\dizah\Documents\GitHub\The-Paradigm-Facility\.metals\.reports\metals-full\2026-09-20\r_empty-definition_13-56-41-909.md")
2026.09.20 13:56:42 INFO  no build target found for C:\Users\dizah\Documents\GitHub\The-Paradigm-Facility\TheParadigmFacility\src\TitleSplash.java. Using fallback presentation compiler.
2026.09.20 13:56:42 WARN  no build target for: C:\Users\dizah\Documents\GitHub\The-Paradigm-Facility\TheParadigmFacility\src\TitleSplash.java
2026.09.20 13:56:42 INFO  no build target found for C:\Users\dizah\Documents\GitHub\The-Paradigm-Facility\TheParadigmFacility\src\TitleSplash.java. Using fallback presentation compiler.
2026.09.20 13:56:43 INFO  no build target found for C:\Users\dizah\Documents\GitHub\The-Paradigm-Facility\TheParadigmFacility\src\TitleSplash.java. Using fallback presentation compiler.
2026.09.20 13:56:42 INFO  no build target found for C:\Users\dizah\Documents\GitHub\The-Paradigm-Facility\TheParadigmFacility\src\TitleSplash.java. Using fallback presentation compiler.
2026.09.20 13:56:43 INFO  no build target found for C:\Users\dizah\Documents\GitHub\The-Paradigm-Facility\TheParadigmFacility\src\TitleSplash.java. Using fallback presentation compiler.
2026.09.20 13:56:43 INFO  no build target found for C:\Users\dizah\Documents\GitHub\The-Paradigm-Facility\TheParadigmFacility\src\TitleSplash.java. Using fallback presentation compiler.
2026.09.20 13:56:43 INFO  no build target found for C:\Users\dizah\Documents\GitHub\The-Paradigm-Facility\TheParadigmFacility\src\TitleSplash.java. Using fallback presentation compiler.
2026.09.20 13:56:43 INFO  no build target found for C:\Users\dizah\Documents\GitHub\The-Paradigm-Facility\TheParadigmFacility\src\TitleSplash.java. Using fallback presentation compiler.
2026.09.20 13:56:45 INFO  no build target found for C:\Users\dizah\Documents\GitHub\The-Paradigm-Facility\TheParadigmFacility\src\TitleSplash.java. Using fallback presentation compiler.
2026.09.20 13:56:45 INFO  no build target found for C:\Users\dizah\Documents\GitHub\The-Paradigm-Facility\TheParadigmFacility\src\TitleSplash.java. Using fallback presentation compiler.
2026.09.20 13:56:45 INFO  no build target found for C:\Users\dizah\Documents\GitHub\The-Paradigm-Facility\TheParadigmFacility\src\TitleSplash.java. Using fallback presentation compiler.
2026.09.20 13:56:45 INFO  no build target found for C:\Users\dizah\Documents\GitHub\The-Paradigm-Facility\TheParadigmFacility\src\TitleSplash.java. Using fallback presentation compiler.
2026.09.20 13:56:45 INFO  no build target found for C:\Users\dizah\Documents\GitHub\The-Paradigm-Facility\TheParadigmFacility\src\TitleSplash.java. Using fallback presentation compiler.
2026.09.20 13:56:46 INFO  no build target found for C:\Users\dizah\Documents\GitHub\The-Paradigm-Facility\TheParadigmFacility\src\TitleSplash.java. Using fallback presentation compiler.
2026.09.20 13:56:46 INFO  no build target found for C:\Users\dizah\Documents\GitHub\The-Paradigm-Facility\TheParadigmFacility\src\TitleSplash.java. Using fallback presentation compiler.
2026.09.20 13:56:46 INFO  no build target found for C:\Users\dizah\Documents\GitHub\The-Paradigm-Facility\TheParadigmFacility\src\TitleSplash.java. Using fallback presentation compiler.
2026.09.20 13:56:46 INFO  no build target found for C:\Users\dizah\Documents\GitHub\The-Paradigm-Facility\TheParadigmFacility\src\TitleSplash.java. Using fallback presentation compiler.
2026.09.20 13:57:46 INFO  no build target found for C:\Users\dizah\Documents\GitHub\The-Paradigm-Facility\TheParadigmFacility\src\TitlePanel.java. Using fallback presentation compiler.
2026.09.20 13:57:46 WARN  no build target for: C:\Users\dizah\Documents\GitHub\The-Paradigm-Facility\TheParadigmFacility\src\TitlePanel.java
Sep 20, 2026 1:57:46 PM org.eclipse.lsp4j.jsonrpc.RemoteEndpoint handleCancellation
WARNING: Unmatched cancel notification for request id 264
2026.09.20 13:57:46 INFO  no build target found for C:\Users\dizah\Documents\GitHub\The-Paradigm-Facility\TheParadigmFacility\src\TitlePanel.java. Using fallback presentation compiler.
2026.09.20 13:57:46 INFO  no build target found for C:\Users\dizah\Documents\GitHub\The-Paradigm-Facility\TheParadigmFacility\src\TitlePanel.java. Using fallback presentation compiler.
2026.09.20 13:57:47 INFO  no build target found for C:\Users\dizah\Documents\GitHub\The-Paradigm-Facility\TheParadigmFacility\src\TitlePanel.java. Using fallback presentation compiler.
2026.09.20 13:57:52 INFO  no build target found for C:\Users\dizah\Documents\GitHub\The-Paradigm-Facility\TheParadigmFacility\src\TitlePanel.java. Using fallback presentation compiler.
2026.09.20 13:57:52 INFO  no build target found for C:\Users\dizah\Documents\GitHub\The-Paradigm-Facility\TheParadigmFacility\src\TitlePanel.java. Using fallback presentation compiler.
2026.09.20 13:57:52 INFO  no build target found for C:\Users\dizah\Documents\GitHub\The-Paradigm-Facility\TheParadigmFacility\src\TitlePanel.java. Using fallback presentation compiler.
2026.09.20 13:57:57 INFO  no build target found for c:\Users\dizah\Documents\GitHub\The-Paradigm-Facility\TheParadigmFacility\src\TitlePanel.java. Using fallback presentation compiler.
2026.09.20 13:57:57 INFO  no build target found for C:\Users\dizah\Documents\GitHub\The-Paradigm-Facility\TheParadigmFacility\src\TitleSplash.java. Using fallback presentation compiler.
2026.09.20 13:57:57 WARN  no build target for: C:\Users\dizah\Documents\GitHub\The-Paradigm-Facility\TheParadigmFacility\src\TitleSplash.java
2026.09.20 13:57:57 INFO  no build target found for C:\Users\dizah\Documents\GitHub\The-Paradigm-Facility\TheParadigmFacility\src\TitleSplash.java. Using fallback presentation compiler.
2026.09.20 13:57:57 INFO  no build target found for C:\Users\dizah\Documents\GitHub\The-Paradigm-Facility\TheParadigmFacility\src\TitleSplash.java. Using fallback presentation compiler.
2026.09.20 13:57:57 INFO  no build target found for C:\Users\dizah\Documents\GitHub\The-Paradigm-Facility\TheParadigmFacility\src\TitleSplash.java. Using fallback presentation compiler.
2026.09.20 13:57:57 INFO  no build target found for C:\Users\dizah\Documents\GitHub\The-Paradigm-Facility\TheParadigmFacility\src\TitleSplash.java. Using fallback presentation compiler.
2026.09.20 13:57:59 INFO  no build target found for C:\Users\dizah\Documents\GitHub\The-Paradigm-Facility\TheParadigmFacility\src\TitleSplash.java. Using fallback presentation compiler.
2026.09.20 13:58:02 INFO  no build target found for C:\Users\dizah\Documents\GitHub\The-Paradigm-Facility\TheParadigmFacility\src\TitleSplash.java. Using fallback presentation compiler.
2026.09.20 13:58:11 WARN  no build target for: C:\Users\dizah\Documents\GitHub\The-Paradigm-Facility\TheParadigmFacility\src\ui\TitlePanel.java
2026.09.20 13:58:11 INFO  no build target found for C:\Users\dizah\Documents\GitHub\The-Paradigm-Facility\TheParadigmFacility\src\ui\TitlePanel.java. Using fallback presentation compiler.
2026.09.20 13:58:11 WARN  Running javac-semanticdb failed for file:///C:/Users/dizah/Documents/GitHub/The-Paradigm-Facility/TheParadigmFacility/src/ui/TitlePanel.java. Output:

2026.09.20 13:58:13 INFO  no build target found for C:\Users\dizah\Documents\GitHub\The-Paradigm-Facility\TheParadigmFacility\src\ui\TitlePanel.java. Using fallback presentation compiler.
2026.09.20 13:58:13 INFO  no build target found for C:\Users\dizah\Documents\GitHub\The-Paradigm-Facility\TheParadigmFacility\src\ui\TitlePanel.java. Using fallback presentation compiler.
2026.09.20 13:58:13 INFO  no build target found for C:\Users\dizah\Documents\GitHub\The-Paradigm-Facility\TheParadigmFacility\src\ui\TitlePanel.java. Using fallback presentation compiler.
2026.09.20 13:58:13 WARN  Running javac-semanticdb failed for file:///C:/Users/dizah/Documents/GitHub/The-Paradigm-Facility/TheParadigmFacility/src/ui/TitlePanel.java. Output:

2026.09.20 13:58:14 INFO  no build target found for C:\Users\dizah\Documents\GitHub\The-Paradigm-Facility\TheParadigmFacility\src\ui\TitlePanel.java. Using fallback presentation compiler.
2026.09.20 13:58:14 INFO  no build target found for C:\Users\dizah\Documents\GitHub\The-Paradigm-Facility\TheParadigmFacility\src\ui\TitlePanel.java. Using fallback presentation compiler.
2026.09.20 13:58:14 INFO  no build target found for C:\Users\dizah\Documents\GitHub\The-Paradigm-Facility\TheParadigmFacility\src\ui\TitlePanel.java. Using fallback presentation compiler.
2026.09.20 13:58:15 WARN  Running javac-semanticdb failed for file:///C:/Users/dizah/Documents/GitHub/The-Paradigm-Facility/TheParadigmFacility/src/ui/TitlePanel.java. Output:

2026.09.20 13:58:15 INFO  no build target found for C:\Users\dizah\Documents\GitHub\The-Paradigm-Facility\TheParadigmFacility\src\ui\TitlePanel.java. Using fallback presentation compiler.
2026.09.20 13:58:15 INFO  no build target found for C:\Users\dizah\Documents\GitHub\The-Paradigm-Facility\TheParadigmFacility\src\ui\TitlePanel.java. Using fallback presentation compiler.
2026.09.20 13:58:15 INFO  no build target found for C:\Users\dizah\Documents\GitHub\The-Paradigm-Facility\TheParadigmFacility\src\ui\TitlePanel.java. Using fallback presentation compiler.
2026.09.20 13:58:15 WARN  Running javac-semanticdb failed for file:///C:/Users/dizah/Documents/GitHub/The-Paradigm-Facility/TheParadigmFacility/src/ui/TitlePanel.java. Output:

2026.09.20 13:58:15 INFO  no build target found for C:\Users\dizah\Documents\GitHub\The-Paradigm-Facility\TheParadigmFacility\src\ui\TitlePanel.java. Using fallback presentation compiler.
2026.09.20 13:58:15 INFO  no build target found for C:\Users\dizah\Documents\GitHub\The-Paradigm-Facility\TheParadigmFacility\src\ui\TitlePanel.java. Using fallback presentation compiler.
2026.09.20 13:58:15 INFO  no build target found for C:\Users\dizah\Documents\GitHub\The-Paradigm-Facility\TheParadigmFacility\src\ui\TitlePanel.java. Using fallback presentation compiler.
2026.09.20 13:58:19 INFO  no build target found for C:\Users\dizah\Documents\GitHub\The-Paradigm-Facility\TheParadigmFacility\src\ui\TitlePanel.java. Using fallback presentation compiler.
2026.09.20 13:58:19 INFO  no build target found for C:\Users\dizah\Documents\GitHub\The-Paradigm-Facility\TheParadigmFacility\src\ui\TitlePanel.java. Using fallback presentation compiler.
2026.09.20 13:58:19 INFO  no build target found for C:\Users\dizah\Documents\GitHub\The-Paradigm-Facility\TheParadigmFacility\src\ui\TitlePanel.java. Using fallback presentation compiler.
2026.09.20 13:58:19 INFO  no build target found for C:\Users\dizah\Documents\GitHub\The-Paradigm-Facility\TheParadigmFacility\src\ui\TitlePanel.java. Using fallback presentation compiler.
2026.09.20 13:58:20 INFO  no build target found for C:\Users\dizah\Documents\GitHub\The-Paradigm-Facility\TheParadigmFacility\src\ui\TitlePanel.java. Using fallback presentation compiler.
2026.09.20 13:58:20 INFO  no build target found for C:\Users\dizah\Documents\GitHub\The-Paradigm-Facility\TheParadigmFacility\src\ui\TitlePanel.java. Using fallback presentation compiler.
2026.09.20 13:58:20 INFO  no build target found for C:\Users\dizah\Documents\GitHub\The-Paradigm-Facility\TheParadigmFacility\src\ui\TitlePanel.java. Using fallback presentation compiler.
2026.09.20 13:58:20 WARN  Running javac-semanticdb failed for file:///C:/Users/dizah/Documents/GitHub/The-Paradigm-Facility/TheParadigmFacility/src/ui/TitlePanel.java. Output:

2026.09.20 13:58:20 INFO  no build target found for C:\Users\dizah\Documents\GitHub\The-Paradigm-Facility\TheParadigmFacility\src\ui\TitlePanel.java. Using fallback presentation compiler.
2026.09.20 13:58:20 INFO  no build target found for C:\Users\dizah\Documents\GitHub\The-Paradigm-Facility\TheParadigmFacility\src\ui\TitlePanel.java. Using fallback presentation compiler.
2026.09.20 13:58:22 INFO  no build target found for C:\Users\dizah\Documents\GitHub\The-Paradigm-Facility\TheParadigmFacility\src\ui\TitlePanel.java. Using fallback presentation compiler.
2026.09.20 13:58:22 INFO  no build target found for C:\Users\dizah\Documents\GitHub\The-Paradigm-Facility\TheParadigmFacility\src\ui\TitlePanel.java. Using fallback presentation compiler.
2026.09.20 13:58:22 INFO  no build target found for C:\Users\dizah\Documents\GitHub\The-Paradigm-Facility\TheParadigmFacility\src\ui\TitlePanel.java. Using fallback presentation compiler.
2026.09.20 13:58:22 INFO  no build target found for C:\Users\dizah\Documents\GitHub\The-Paradigm-Facility\TheParadigmFacility\src\ui\TitlePanel.java. Using fallback presentation compiler.
2026.09.20 13:58:22 INFO  no build target found for C:\Users\dizah\Documents\GitHub\The-Paradigm-Facility\TheParadigmFacility\src\ui\TitlePanel.java. Using fallback presentation compiler.
2026.09.20 13:58:23 WARN  Running javac-semanticdb failed for file:///C:/Users/dizah/Documents/GitHub/The-Paradigm-Facility/TheParadigmFacility/src/ui/TitlePanel.java. Output:

2026.09.20 13:58:23 INFO  no build target found for C:\Users\dizah\Documents\GitHub\The-Paradigm-Facility\TheParadigmFacility\src\ui\TitlePanel.java. Using fallback presentation compiler.
2026.09.20 13:58:24 INFO  no build target found for C:\Users\dizah\Documents\GitHub\The-Paradigm-Facility\TheParadigmFacility\src\ui\TitlePanel.java. Using fallback presentation compiler.
2026.09.20 13:58:24 INFO  no build target found for C:\Users\dizah\Documents\GitHub\The-Paradigm-Facility\TheParadigmFacility\src\ui\TitlePanel.java. Using fallback presentation compiler.
2026.09.20 13:58:24 INFO  no build target found for C:\Users\dizah\Documents\GitHub\The-Paradigm-Facility\TheParadigmFacility\src\ui\TitlePanel.java. Using fallback presentation compiler.
2026.09.20 13:58:24 WARN  Running javac-semanticdb failed for file:///C:/Users/dizah/Documents/GitHub/The-Paradigm-Facility/TheParadigmFacility/src/ui/TitlePanel.java. Output:

2026.09.20 13:58:25 INFO  no build target found for C:\Users\dizah\Documents\GitHub\The-Paradigm-Facility\TheParadigmFacility\src\ui\TitlePanel.java. Using fallback presentation compiler.
2026.09.20 13:58:27 INFO  no build target found for C:\Users\dizah\Documents\GitHub\The-Paradigm-Facility\TheParadigmFacility\src\ui\TitlePanel.java. Using fallback presentation compiler.
2026.09.20 13:58:27 INFO  no build target found for C:\Users\dizah\Documents\GitHub\The-Paradigm-Facility\TheParadigmFacility\src\ui\TitlePanel.java. Using fallback presentation compiler.
Sep 20, 2026 1:58:28 PM org.eclipse.lsp4j.jsonrpc.RemoteEndpoint handleCancellation
WARNING: Unmatched cancel notification for request id 356
2026.09.20 13:58:27 INFO  no build target found for C:\Users\dizah\Documents\GitHub\The-Paradigm-Facility\TheParadigmFacility\src\ui\TitlePanel.java. Using fallback presentation compiler.
2026.09.20 13:58:29 INFO  no build target found for C:\Users\dizah\Documents\GitHub\The-Paradigm-Facility\TheParadigmFacility\src\ui\TitlePanel.java. Using fallback presentation compiler.
2026.09.20 13:58:29 INFO  no build target found for C:\Users\dizah\Documents\GitHub\The-Paradigm-Facility\TheParadigmFacility\src\ui\TitlePanel.java. Using fallback presentation compiler.
2026.09.20 13:58:29 WARN  no build target for: C:\Users\dizah\Documents\GitHub\The-Paradigm-Facility\TheParadigmFacility\src\ui\TitlePanel.java
2026.09.20 13:58:29 INFO  no build target found for C:\Users\dizah\Documents\GitHub\The-Paradigm-Facility\TheParadigmFacility\src\ui\TitlePanel.java. Using fallback presentation compiler.
2026.09.20 13:58:29 INFO  no build target found for C:\Users\dizah\Documents\GitHub\The-Paradigm-Facility\TheParadigmFacility\src\ui\TitlePanel.java. Using fallback presentation compiler.
2026.09.20 13:58:29 INFO  Created report: Optional[file:///C:/Users/dizah/Documents/GitHub/The-Paradigm-Facility/TheParadigmFacility/src/ui/TitlePanel.java]
2026.09.20 13:58:29 INFO  empty definition using pc, found symbol in pc: java/awt/Component# (full report at: "C:\Users\dizah\Documents\GitHub\The-Paradigm-Facility\.metals\.reports\metals-full\2026-09-20\r_empty-definition_13-58-29-974.md")
2026.09.20 13:58:29 INFO  no build target found for C:\Users\dizah\Documents\GitHub\The-Paradigm-Facility\TheParadigmFacility\src\ui\TitlePanel.java. Using fallback presentation compiler.
2026.09.20 13:58:31 INFO  no build target found for C:\Users\dizah\Documents\GitHub\The-Paradigm-Facility\TheParadigmFacility\src\TitleSplash.java. Using fallback presentation compiler.
2026.09.20 13:58:31 WARN  no build target for: C:\Users\dizah\Documents\GitHub\The-Paradigm-Facility\TheParadigmFacility\src\TitleSplash.java
2026.09.20 13:58:31 INFO  no build target found for C:\Users\dizah\Documents\GitHub\The-Paradigm-Facility\TheParadigmFacility\src\TitleSplash.java. Using fallback presentation compiler.
2026.09.20 13:58:31 INFO  no build target found for C:\Users\dizah\Documents\GitHub\The-Paradigm-Facility\TheParadigmFacility\src\TitleSplash.java. Using fallback presentation compiler.
Sep 20, 2026 1:58:31 PM org.eclipse.lsp4j.jsonrpc.RemoteEndpoint handleCancellation
WARNING: Unmatched cancel notification for request id 365
2026.09.20 13:58:31 INFO  no build target found for C:\Users\dizah\Documents\GitHub\The-Paradigm-Facility\TheParadigmFacility\src\TitleSplash.java. Using fallback presentation compiler.
2026.09.20 13:58:31 INFO  no build target found for C:\Users\dizah\Documents\GitHub\The-Paradigm-Facility\TheParadigmFacility\src\TitleSplash.java. Using fallback presentation compiler.
2026.09.20 13:58:32 INFO  no build target found for C:\Users\dizah\Documents\GitHub\The-Paradigm-Facility\TheParadigmFacility\src\TitleSplash.java. Using fallback presentation compiler.
2026.09.20 13:58:32 INFO  no build target found for C:\Users\dizah\Documents\GitHub\The-Paradigm-Facility\TheParadigmFacility\src\TitleSplash.java. Using fallback presentation compiler.
2026.09.20 13:58:32 INFO  no build target found for C:\Users\dizah\Documents\GitHub\The-Paradigm-Facility\TheParadigmFacility\src\TitleSplash.java. Using fallback presentation compiler.
2026.09.20 13:58:32 INFO  no build target found for C:\Users\dizah\Documents\GitHub\The-Paradigm-Facility\TheParadigmFacility\src\TitleSplash.java. Using fallback presentation compiler.
2026.09.20 13:58:33 INFO  no build target found for C:\Users\dizah\Documents\GitHub\The-Paradigm-Facility\TheParadigmFacility\src\TitleSplash.java. Using fallback presentation compiler.
2026.09.20 13:58:33 INFO  no build target found for C:\Users\dizah\Documents\GitHub\The-Paradigm-Facility\TheParadigmFacility\src\TitleSplash.java. Using fallback presentation compiler.
2026.09.20 13:58:33 INFO  no build target found for C:\Users\dizah\Documents\GitHub\The-Paradigm-Facility\TheParadigmFacility\src\TitleSplash.java. Using fallback presentation compiler.
2026.09.20 13:58:35 INFO  no build target found for C:\Users\dizah\Documents\GitHub\The-Paradigm-Facility\TheParadigmFacility\src\TitleSplash.java. Using fallback presentation compiler.
2026.09.20 13:58:35 INFO  no build target found for C:\Users\dizah\Documents\GitHub\The-Paradigm-Facility\TheParadigmFacility\src\TitleSplash.java. Using fallback presentation compiler.
2026.09.20 13:58:35 INFO  no build target found for C:\Users\dizah\Documents\GitHub\The-Paradigm-Facility\TheParadigmFacility\src\TitleSplash.java. Using fallback presentation compiler.
2026.09.20 13:58:35 INFO  no build target found for C:\Users\dizah\Documents\GitHub\The-Paradigm-Facility\TheParadigmFacility\src\TitleSplash.java. Using fallback presentation compiler.
Sep 20, 2026 1:58:35 PM org.eclipse.lsp4j.jsonrpc.RemoteEndpoint handleCancellation
WARNING: Unmatched cancel notification for request id 383
Sep 20, 2026 1:58:35 PM org.eclipse.lsp4j.jsonrpc.RemoteEndpoint handleCancellation
WARNING: Unmatched cancel notification for request id 379
2026.09.20 13:58:35 INFO  no build target found for C:\Users\dizah\Documents\GitHub\The-Paradigm-Facility\TheParadigmFacility\src\TitleSplash.java. Using fallback presentation compiler.
2026.09.20 13:58:35 INFO  no build target found for C:\Users\dizah\Documents\GitHub\The-Paradigm-Facility\TheParadigmFacility\src\TitleSplash.java. Using fallback presentation compiler.
Sep 20, 2026 1:58:35 PM org.eclipse.lsp4j.jsonrpc.RemoteEndpoint handleCancellation
WARNING: Unmatched cancel notification for request id 386
Sep 20, 2026 1:58:35 PM org.eclipse.lsp4j.jsonrpc.RemoteEndpoint handleCancellation
WARNING: Unmatched cancel notification for request id 382
2026.09.20 13:58:35 INFO  no build target found for C:\Users\dizah\Documents\GitHub\The-Paradigm-Facility\TheParadigmFacility\src\TitleSplash.java. Using fallback presentation compiler.
2026.09.20 13:58:35 INFO  no build target found for C:\Users\dizah\Documents\GitHub\The-Paradigm-Facility\TheParadigmFacility\src\TitleSplash.java. Using fallback presentation compiler.
2026.09.20 13:58:35 INFO  no build target found for C:\Users\dizah\Documents\GitHub\The-Paradigm-Facility\TheParadigmFacility\src\TitleSplash.java. Using fallback presentation compiler.
2026.09.20 13:58:35 INFO  no build target found for C:\Users\dizah\Documents\GitHub\The-Paradigm-Facility\TheParadigmFacility\src\TitleSplash.java. Using fallback presentation compiler.
2026.09.20 13:58:36 INFO  time: code lens generation in 1.44s
2026.09.20 13:58:36 INFO  time: code lens generation in 1.15s
2026.09.20 13:58:38 INFO  no build target found for C:\Users\dizah\Documents\GitHub\The-Paradigm-Facility\TheParadigmFacility\src\TitleSplash.java. Using fallback presentation compiler.
2026.09.20 13:58:38 INFO  no build target found for C:\Users\dizah\Documents\GitHub\The-Paradigm-Facility\TheParadigmFacility\src\TitleSplash.java. Using fallback presentation compiler.
Sep 20, 2026 1:58:39 PM org.eclipse.lsp4j.jsonrpc.RemoteEndpoint handleCancellation
WARNING: Unmatched cancel notification for request id 399
2026.09.20 13:58:38 INFO  no build target found for C:\Users\dizah\Documents\GitHub\The-Paradigm-Facility\TheParadigmFacility\src\TitleSplash.java. Using fallback presentation compiler.
2026.09.20 13:58:40 INFO  no build target found for C:\Users\dizah\Documents\GitHub\The-Paradigm-Facility\TheParadigmFacility\src\TitleSplash.java. Using fallback presentation compiler.
2026.09.20 13:58:41 INFO  no build target found for C:\Users\dizah\Documents\GitHub\The-Paradigm-Facility\TheParadigmFacility\src\TitleSplash.java. Using fallback presentation compiler.
2026.09.20 13:58:43 INFO  no build target found for C:\Users\dizah\Documents\GitHub\The-Paradigm-Facility\TheParadigmFacility\src\TitleSplash.java. Using fallback presentation compiler.
2026.09.20 13:59:01 INFO  no build target found for C:\Users\dizah\Documents\GitHub\The-Paradigm-Facility\TheParadigmFacility\src\TitleSplash.java. Using fallback presentation compiler.
2026.09.20 13:59:01 INFO  no build target found for c:\Users\dizah\Documents\GitHub\The-Paradigm-Facility\TheParadigmFacility\src\TitleSplash.java. Using fallback presentation compiler.
2026.09.20 13:59:02 WARN  no build target for: C:\Users\dizah\Documents\GitHub\The-Paradigm-Facility\TheParadigmFacility\src\ui\TitleSplash.java
2026.09.20 13:59:01 INFO  no build target found for C:\Users\dizah\Documents\GitHub\The-Paradigm-Facility\TheParadigmFacility\src\ui\TitleSplash.java. Using fallback presentation compiler.
2026.09.20 13:59:02 INFO  no build target found for C:\Users\dizah\Documents\GitHub\The-Paradigm-Facility\TheParadigmFacility\src\ui\TitleSplash.java. Using fallback presentation compiler.
2026.09.20 13:59:02 INFO  no build target found for C:\Users\dizah\Documents\GitHub\The-Paradigm-Facility\TheParadigmFacility\src\ui\TitleSplash.java. Using fallback presentation compiler.
2026.09.20 13:59:04 WARN  no build target for: C:\Users\dizah\Documents\GitHub\The-Paradigm-Facility\TheParadigmFacility\src\ui\TitleSplash.java
2026.09.20 13:59:05 INFO  no build target found for C:\Users\dizah\Documents\GitHub\The-Paradigm-Facility\TheParadigmFacility\src\ui\TitleSplash.java. Using fallback presentation compiler.
2026.09.20 13:59:26 INFO  no build target found for C:\Users\dizah\Documents\GitHub\The-Paradigm-Facility\TheParadigmFacility\src\ui\TitlePanel.java. Using fallback presentation compiler.
2026.09.20 13:59:27 WARN  no build target for: C:\Users\dizah\Documents\GitHub\The-Paradigm-Facility\TheParadigmFacility\src\ui\TitlePanel.java
2026.09.20 13:59:26 INFO  no build target found for C:\Users\dizah\Documents\GitHub\The-Paradigm-Facility\TheParadigmFacility\src\ui\TitlePanel.java. Using fallback presentation compiler.
Sep 20, 2026 1:59:27 PM org.eclipse.lsp4j.jsonrpc.RemoteEndpoint handleCancellation
WARNING: Unmatched cancel notification for request id 427
2026.09.20 13:59:26 INFO  no build target found for C:\Users\dizah\Documents\GitHub\The-Paradigm-Facility\TheParadigmFacility\src\ui\TitlePanel.java. Using fallback presentation compiler.
2026.09.20 13:59:27 INFO  no build target found for C:\Users\dizah\Documents\GitHub\The-Paradigm-Facility\TheParadigmFacility\src\ui\TitlePanel.java. Using fallback presentation compiler.
2026.09.20 13:59:42 INFO  no build target found for C:\Users\dizah\Documents\GitHub\The-Paradigm-Facility\TheParadigmFacility\src\ui\TitlePanel.java. Using fallback presentation compiler.
2026.09.20 13:59:42 INFO  no build target found for C:\Users\dizah\Documents\GitHub\The-Paradigm-Facility\TheParadigmFacility\src\ui\TitlePanel.java. Using fallback presentation compiler.
2026.09.20 14:00:02 INFO  no build target found for C:\Users\dizah\Documents\GitHub\The-Paradigm-Facility\TheParadigmFacility\src\ui\TitlePanel.java. Using fallback presentation compiler.
2026.09.20 14:00:02 WARN  no build target for: C:\Users\dizah\Documents\GitHub\The-Paradigm-Facility\TheParadigmFacility\src\ui\TitlePanel.java
2026.09.20 14:00:02 INFO  no build target found for C:\Users\dizah\Documents\GitHub\The-Paradigm-Facility\TheParadigmFacility\src\ui\TitlePanel.java. Using fallback presentation compiler.
2026.09.20 14:00:02 INFO  no build target found for C:\Users\dizah\Documents\GitHub\The-Paradigm-Facility\TheParadigmFacility\src\ui\TitlePanel.java. Using fallback presentation compiler.
2026.09.20 14:00:02 INFO  no build target found for C:\Users\dizah\Documents\GitHub\The-Paradigm-Facility\TheParadigmFacility\src\ui\TitlePanel.java. Using fallback presentation compiler.
2026.09.20 14:00:10 INFO  no build target found for C:\Users\dizah\Documents\GitHub\The-Paradigm-Facility\TheParadigmFacility\src\ui\TitlePanel.java. Using fallback presentation compiler.
2026.09.20 14:00:10 WARN  no build target for: C:\Users\dizah\Documents\GitHub\The-Paradigm-Facility\TheParadigmFacility\src\ui\TitlePanel.java
2026.09.20 14:00:10 INFO  no build target found for C:\Users\dizah\Documents\GitHub\The-Paradigm-Facility\TheParadigmFacility\src\ui\TitlePanel.java. Using fallback presentation compiler.
2026.09.20 14:00:10 INFO  no build target found for C:\Users\dizah\Documents\GitHub\The-Paradigm-Facility\TheParadigmFacility\src\ui\TitlePanel.java. Using fallback presentation compiler.
2026.09.20 14:00:11 INFO  no build target found for C:\Users\dizah\Documents\GitHub\The-Paradigm-Facility\TheParadigmFacility\src\ui\TitlePanel.java. Using fallback presentation compiler.
2026.09.20 14:00:19 INFO  no build target found for C:\Users\dizah\Documents\GitHub\The-Paradigm-Facility\TheParadigmFacility\src\ui\TitlePanel.java. Using fallback presentation compiler.
2026.09.20 14:00:19 WARN  no build target for: C:\Users\dizah\Documents\GitHub\The-Paradigm-Facility\TheParadigmFacility\src\ui\TitlePanel.java
2026.09.20 14:00:19 INFO  no build target found for C:\Users\dizah\Documents\GitHub\The-Paradigm-Facility\TheParadigmFacility\src\ui\TitlePanel.java. Using fallback presentation compiler.
Sep 20, 2026 2:00:19 PM org.eclipse.lsp4j.jsonrpc.RemoteEndpoint handleCancellation
WARNING: Unmatched cancel notification for request id 530
2026.09.20 14:00:19 INFO  no build target found for C:\Users\dizah\Documents\GitHub\The-Paradigm-Facility\TheParadigmFacility\src\ui\TitlePanel.java. Using fallback presentation compiler.
2026.09.20 14:00:19 INFO  no build target found for C:\Users\dizah\Documents\GitHub\The-Paradigm-Facility\TheParadigmFacility\src\ui\TitlePanel.java. Using fallback presentation compiler.
2026.09.20 14:00:27 INFO  no build target found for C:\Users\dizah\Documents\GitHub\The-Paradigm-Facility\TheParadigmFacility\src\ui\TitlePanel.java. Using fallback presentation compiler.
2026.09.20 14:00:29 INFO  no build target found for C:\Users\dizah\Documents\GitHub\The-Paradigm-Facility\TheParadigmFacility\src\ui\BackgroundLoop.java. Using fallback presentation compiler.
2026.09.20 14:00:29 WARN  no build target for: C:\Users\dizah\Documents\GitHub\The-Paradigm-Facility\TheParadigmFacility\src\ui\BackgroundLoop.java
2026.09.20 14:00:29 INFO  no build target found for C:\Users\dizah\Documents\GitHub\The-Paradigm-Facility\TheParadigmFacility\src\ui\BackgroundLoop.java. Using fallback presentation compiler.
2026.09.20 14:00:29 INFO  no build target found for C:\Users\dizah\Documents\GitHub\The-Paradigm-Facility\TheParadigmFacility\src\ui\BackgroundLoop.java. Using fallback presentation compiler.
2026.09.20 14:00:30 INFO  no build target found for C:\Users\dizah\Documents\GitHub\The-Paradigm-Facility\TheParadigmFacility\src\ui\BackgroundLoop.java. Using fallback presentation compiler.
Sep 20, 2026 2:00:30 PM org.eclipse.lsp4j.jsonrpc.RemoteEndpoint handleCancellation
WARNING: Unmatched cancel notification for request id 542
Sep 20, 2026 2:00:30 PM org.eclipse.lsp4j.jsonrpc.RemoteEndpoint handleCancellation
WARNING: Unmatched cancel notification for request id 541
2026.09.20 14:00:29 INFO  no build target found for C:\Users\dizah\Documents\GitHub\The-Paradigm-Facility\TheParadigmFacility\src\ui\TitleSplash.java. Using fallback presentation compiler.
2026.09.20 14:00:30 WARN  no build target for: C:\Users\dizah\Documents\GitHub\The-Paradigm-Facility\TheParadigmFacility\src\ui\TitleSplash.java
2026.09.20 14:00:30 INFO  no build target found for C:\Users\dizah\Documents\GitHub\The-Paradigm-Facility\TheParadigmFacility\src\ui\TitleSplash.java. Using fallback presentation compiler.
2026.09.20 14:00:34 INFO  no build target found for C:\Users\dizah\Documents\GitHub\The-Paradigm-Facility\TheParadigmFacility\src\ui\TitlePanel.java. Using fallback presentation compiler.
2026.09.20 14:00:34 WARN  no build target for: C:\Users\dizah\Documents\GitHub\The-Paradigm-Facility\TheParadigmFacility\src\ui\TitlePanel.java
2026.09.20 14:00:34 INFO  no build target found for C:\Users\dizah\Documents\GitHub\The-Paradigm-Facility\TheParadigmFacility\src\ui\TitlePanel.java. Using fallback presentation compiler.
Sep 20, 2026 2:00:34 PM org.eclipse.lsp4j.jsonrpc.RemoteEndpoint handleCancellation
WARNING: Unmatched cancel notification for request id 571
2026.09.20 14:00:34 INFO  no build target found for C:\Users\dizah\Documents\GitHub\The-Paradigm-Facility\TheParadigmFacility\src\ui\TitlePanel.java. Using fallback presentation compiler.
2026.09.20 14:00:34 INFO  no build target found for C:\Users\dizah\Documents\GitHub\The-Paradigm-Facility\TheParadigmFacility\src\ui\TitlePanel.java. Using fallback presentation compiler.
2026.09.20 14:01:31 INFO  no build target found for C:\Users\dizah\Documents\GitHub\The-Paradigm-Facility\TheParadigmFacility.java. Using fallback presentation compiler.
2026.09.20 14:01:31 WARN  no build target for: C:\Users\dizah\Documents\GitHub\The-Paradigm-Facility\TheParadigmFacility.java
2026.09.20 14:01:31 INFO  no build target found for C:\Users\dizah\Documents\GitHub\The-Paradigm-Facility\TheParadigmFacility.java. Using fallback presentation compiler.
Sep 20, 2026 2:01:31 PM org.eclipse.lsp4j.jsonrpc.RemoteEndpoint handleCancellation
WARNING: Unmatched cancel notification for request id 582
2026.09.20 14:01:31 INFO  no build target found for C:\Users\dizah\Documents\GitHub\The-Paradigm-Facility\TheParadigmFacility.java. Using fallback presentation compiler.
Sep 20, 2026 2:01:31 PM org.eclipse.lsp4j.jsonrpc.RemoteEndpoint handleCancellation
WARNING: Unmatched cancel notification for request id 586
2026.09.20 14:01:31 INFO  no build target found for C:\Users\dizah\Documents\GitHub\The-Paradigm-Facility\TheParadigmFacility.java. Using fallback presentation compiler.
2026.09.20 14:01:33 INFO  no build target found for C:\Users\dizah\Documents\GitHub\The-Paradigm-Facility\TheParadigmFacility.java. Using fallback presentation compiler.
2026.09.20 14:01:34 INFO  no build target found for C:\Users\dizah\Documents\GitHub\The-Paradigm-Facility\TheParadigmFacility.java. Using fallback presentation compiler.
2026.09.20 14:01:41 INFO  no build target found for C:\Users\dizah\Documents\GitHub\The-Paradigm-Facility\TheParadigmFacility.java. Using fallback presentation compiler.
2026.09.20 14:02:23 INFO  no build target found for C:\Users\dizah\Documents\GitHub\The-Paradigm-Facility\TheParadigmFacility\src\ui\BackgroundLoop.java. Using fallback presentation compiler.
2026.09.20 14:02:23 WARN  no build target for: C:\Users\dizah\Documents\GitHub\The-Paradigm-Facility\TheParadigmFacility\src\ui\BackgroundLoop.java
2026.09.20 14:02:23 INFO  no build target found for C:\Users\dizah\Documents\GitHub\The-Paradigm-Facility\TheParadigmFacility\src\ui\BackgroundLoop.java. Using fallback presentation compiler.
Sep 20, 2026 2:02:24 PM org.eclipse.lsp4j.jsonrpc.RemoteEndpoint handleCancellation
WARNING: Unmatched cancel notification for request id 596
2026.09.20 14:02:23 INFO  no build target found for C:\Users\dizah\Documents\GitHub\The-Paradigm-Facility\TheParadigmFacility\src\ui\BackgroundLoop.java. Using fallback presentation compiler.
2026.09.20 14:02:24 INFO  no build target found for C:\Users\dizah\Documents\GitHub\The-Paradigm-Facility\TheParadigmFacility\src\ui\BackgroundLoop.java. Using fallback presentation compiler.
2026.09.20 14:03:14 INFO  no build target found for c:\Users\dizah\Documents\GitHub\The-Paradigm-Facility\TheParadigmFacility.java. Using fallback presentation compiler.
2026.09.20 14:03:14 WARN  no build target for: C:\Users\dizah\Documents\GitHub\The-Paradigm-Facility\TheParadigmFacility\src\TheParadigmFacility.java
2026.09.20 14:03:14 INFO  no build target found for C:\Users\dizah\Documents\GitHub\The-Paradigm-Facility\TheParadigmFacility\src\ui\BackgroundLoop.java. Using fallback presentation compiler.
2026.09.20 14:03:15 INFO  no build target found for C:\Users\dizah\Documents\GitHub\The-Paradigm-Facility\TheParadigmFacility\src\TheParadigmFacility.java. Using fallback presentation compiler.
2026.09.20 14:03:15 INFO  no build target found for C:\Users\dizah\Documents\GitHub\The-Paradigm-Facility\TheParadigmFacility\src\TheParadigmFacility.java. Using fallback presentation compiler.
2026.09.20 14:03:16 INFO  no build target found for C:\Users\dizah\Documents\GitHub\The-Paradigm-Facility\TheParadigmFacility\src\TheParadigmFacility.java. Using fallback presentation compiler.
2026.09.20 14:03:16 INFO  no build target found for C:\Users\dizah\Documents\GitHub\The-Paradigm-Facility\TheParadigmFacility\src\TheParadigmFacility.java. Using fallback presentation compiler.
2026.09.20 14:03:16 INFO  no build target found for C:\Users\dizah\Documents\GitHub\The-Paradigm-Facility\TheParadigmFacility\src\TheParadigmFacility.java. Using fallback presentation compiler.
2026.09.20 14:03:16 INFO  no build target found for C:\Users\dizah\Documents\GitHub\The-Paradigm-Facility\TheParadigmFacility\src\TheParadigmFacility.java. Using fallback presentation compiler.
2026.09.20 14:03:48 INFO  no build target found for C:\Users\dizah\Documents\GitHub\The-Paradigm-Facility\TheParadigmFacility\src\TheParadigmFacility.java. Using fallback presentation compiler.
2026.09.20 14:03:48 INFO  no build target found for C:\Users\dizah\Documents\GitHub\The-Paradigm-Facility\TheParadigmFacility\src\TheParadigmFacility.java. Using fallback presentation compiler.
Sep 20, 2026 2:03:48 PM org.eclipse.lsp4j.jsonrpc.RemoteEndpoint handleCancellation
WARNING: Unmatched cancel notification for request id 617
2026.09.20 14:03:48 INFO  no build target found for C:\Users\dizah\Documents\GitHub\The-Paradigm-Facility\TheParadigmFacility\src\TheParadigmFacility.java. Using fallback presentation compiler.
2026.09.20 14:03:49 INFO  no build target found for C:\Users\dizah\Documents\GitHub\The-Paradigm-Facility\TheParadigmFacility\src\TheParadigmFacility.java. Using fallback presentation compiler.
2026.09.20 14:03:49 INFO  no build target found for C:\Users\dizah\Documents\GitHub\The-Paradigm-Facility\TheParadigmFacility\src\TheParadigmFacility.java. Using fallback presentation compiler.
2026.09.20 14:03:49 INFO  no build target found for C:\Users\dizah\Documents\GitHub\The-Paradigm-Facility\TheParadigmFacility\src\TheParadigmFacility.java. Using fallback presentation compiler.
2026.09.20 14:03:49 INFO  no build target found for C:\Users\dizah\Documents\GitHub\The-Paradigm-Facility\TheParadigmFacility\src\TheParadigmFacility.java. Using fallback presentation compiler.
2026.09.20 14:03:50 WARN  no build target for: C:\Users\dizah\Documents\GitHub\The-Paradigm-Facility\TheParadigmFacility\src\TheParadigmFacility.java
2026.09.20 14:03:50 INFO  no build target found for C:\Users\dizah\Documents\GitHub\The-Paradigm-Facility\TheParadigmFacility\src\TheParadigmFacility.java. Using fallback presentation compiler.
2026.09.20 14:03:50 INFO  no build target found for C:\Users\dizah\Documents\GitHub\The-Paradigm-Facility\TheParadigmFacility\src\TheParadigmFacility.java. Using fallback presentation compiler.
2026.09.20 14:03:52 INFO  time: code lens generation in 1.58s
2026.09.20 14:03:55 INFO  no build target found for C:\Users\dizah\Documents\GitHub\The-Paradigm-Facility\TheParadigmFacility\src\ui\BackgroundLoop.java. Using fallback presentation compiler.
2026.09.20 14:03:55 WARN  no build target for: C:\Users\dizah\Documents\GitHub\The-Paradigm-Facility\TheParadigmFacility\src\ui\BackgroundLoop.java
2026.09.20 14:03:55 INFO  no build target found for C:\Users\dizah\Documents\GitHub\The-Paradigm-Facility\TheParadigmFacility\src\ui\BackgroundLoop.java. Using fallback presentation compiler.
2026.09.20 14:03:55 INFO  no build target found for C:\Users\dizah\Documents\GitHub\The-Paradigm-Facility\TheParadigmFacility\src\ui\BackgroundLoop.java. Using fallback presentation compiler.
Sep 20, 2026 2:03:56 PM org.eclipse.lsp4j.jsonrpc.RemoteEndpoint handleCancellation
WARNING: Unmatched cancel notification for request id 635
2026.09.20 14:03:56 INFO  no build target found for C:\Users\dizah\Documents\GitHub\The-Paradigm-Facility\TheParadigmFacility\src\ui\BackgroundLoop.java. Using fallback presentation compiler.
2026.09.20 14:03:57 INFO  no build target found for C:\Users\dizah\Documents\GitHub\The-Paradigm-Facility\TheParadigmFacility\src\ui\BackgroundLoop.java. Using fallback presentation compiler.
2026.09.20 14:03:57 INFO  no build target found for C:\Users\dizah\Documents\GitHub\The-Paradigm-Facility\TheParadigmFacility\src\ui\BackgroundLoop.java. Using fallback presentation compiler.
2026.09.20 14:03:57 INFO  no build target found for C:\Users\dizah\Documents\GitHub\The-Paradigm-Facility\TheParadigmFacility\src\ui\BackgroundLoop.java. Using fallback presentation compiler.
2026.09.20 14:03:58 INFO  no build target found for C:\Users\dizah\Documents\GitHub\The-Paradigm-Facility\TheParadigmFacility\src\ui\BackgroundLoop.java. Using fallback presentation compiler.
2026.09.20 14:03:58 INFO  no build target found for C:\Users\dizah\Documents\GitHub\The-Paradigm-Facility\TheParadigmFacility\src\ui\BackgroundLoop.java. Using fallback presentation compiler.
2026.09.20 14:03:59 INFO  no build target found for C:\Users\dizah\Documents\GitHub\The-Paradigm-Facility\TheParadigmFacility\src\ui\BackgroundLoop.java. Using fallback presentation compiler.
2026.09.20 14:04:00 WARN  no build target for: C:\Users\dizah\Documents\GitHub\The-Paradigm-Facility\TheParadigmFacility\src\ui\BackgroundLoop.java
2026.09.20 14:04:00 INFO  no build target found for C:\Users\dizah\Documents\GitHub\The-Paradigm-Facility\TheParadigmFacility\src\ui\BackgroundLoop.java. Using fallback presentation compiler.
2026.09.20 14:04:05 INFO  no build target found for C:\Users\dizah\Documents\GitHub\The-Paradigm-Facility\TheParadigmFacility\src\ui\ScreenManager.java. Using fallback presentation compiler.
2026.09.20 14:04:05 WARN  no build target for: C:\Users\dizah\Documents\GitHub\The-Paradigm-Facility\TheParadigmFacility\src\ui\ScreenManager.java
2026.09.20 14:04:05 INFO  no build target found for C:\Users\dizah\Documents\GitHub\The-Paradigm-Facility\TheParadigmFacility\src\ui\ScreenManager.java. Using fallback presentation compiler.
2026.09.20 14:04:05 INFO  no build target found for C:\Users\dizah\Documents\GitHub\The-Paradigm-Facility\TheParadigmFacility\src\ui\ScreenManager.java. Using fallback presentation compiler.
2026.09.20 14:04:05 INFO  no build target found for C:\Users\dizah\Documents\GitHub\The-Paradigm-Facility\TheParadigmFacility\src\ui\ScreenManager.java. Using fallback presentation compiler.
2026.09.20 14:04:06 INFO  no build target found for C:\Users\dizah\Documents\GitHub\The-Paradigm-Facility\TheParadigmFacility\src\ui\ScreenManager.java. Using fallback presentation compiler.
2026.09.20 14:04:06 INFO  no build target found for C:\Users\dizah\Documents\GitHub\The-Paradigm-Facility\TheParadigmFacility\src\ui\ScreenManager.java. Using fallback presentation compiler.
2026.09.20 14:04:07 INFO  no build target found for C:\Users\dizah\Documents\GitHub\The-Paradigm-Facility\TheParadigmFacility\src\ui\ScreenManager.java. Using fallback presentation compiler.
2026.09.20 14:04:07 INFO  no build target found for C:\Users\dizah\Documents\GitHub\The-Paradigm-Facility\TheParadigmFacility\src\ui\ScreenManager.java. Using fallback presentation compiler.
2026.09.20 14:04:07 INFO  no build target found for C:\Users\dizah\Documents\GitHub\The-Paradigm-Facility\TheParadigmFacility\src\ui\ScreenManager.java. Using fallback presentation compiler.
2026.09.20 14:04:08 INFO  no build target found for C:\Users\dizah\Documents\GitHub\The-Paradigm-Facility\TheParadigmFacility\src\ui\ScreenManager.java. Using fallback presentation compiler.
2026.09.20 14:04:08 INFO  no build target found for C:\Users\dizah\Documents\GitHub\The-Paradigm-Facility\TheParadigmFacility\src\ui\ScreenManager.java. Using fallback presentation compiler.
2026.09.20 14:04:08 INFO  no build target found for C:\Users\dizah\Documents\GitHub\The-Paradigm-Facility\TheParadigmFacility\src\ui\ScreenManager.java. Using fallback presentation compiler.
2026.09.20 14:04:09 WARN  no build target for: C:\Users\dizah\Documents\GitHub\The-Paradigm-Facility\TheParadigmFacility\src\ui\ScreenManager.java
2026.09.20 14:04:09 INFO  no build target found for C:\Users\dizah\Documents\GitHub\The-Paradigm-Facility\TheParadigmFacility\src\ui\ScreenManager.java. Using fallback presentation compiler.
2026.09.20 14:04:14 INFO  no build target found for C:\Users\dizah\Documents\GitHub\The-Paradigm-Facility\TheParadigmFacility\src\ui\TitlePanel.java. Using fallback presentation compiler.
2026.09.20 14:04:14 WARN  no build target for: C:\Users\dizah\Documents\GitHub\The-Paradigm-Facility\TheParadigmFacility\src\ui\TitlePanel.java
2026.09.20 14:04:14 INFO  no build target found for C:\Users\dizah\Documents\GitHub\The-Paradigm-Facility\TheParadigmFacility\src\ui\TitlePanel.java. Using fallback presentation compiler.
2026.09.20 14:04:14 INFO  no build target found for C:\Users\dizah\Documents\GitHub\The-Paradigm-Facility\TheParadigmFacility\src\ui\TitlePanel.java. Using fallback presentation compiler.
2026.09.20 14:04:15 INFO  no build target found for C:\Users\dizah\Documents\GitHub\The-Paradigm-Facility\TheParadigmFacility\src\ui\TitlePanel.java. Using fallback presentation compiler.
2026.09.20 14:04:16 INFO  no build target found for C:\Users\dizah\Documents\GitHub\The-Paradigm-Facility\TheParadigmFacility\src\ui\TitlePanel.java. Using fallback presentation compiler.
2026.09.20 14:04:16 INFO  no build target found for C:\Users\dizah\Documents\GitHub\The-Paradigm-Facility\TheParadigmFacility\src\ui\TitlePanel.java. Using fallback presentation compiler.
2026.09.20 14:04:16 INFO  no build target found for C:\Users\dizah\Documents\GitHub\The-Paradigm-Facility\TheParadigmFacility\src\ui\TitlePanel.java. Using fallback presentation compiler.
2026.09.20 14:04:16 INFO  no build target found for C:\Users\dizah\Documents\GitHub\The-Paradigm-Facility\TheParadigmFacility\src\ui\TitlePanel.java. Using fallback presentation compiler.
2026.09.20 14:04:17 INFO  no build target found for C:\Users\dizah\Documents\GitHub\The-Paradigm-Facility\TheParadigmFacility\src\ui\TitlePanel.java. Using fallback presentation compiler.
2026.09.20 14:04:17 INFO  no build target found for C:\Users\dizah\Documents\GitHub\The-Paradigm-Facility\TheParadigmFacility\src\ui\TitlePanel.java. Using fallback presentation compiler.
2026.09.20 14:04:17 INFO  no build target found for C:\Users\dizah\Documents\GitHub\The-Paradigm-Facility\TheParadigmFacility\src\ui\TitlePanel.java. Using fallback presentation compiler.
2026.09.20 14:04:17 WARN  no build target for: C:\Users\dizah\Documents\GitHub\The-Paradigm-Facility\TheParadigmFacility\src\ui\TitlePanel.java
2026.09.20 14:04:17 INFO  no build target found for C:\Users\dizah\Documents\GitHub\The-Paradigm-Facility\TheParadigmFacility\src\ui\TitlePanel.java. Using fallback presentation compiler.
2026.09.20 14:04:18 INFO  time: code lens generation in 1.56s
2026.09.20 14:04:19 INFO  time: code lens generation in 1.79s
Sep 20, 2026 2:05:04 PM org.eclipse.lsp4j.jsonrpc.services.GenericEndpoint notify
INFO: Unsupported notification method: $/setTrace
Sep 20, 2026 2:05:12 PM org.eclipse.lsp4j.jsonrpc.services.GenericEndpoint notify
INFO: Unsupported notification method: $/setTrace
2026.09.20 14:05:17 INFO  no build target found for C:\Users\dizah\Documents\GitHub\The-Paradigm-Facility\TheParadigmFacility\src\ui\TitlePanel.java. Using fallback presentation compiler.
2026.09.20 14:05:17 WARN  no build target for: C:\Users\dizah\Documents\GitHub\The-Paradigm-Facility\TheParadigmFacility\src\ui\TitlePanel.java
2026.09.20 14:05:17 INFO  no build target found for C:\Users\dizah\Documents\GitHub\The-Paradigm-Facility\TheParadigmFacility\src\ui\TitlePanel.java. Using fallback presentation compiler.
Sep 20, 2026 2:05:17 PM org.eclipse.lsp4j.jsonrpc.RemoteEndpoint handleCancellation
WARNING: Unmatched cancel notification for request id 707
2026.09.20 14:05:17 INFO  no build target found for C:\Users\dizah\Documents\GitHub\The-Paradigm-Facility\TheParadigmFacility\src\ui\TitlePanel.java. Using fallback presentation compiler.
2026.09.20 14:05:17 INFO  no build target found for C:\Users\dizah\Documents\GitHub\The-Paradigm-Facility\TheParadigmFacility\src\ui\TitlePanel.java. Using fallback presentation compiler.
2026.09.20 14:05:27 INFO  no build target found for C:\Users\dizah\Documents\GitHub\The-Paradigm-Facility\TheParadigmFacility\src\ui\TitlePanel.java. Using fallback presentation compiler.
2026.09.20 14:05:27 WARN  no build target for: C:\Users\dizah\Documents\GitHub\The-Paradigm-Facility\TheParadigmFacility\src\ui\TitlePanel.java
2026.09.20 14:05:27 INFO  no build target found for C:\Users\dizah\Documents\GitHub\The-Paradigm-Facility\TheParadigmFacility\src\ui\TitlePanel.java. Using fallback presentation compiler.
2026.09.20 14:05:27 INFO  no build target found for C:\Users\dizah\Documents\GitHub\The-Paradigm-Facility\TheParadigmFacility\src\ui\TitlePanel.java. Using fallback presentation compiler.
2026.09.20 14:05:27 INFO  no build target found for C:\Users\dizah\Documents\GitHub\The-Paradigm-Facility\TheParadigmFacility\src\ui\TitlePanel.java. Using fallback presentation compiler.
2026.09.20 14:05:34 INFO  no build target found for c:\Users\dizah\Documents\GitHub\The-Paradigm-Facility\TheParadigmFacility\src\ui\TitleSplash.java. Using fallback presentation compiler.
2026.09.20 14:05:40 INFO  no build target found for C:\Users\dizah\Documents\GitHub\The-Paradigm-Facility\TheParadigmFacility\src\ui\TitlePanel.java. Using fallback presentation compiler.
2026.09.20 14:05:40 WARN  no build target for: C:\Users\dizah\Documents\GitHub\The-Paradigm-Facility\TheParadigmFacility\src\ui\TitlePanel.java
2026.09.20 14:05:40 INFO  no build target found for C:\Users\dizah\Documents\GitHub\The-Paradigm-Facility\TheParadigmFacility\src\ui\TitlePanel.java. Using fallback presentation compiler.
2026.09.20 14:05:40 INFO  no build target found for C:\Users\dizah\Documents\GitHub\The-Paradigm-Facility\TheParadigmFacility\src\ui\TitlePanel.java. Using fallback presentation compiler.
2026.09.20 14:05:40 INFO  no build target found for C:\Users\dizah\Documents\GitHub\The-Paradigm-Facility\TheParadigmFacility\src\ui\TitlePanel.java. Using fallback presentation compiler.
2026.09.20 14:05:41 INFO  no build target found for C:\Users\dizah\Documents\GitHub\The-Paradigm-Facility\TheParadigmFacility\src\ui\TitlePanel.java. Using fallback presentation compiler.
2026.09.20 14:05:42 INFO  no build target found for C:\Users\dizah\Documents\GitHub\The-Paradigm-Facility\TheParadigmFacility\src\TheParadigmFacility.java. Using fallback presentation compiler.
2026.09.20 14:05:43 INFO  no build target found for C:\Users\dizah\Documents\GitHub\The-Paradigm-Facility\TheParadigmFacility\src\ui\ScreenManager.java. Using fallback presentation compiler.
2026.09.20 14:05:44 INFO  no build target found for C:\Users\dizah\Documents\GitHub\The-Paradigm-Facility\TheParadigmFacility\src\ui\BackgroundLoop.java. Using fallback presentation compiler.
2026.09.20 14:05:46 WARN  no build target for: C:\Users\dizah\Documents\GitHub\The-Paradigm-Facility\TheParadigmFacility\src\TheParadigmFacility.java
2026.09.20 14:05:46 INFO  no build target found for C:\Users\dizah\Documents\GitHub\The-Paradigm-Facility\TheParadigmFacility\src\TheParadigmFacility.java. Using fallback presentation compiler.
2026.09.20 14:05:46 INFO  no build target found for C:\Users\dizah\Documents\GitHub\The-Paradigm-Facility\TheParadigmFacility\src\TheParadigmFacility.java. Using fallback presentation compiler.
2026.09.20 14:05:46 INFO  no build target found for C:\Users\dizah\Documents\GitHub\The-Paradigm-Facility\TheParadigmFacility\src\TheParadigmFacility.java. Using fallback presentation compiler.
2026.09.20 14:05:46 INFO  no build target found for C:\Users\dizah\Documents\GitHub\The-Paradigm-Facility\TheParadigmFacility\src\TheParadigmFacility.java. Using fallback presentation compiler.
2026.09.20 14:05:46 INFO  no build target found for C:\Users\dizah\Documents\GitHub\The-Paradigm-Facility\TheParadigmFacility\src\TheParadigmFacility.java. Using fallback presentation compiler.
2026.09.20 14:05:48 INFO  no build target found for C:\Users\dizah\Documents\GitHub\The-Paradigm-Facility\TheParadigmFacility\src\ui\TitlePanel.java. Using fallback presentation compiler.
2026.09.20 14:05:53 INFO  Shutting down server
2026.09.20 14:05:53 INFO  Memory monitor stopped
2026.09.20 14:05:53 INFO  shutting down Metals
2026.09.20 14:05:53 INFO  Exiting server
2026.09.20 14:06:28 INFO  Started: Metals version 1.6.9 in folders 'C:\Users\dizah\Documents\GitHub\The-Paradigm-Facility' for client Visual Studio Code 1.138.0.
2026.09.20 14:06:28 INFO  Memory monitor started
2026.09.20 14:06:31 WARN  Using H2 2.5.250 which is newer than the version Flyway has been verified with. The latest verified version of H2 is 2.3.232.
2026.09.20 14:06:31 INFO  no build target found for C:\Users\dizah\Documents\GitHub\The-Paradigm-Facility\TheParadigmFacility\src\ui\TitlePanel.java. Using fallback presentation compiler.
2026.09.20 14:06:33 INFO  no build target found for C:\Users\dizah\Documents\GitHub\The-Paradigm-Facility\TheParadigmFacility\src\ui\TitlePanel.java. Using fallback presentation compiler.
2026.09.20 14:06:33 INFO  no build target found for C:\Users\dizah\Documents\GitHub\The-Paradigm-Facility\TheParadigmFacility\src\ui\TitlePanel.java. Using fallback presentation compiler.
2026.09.20 14:06:33 WARN  no build tool detected in workspace 'C:\Users\dizah\Documents\GitHub\The-Paradigm-Facility'. The most common cause for this problem is that the editor was opened in the wrong working directory, for example if you use sbt then the workspace directory should contain build.sbt. 
2026.09.20 14:06:33 WARN  Build server is not auto-connectable.
2026.09.20 14:06:34 WARN  no build target for: C:\Users\dizah\Documents\GitHub\The-Paradigm-Facility\TheParadigmFacility\src\ui\TitlePanel.java
2026.09.20 14:06:35 INFO  no build target found for C:\Users\dizah\Documents\GitHub\The-Paradigm-Facility\TheParadigmFacility\src\ui\TitlePanel.java. Using fallback presentation compiler.
2026.09.20 14:06:36 INFO  time: code lens generation in 2.52s
2026.09.20 14:06:38 INFO  no build target found for C:\Users\dizah\Documents\GitHub\The-Paradigm-Facility\TheParadigmFacility\src\ui\TitlePanel.java. Using fallback presentation compiler.
2026.09.20 14:06:39 INFO  no build target found for C:\Users\dizah\Documents\GitHub\The-Paradigm-Facility\TheParadigmFacility\src\ui\TitlePanel.java. Using fallback presentation compiler.
2026.09.20 14:06:46 INFO  no build target found for C:\Users\dizah\Documents\GitHub\The-Paradigm-Facility\TheParadigmFacility\src\ui\TitlePanel.java. Using fallback presentation compiler.
2026.09.20 14:06:46 WARN  no build target for: C:\Users\dizah\Documents\GitHub\The-Paradigm-Facility\TheParadigmFacility\src\TheParadigmFacility.java
2026.09.20 14:06:46 INFO  no build target found for C:\Users\dizah\Documents\GitHub\The-Paradigm-Facility\TheParadigmFacility\src\TheParadigmFacility.java. Using fallback presentation compiler.
2026.09.20 14:06:47 INFO  no build target found for C:\Users\dizah\Documents\GitHub\The-Paradigm-Facility\TheParadigmFacility\src\TheParadigmFacility.java. Using fallback presentation compiler.
2026.09.20 14:06:47 INFO  no build target found for C:\Users\dizah\Documents\GitHub\The-Paradigm-Facility\TheParadigmFacility\src\TheParadigmFacility.java. Using fallback presentation compiler.
Sep 20, 2026 2:06:47 PM org.eclipse.lsp4j.jsonrpc.RemoteEndpoint handleCancellation
WARNING: Unmatched cancel notification for request id 23
2026.09.20 14:06:47 INFO  no build target found for C:\Users\dizah\Documents\GitHub\The-Paradigm-Facility\TheParadigmFacility\src\TheParadigmFacility.java. Using fallback presentation compiler.
2026.09.20 14:06:48 INFO  no build target found for C:\Users\dizah\Documents\GitHub\The-Paradigm-Facility\TheParadigmFacility\src\TheParadigmFacility.java. Using fallback presentation compiler.
2026.09.20 14:06:51 INFO  no build target found for C:\Users\dizah\Documents\GitHub\The-Paradigm-Facility\TheParadigmFacility\src\TheParadigmFacility.java. Using fallback presentation compiler.
2026.09.20 14:06:53 INFO  no build target found for C:\Users\dizah\Documents\GitHub\The-Paradigm-Facility\TheParadigmFacility\src\TheParadigmFacility.java. Using fallback presentation compiler.
2026.09.20 14:08:39 INFO  no build target found for C:\Users\dizah\Documents\GitHub\The-Paradigm-Facility\TheParadigmFacility\src\TheParadigmFacility.java. Using fallback presentation compiler.
2026.09.20 14:09:54 INFO  no build target found for C:\Users\dizah\Documents\GitHub\The-Paradigm-Facility\TheParadigmFacility\src\ui\BackgroundLoop.java. Using fallback presentation compiler.
2026.09.20 14:09:54 WARN  no build target for: C:\Users\dizah\Documents\GitHub\The-Paradigm-Facility\TheParadigmFacility\src\ui\BackgroundLoop.java
2026.09.20 14:09:55 INFO  no build target found for C:\Users\dizah\Documents\GitHub\The-Paradigm-Facility\TheParadigmFacility\src\ui\BackgroundLoop.java. Using fallback presentation compiler.
Sep 20, 2026 2:09:55 PM org.eclipse.lsp4j.jsonrpc.RemoteEndpoint handleCancellation
WARNING: Unmatched cancel notification for request id 38
2026.09.20 14:09:54 INFO  no build target found for C:\Users\dizah\Documents\GitHub\The-Paradigm-Facility\TheParadigmFacility\src\ui\BackgroundLoop.java. Using fallback presentation compiler.
2026.09.20 14:09:54 INFO  no build target found for C:\Users\dizah\Documents\GitHub\The-Paradigm-Facility\TheParadigmFacility\src\ui\BackgroundLoop.java. Using fallback presentation compiler.
2026.09.20 14:09:55 INFO  no build target found for C:\Users\dizah\Documents\GitHub\The-Paradigm-Facility\TheParadigmFacility\src\ui\BackgroundLoop.java. Using fallback presentation compiler.
2026.09.20 14:09:59 INFO  no build target found for C:\Users\dizah\Documents\GitHub\The-Paradigm-Facility\TheParadigmFacility\src\ui\BackgroundLoop.java. Using fallback presentation compiler.
2026.09.20 14:09:59 INFO  no build target found for C:\Users\dizah\Documents\GitHub\The-Paradigm-Facility\TheParadigmFacility\src\ui\BackgroundLoop.java. Using fallback presentation compiler.
2026.09.20 14:10:02 INFO  no build target found for C:\Users\dizah\Documents\GitHub\The-Paradigm-Facility\TheParadigmFacility\src\ui\BackgroundLoop.java. Using fallback presentation compiler.
2026.09.20 14:10:02 INFO  no build target found for C:\Users\dizah\Documents\GitHub\The-Paradigm-Facility\TheParadigmFacility\src\ui\BackgroundLoop.java. Using fallback presentation compiler.
2026.09.20 14:10:02 INFO  no build target found for C:\Users\dizah\Documents\GitHub\The-Paradigm-Facility\TheParadigmFacility\src\ui\BackgroundLoop.java. Using fallback presentation compiler.
2026.09.20 14:10:02 WARN  no build target for: C:\Users\dizah\Documents\GitHub\The-Paradigm-Facility\TheParadigmFacility\src\ui\BackgroundLoop.java
2026.09.20 14:10:02 INFO  no build target found for C:\Users\dizah\Documents\GitHub\The-Paradigm-Facility\TheParadigmFacility\src\ui\BackgroundLoop.java. Using fallback presentation compiler.
2026.09.20 14:10:43 INFO  no build target found for C:\Users\dizah\Documents\GitHub\The-Paradigm-Facility\TheParadigmFacility\src\ui\TitlePanel.java. Using fallback presentation compiler.
2026.09.20 14:10:43 WARN  no build target for: C:\Users\dizah\Documents\GitHub\The-Paradigm-Facility\TheParadigmFacility\src\ui\TitlePanel.java
2026.09.20 14:10:43 INFO  no build target found for C:\Users\dizah\Documents\GitHub\The-Paradigm-Facility\TheParadigmFacility\src\ui\TitlePanel.java. Using fallback presentation compiler.
Sep 20, 2026 2:10:43 PM org.eclipse.lsp4j.jsonrpc.RemoteEndpoint handleCancellation
WARNING: Unmatched cancel notification for request id 64
2026.09.20 14:10:43 INFO  no build target found for C:\Users\dizah\Documents\GitHub\The-Paradigm-Facility\TheParadigmFacility\src\ui\TitlePanel.java. Using fallback presentation compiler.
Sep 20, 2026 2:10:43 PM org.eclipse.lsp4j.jsonrpc.RemoteEndpoint handleCancellation
WARNING: Unmatched cancel notification for request id 67
2026.09.20 14:10:43 INFO  no build target found for C:\Users\dizah\Documents\GitHub\The-Paradigm-Facility\TheParadigmFacility\src\ui\TitlePanel.java. Using fallback presentation compiler.
2026.09.20 14:10:46 INFO  no build target found for C:\Users\dizah\Documents\GitHub\The-Paradigm-Facility\TheParadigmFacility\src\ui\TitlePanel.java. Using fallback presentation compiler.
2026.09.20 14:10:46 INFO  time: code lens generation in 1.43s
2026.09.20 14:10:48 INFO  no build target found for C:\Users\dizah\Documents\GitHub\The-Paradigm-Facility\TheParadigmFacility\src\ui\TitlePanel.java. Using fallback presentation compiler.
2026.09.20 14:10:53 INFO  no build target found for C:\Users\dizah\Documents\GitHub\The-Paradigm-Facility\TheParadigmFacility\src\ui\TitlePanel.java. Using fallback presentation compiler.
2026.09.20 14:10:59 INFO  no build target found for C:\Users\dizah\Documents\GitHub\The-Paradigm-Facility\TheParadigmFacility\src\ui\TitlePanel.java. Using fallback presentation compiler.
2026.09.20 14:10:59 INFO  no build target found for C:\Users\dizah\Documents\GitHub\The-Paradigm-Facility\TheParadigmFacility\src\ui\TitlePanel.java. Using fallback presentation compiler.
2026.09.20 14:11:00 INFO  no build target found for C:\Users\dizah\Documents\GitHub\The-Paradigm-Facility\TheParadigmFacility\src\ui\TitlePanel.java. Using fallback presentation compiler.
2026.09.20 14:11:00 INFO  no build target found for C:\Users\dizah\Documents\GitHub\The-Paradigm-Facility\TheParadigmFacility\src\ui\TitlePanel.java. Using fallback presentation compiler.
2026.09.20 14:11:02 INFO  no build target found for C:\Users\dizah\Documents\GitHub\The-Paradigm-Facility\TheParadigmFacility\src\ui\TitlePanel.java. Using fallback presentation compiler.
2026.09.20 14:11:02 INFO  no build target found for C:\Users\dizah\Documents\GitHub\The-Paradigm-Facility\TheParadigmFacility\src\ui\TitlePanel.java. Using fallback presentation compiler.
2026.09.20 14:11:02 INFO  no build target found for C:\Users\dizah\Documents\GitHub\The-Paradigm-Facility\TheParadigmFacility\src\ui\TitlePanel.java. Using fallback presentation compiler.
2026.09.20 14:11:02 INFO  no build target found for C:\Users\dizah\Documents\GitHub\The-Paradigm-Facility\TheParadigmFacility\src\ui\TitlePanel.java. Using fallback presentation compiler.
2026.09.20 14:11:03 INFO  no build target found for C:\Users\dizah\Documents\GitHub\The-Paradigm-Facility\TheParadigmFacility\src\ui\TitlePanel.java. Using fallback presentation compiler.
2026.09.20 14:11:04 INFO  no build target found for C:\Users\dizah\Documents\GitHub\The-Paradigm-Facility\TheParadigmFacility\src\ui\TitlePanel.java. Using fallback presentation compiler.
2026.09.20 14:11:04 INFO  no build target found for C:\Users\dizah\Documents\GitHub\The-Paradigm-Facility\TheParadigmFacility\src\ui\TitlePanel.java. Using fallback presentation compiler.
2026.09.20 14:11:07 INFO  no build target found for C:\Users\dizah\Documents\GitHub\The-Paradigm-Facility\TheParadigmFacility\src\ui\TitlePanel.java. Using fallback presentation compiler.
2026.09.20 14:11:07 INFO  no build target found for C:\Users\dizah\Documents\GitHub\The-Paradigm-Facility\TheParadigmFacility\src\ui\TitlePanel.java. Using fallback presentation compiler.
2026.09.20 14:11:07 INFO  no build target found for C:\Users\dizah\Documents\GitHub\The-Paradigm-Facility\TheParadigmFacility\src\ui\TitlePanel.java. Using fallback presentation compiler.
2026.09.20 14:11:08 INFO  no build target found for C:\Users\dizah\Documents\GitHub\The-Paradigm-Facility\TheParadigmFacility\src\ui\TitlePanel.java. Using fallback presentation compiler.
2026.09.20 14:11:08 INFO  no build target found for C:\Users\dizah\Documents\GitHub\The-Paradigm-Facility\TheParadigmFacility\src\ui\TitlePanel.java. Using fallback presentation compiler.
2026.09.20 14:11:08 INFO  no build target found for C:\Users\dizah\Documents\GitHub\The-Paradigm-Facility\TheParadigmFacility\src\ui\TitlePanel.java. Using fallback presentation compiler.
2026.09.20 14:11:09 INFO  no build target found for C:\Users\dizah\Documents\GitHub\The-Paradigm-Facility\TheParadigmFacility\src\ui\TitlePanel.java. Using fallback presentation compiler.
2026.09.20 14:11:08 INFO  no build target found for C:\Users\dizah\Documents\GitHub\The-Paradigm-Facility\TheParadigmFacility\src\ui\TitlePanel.java. Using fallback presentation compiler.
2026.09.20 14:11:09 INFO  no build target found for C:\Users\dizah\Documents\GitHub\The-Paradigm-Facility\TheParadigmFacility\src\ui\TitlePanel.java. Using fallback presentation compiler.
2026.09.20 14:11:09 INFO  no build target found for C:\Users\dizah\Documents\GitHub\The-Paradigm-Facility\TheParadigmFacility\src\ui\TitlePanel.java. Using fallback presentation compiler.
2026.09.20 14:11:10 INFO  no build target found for C:\Users\dizah\Documents\GitHub\The-Paradigm-Facility\TheParadigmFacility\src\ui\TitlePanel.java. Using fallback presentation compiler.
2026.09.20 14:11:11 INFO  no build target found for C:\Users\dizah\Documents\GitHub\The-Paradigm-Facility\TheParadigmFacility\src\ui\TitlePanel.java. Using fallback presentation compiler.
2026.09.20 14:11:13 INFO  no build target found for C:\Users\dizah\Documents\GitHub\The-Paradigm-Facility\TheParadigmFacility\src\ui\TitlePanel.java. Using fallback presentation compiler.
2026.09.20 14:11:15 INFO  no build target found for C:\Users\dizah\Documents\GitHub\The-Paradigm-Facility\TheParadigmFacility\src\ui\TitlePanel.java. Using fallback presentation compiler.
2026.09.20 14:11:16 INFO  no build target found for C:\Users\dizah\Documents\GitHub\The-Paradigm-Facility\TheParadigmFacility\src\ui\TitlePanel.java. Using fallback presentation compiler.
2026.09.20 14:11:16 INFO  no build target found for C:\Users\dizah\Documents\GitHub\The-Paradigm-Facility\TheParadigmFacility\src\ui\TitlePanel.java. Using fallback presentation compiler.
2026.09.20 14:11:20 INFO  no build target found for C:\Users\dizah\Documents\GitHub\The-Paradigm-Facility\TheParadigmFacility\src\ui\TitlePanel.java. Using fallback presentation compiler.
2026.09.20 14:11:23 INFO  no build target found for C:\Users\dizah\Documents\GitHub\The-Paradigm-Facility\TheParadigmFacility\src\ui\TitlePanel.java. Using fallback presentation compiler.
2026.09.20 14:11:23 INFO  no build target found for C:\Users\dizah\Documents\GitHub\The-Paradigm-Facility\TheParadigmFacility\src\ui\TitlePanel.java. Using fallback presentation compiler.
2026.09.20 14:11:23 INFO  no build target found for C:\Users\dizah\Documents\GitHub\The-Paradigm-Facility\TheParadigmFacility\src\ui\TitlePanel.java. Using fallback presentation compiler.
2026.09.20 14:11:24 INFO  no build target found for C:\Users\dizah\Documents\GitHub\The-Paradigm-Facility\TheParadigmFacility\src\ui\TitlePanel.java. Using fallback presentation compiler.
2026.09.20 14:11:24 INFO  no build target found for C:\Users\dizah\Documents\GitHub\The-Paradigm-Facility\TheParadigmFacility\src\ui\TitlePanel.java. Using fallback presentation compiler.
2026.09.20 14:11:24 INFO  no build target found for C:\Users\dizah\Documents\GitHub\The-Paradigm-Facility\TheParadigmFacility\src\ui\TitlePanel.java. Using fallback presentation compiler.
2026.09.20 14:11:24 INFO  no build target found for C:\Users\dizah\Documents\GitHub\The-Paradigm-Facility\TheParadigmFacility\src\ui\TitlePanel.java. Using fallback presentation compiler.
2026.09.20 14:11:25 INFO  no build target found for C:\Users\dizah\Documents\GitHub\The-Paradigm-Facility\TheParadigmFacility\src\ui\TitlePanel.java. Using fallback presentation compiler.
2026.09.20 14:11:30 INFO  no build target found for C:\Users\dizah\Documents\GitHub\The-Paradigm-Facility\TheParadigmFacility\src\ui\TitlePanel.java. Using fallback presentation compiler.
2026.09.20 14:11:31 INFO  no build target found for C:\Users\dizah\Documents\GitHub\The-Paradigm-Facility\TheParadigmFacility\src\ui\TitlePanel.java. Using fallback presentation compiler.
2026.09.20 14:11:33 INFO  no build target found for C:\Users\dizah\Documents\GitHub\The-Paradigm-Facility\TheParadigmFacility\src\ui\TitlePanel.java. Using fallback presentation compiler.
2026.09.20 14:11:33 INFO  no build target found for C:\Users\dizah\Documents\GitHub\The-Paradigm-Facility\TheParadigmFacility\src\ui\TitlePanel.java. Using fallback presentation compiler.
2026.09.20 14:11:35 INFO  no build target found for C:\Users\dizah\Documents\GitHub\The-Paradigm-Facility\TheParadigmFacility\src\ui\TitlePanel.java. Using fallback presentation compiler.
2026.09.20 14:11:52 INFO  no build target found for C:\Users\dizah\Documents\GitHub\The-Paradigm-Facility\TheParadigmFacility\src\ui\TitlePanel.java. Using fallback presentation compiler.
2026.09.20 14:11:52 INFO  no build target found for C:\Users\dizah\Documents\GitHub\The-Paradigm-Facility\TheParadigmFacility\src\ui\TitlePanel.java. Using fallback presentation compiler.
2026.09.20 14:11:56 INFO  no build target found for C:\Users\dizah\Documents\GitHub\The-Paradigm-Facility\TheParadigmFacility\src\ui\TitlePanel.java. Using fallback presentation compiler.
2026.09.20 14:11:56 INFO  no build target found for C:\Users\dizah\Documents\GitHub\The-Paradigm-Facility\TheParadigmFacility\src\ui\TitlePanel.java. Using fallback presentation compiler.
2026.09.20 14:11:56 INFO  no build target found for C:\Users\dizah\Documents\GitHub\The-Paradigm-Facility\TheParadigmFacility\src\ui\TitlePanel.java. Using fallback presentation compiler.
2026.09.20 14:11:57 INFO  no build target found for C:\Users\dizah\Documents\GitHub\The-Paradigm-Facility\TheParadigmFacility\src\ui\TitlePanel.java. Using fallback presentation compiler.
2026.09.20 14:11:57 INFO  no build target found for C:\Users\dizah\Documents\GitHub\The-Paradigm-Facility\TheParadigmFacility\src\ui\TitlePanel.java. Using fallback presentation compiler.
2026.09.20 14:11:57 INFO  no build target found for C:\Users\dizah\Documents\GitHub\The-Paradigm-Facility\TheParadigmFacility\src\ui\TitlePanel.java. Using fallback presentation compiler.
2026.09.20 14:12:00 INFO  no build target found for C:\Users\dizah\Documents\GitHub\The-Paradigm-Facility\TheParadigmFacility\src\ui\TitlePanel.java. Using fallback presentation compiler.
2026.09.20 14:12:00 INFO  no build target found for C:\Users\dizah\Documents\GitHub\The-Paradigm-Facility\TheParadigmFacility\src\ui\TitlePanel.java. Using fallback presentation compiler.
2026.09.20 14:12:00 INFO  no build target found for C:\Users\dizah\Documents\GitHub\The-Paradigm-Facility\TheParadigmFacility\src\ui\TitlePanel.java. Using fallback presentation compiler.
2026.09.20 14:12:11 INFO  no build target found for C:\Users\dizah\Documents\GitHub\The-Paradigm-Facility\TheParadigmFacility\src\ui\TitlePanel.java. Using fallback presentation compiler.
2026.09.20 14:12:13 INFO  no build target found for C:\Users\dizah\Documents\GitHub\The-Paradigm-Facility\TheParadigmFacility\src\ui\TitlePanel.java. Using fallback presentation compiler.
2026.09.20 14:12:15 INFO  no build target found for C:\Users\dizah\Documents\GitHub\The-Paradigm-Facility\TheParadigmFacility\src\ui\TitlePanel.java. Using fallback presentation compiler.
2026.09.20 14:12:15 INFO  no build target found for C:\Users\dizah\Documents\GitHub\The-Paradigm-Facility\TheParadigmFacility\src\ui\TitlePanel.java. Using fallback presentation compiler.
2026.09.20 14:12:16 INFO  no build target found for C:\Users\dizah\Documents\GitHub\The-Paradigm-Facility\TheParadigmFacility\src\ui\TitlePanel.java. Using fallback presentation compiler.
2026.09.20 14:12:16 INFO  no build target found for C:\Users\dizah\Documents\GitHub\The-Paradigm-Facility\TheParadigmFacility\src\ui\TitlePanel.java. Using fallback presentation compiler.
2026.09.20 14:12:17 INFO  no build target found for C:\Users\dizah\Documents\GitHub\The-Paradigm-Facility\TheParadigmFacility\src\ui\TitlePanel.java. Using fallback presentation compiler.
2026.09.20 14:12:19 INFO  no build target found for C:\Users\dizah\Documents\GitHub\The-Paradigm-Facility\TheParadigmFacility\src\ui\TitlePanel.java. Using fallback presentation compiler.
2026.09.20 14:12:21 INFO  no build target found for C:\Users\dizah\Documents\GitHub\The-Paradigm-Facility\TheParadigmFacility\src\ui\TitlePanel.java. Using fallback presentation compiler.
2026.09.20 14:12:23 INFO  no build target found for C:\Users\dizah\Documents\GitHub\The-Paradigm-Facility\TheParadigmFacility\src\ui\TitlePanel.java. Using fallback presentation compiler.
2026.09.20 14:12:23 INFO  no build target found for C:\Users\dizah\Documents\GitHub\The-Paradigm-Facility\TheParadigmFacility\src\ui\TitlePanel.java. Using fallback presentation compiler.
2026.09.20 14:12:23 INFO  no build target found for C:\Users\dizah\Documents\GitHub\The-Paradigm-Facility\TheParadigmFacility\src\ui\TitlePanel.java. Using fallback presentation compiler.
2026.09.20 14:12:32 INFO  no build target found for C:\Users\dizah\Documents\GitHub\The-Paradigm-Facility\TheParadigmFacility\src\ui\TitlePanel.java. Using fallback presentation compiler.
2026.09.20 14:12:35 INFO  no build target found for C:\Users\dizah\Documents\GitHub\The-Paradigm-Facility\TheParadigmFacility\src\ui\TitlePanel.java. Using fallback presentation compiler.
2026.09.20 14:12:35 INFO  no build target found for C:\Users\dizah\Documents\GitHub\The-Paradigm-Facility\TheParadigmFacility\src\ui\TitlePanel.java. Using fallback presentation compiler.
2026.09.20 14:12:36 INFO  no build target found for C:\Users\dizah\Documents\GitHub\The-Paradigm-Facility\TheParadigmFacility\src\ui\TitlePanel.java. Using fallback presentation compiler.
2026.09.20 14:12:36 INFO  no build target found for C:\Users\dizah\Documents\GitHub\The-Paradigm-Facility\TheParadigmFacility\src\ui\TitlePanel.java. Using fallback presentation compiler.
2026.09.20 14:12:37 INFO  no build target found for C:\Users\dizah\Documents\GitHub\The-Paradigm-Facility\TheParadigmFacility\src\ui\TitlePanel.java. Using fallback presentation compiler.
2026.09.20 14:12:37 INFO  no build target found for C:\Users\dizah\Documents\GitHub\The-Paradigm-Facility\TheParadigmFacility\src\ui\TitlePanel.java. Using fallback presentation compiler.
2026.09.20 14:13:01 INFO  no build target found for C:\Users\dizah\Documents\GitHub\The-Paradigm-Facility\TheParadigmFacility\src\ui\TitlePanel.java. Using fallback presentation compiler.
2026.09.20 14:13:01 INFO  no build target found for C:\Users\dizah\Documents\GitHub\The-Paradigm-Facility\TheParadigmFacility\src\ui\TitlePanel.java. Using fallback presentation compiler.
Sep 20, 2026 2:13:02 PM org.eclipse.lsp4j.jsonrpc.RemoteEndpoint handleCancellation
WARNING: Unmatched cancel notification for request id 282
2026.09.20 14:13:08 INFO  no build target found for C:\Users\dizah\Documents\GitHub\The-Paradigm-Facility\TheParadigmFacility\src\ui\TitlePanel.java. Using fallback presentation compiler.
2026.09.20 14:13:08 INFO  no build target found for C:\Users\dizah\Documents\GitHub\The-Paradigm-Facility\TheParadigmFacility\src\ui\TitlePanel.java. Using fallback presentation compiler.
Sep 20, 2026 2:13:08 PM org.eclipse.lsp4j.jsonrpc.RemoteEndpoint handleCancellation
WARNING: Unmatched cancel notification for request id 316
2026.09.20 14:13:08 INFO  no build target found for C:\Users\dizah\Documents\GitHub\The-Paradigm-Facility\TheParadigmFacility\src\ui\TitlePanel.java. Using fallback presentation compiler.
2026.09.20 14:13:09 INFO  no build target found for C:\Users\dizah\Documents\GitHub\The-Paradigm-Facility\TheParadigmFacility\src\ui\TitlePanel.java. Using fallback presentation compiler.
2026.09.20 14:13:09 INFO  no build target found for C:\Users\dizah\Documents\GitHub\The-Paradigm-Facility\TheParadigmFacility\src\ui\TitlePanel.java. Using fallback presentation compiler.
2026.09.20 14:13:09 INFO  no build target found for C:\Users\dizah\Documents\GitHub\The-Paradigm-Facility\TheParadigmFacility\src\ui\TitlePanel.java. Using fallback presentation compiler.
2026.09.20 14:13:09 INFO  no build target found for C:\Users\dizah\Documents\GitHub\The-Paradigm-Facility\TheParadigmFacility\src\ui\TitlePanel.java. Using fallback presentation compiler.
2026.09.20 14:13:09 INFO  no build target found for C:\Users\dizah\Documents\GitHub\The-Paradigm-Facility\TheParadigmFacility\src\ui\TitlePanel.java. Using fallback presentation compiler.
2026.09.20 14:13:09 INFO  no build target found for C:\Users\dizah\Documents\GitHub\The-Paradigm-Facility\TheParadigmFacility\src\ui\TitlePanel.java. Using fallback presentation compiler.
2026.09.20 14:13:10 INFO  no build target found for C:\Users\dizah\Documents\GitHub\The-Paradigm-Facility\TheParadigmFacility\src\ui\TitlePanel.java. Using fallback presentation compiler.
2026.09.20 14:13:10 INFO  no build target found for C:\Users\dizah\Documents\GitHub\The-Paradigm-Facility\TheParadigmFacility\src\ui\TitlePanel.java. Using fallback presentation compiler.
2026.09.20 14:13:10 INFO  no build target found for C:\Users\dizah\Documents\GitHub\The-Paradigm-Facility\TheParadigmFacility\src\ui\TitlePanel.java. Using fallback presentation compiler.
2026.09.20 14:13:10 INFO  no build target found for C:\Users\dizah\Documents\GitHub\The-Paradigm-Facility\TheParadigmFacility\src\ui\TitlePanel.java. Using fallback presentation compiler.
2026.09.20 14:13:10 INFO  no build target found for C:\Users\dizah\Documents\GitHub\The-Paradigm-Facility\TheParadigmFacility\src\ui\TitlePanel.java. Using fallback presentation compiler.
2026.09.20 14:13:10 INFO  no build target found for C:\Users\dizah\Documents\GitHub\The-Paradigm-Facility\TheParadigmFacility\src\ui\TitlePanel.java. Using fallback presentation compiler.
2026.09.20 14:13:10 INFO  no build target found for C:\Users\dizah\Documents\GitHub\The-Paradigm-Facility\TheParadigmFacility\src\ui\TitlePanel.java. Using fallback presentation compiler.
2026.09.20 14:13:10 INFO  no build target found for C:\Users\dizah\Documents\GitHub\The-Paradigm-Facility\TheParadigmFacility\src\ui\TitlePanel.java. Using fallback presentation compiler.
2026.09.20 14:13:11 INFO  time: code lens generation in 1.2s
2026.09.20 14:13:11 INFO  time: code lens generation in 1.23s
2026.09.20 14:13:11 WARN  no build target for: C:\Users\dizah\Documents\GitHub\The-Paradigm-Facility\TheParadigmFacility\src\ui\TitlePanel.java
2026.09.20 14:13:11 INFO  no build target found for C:\Users\dizah\Documents\GitHub\The-Paradigm-Facility\TheParadigmFacility\src\ui\TitlePanel.java. Using fallback presentation compiler.
2026.09.20 14:14:18 INFO  no build target found for C:\Users\dizah\Documents\GitHub\The-Paradigm-Facility\TheParadigmFacility\src\ui\TitlePanel.java. Using fallback presentation compiler.
2026.09.20 14:14:20 INFO  no build target found for C:\Users\dizah\Documents\GitHub\The-Paradigm-Facility\TheParadigmFacility\src\ui\TitlePanel.java. Using fallback presentation compiler.
2026.09.20 14:14:20 INFO  no build target found for C:\Users\dizah\Documents\GitHub\The-Paradigm-Facility\TheParadigmFacility\src\ui\TitlePanel.java. Using fallback presentation compiler.
2026.09.20 14:14:20 INFO  no build target found for C:\Users\dizah\Documents\GitHub\The-Paradigm-Facility\TheParadigmFacility\src\ui\TitlePanel.java. Using fallback presentation compiler.
2026.09.20 14:14:20 INFO  no build target found for C:\Users\dizah\Documents\GitHub\The-Paradigm-Facility\TheParadigmFacility\src\ui\TitlePanel.java. Using fallback presentation compiler.
Sep 20, 2026 2:14:21 PM org.eclipse.lsp4j.jsonrpc.RemoteEndpoint handleCancellation
WARNING: Unmatched cancel notification for request id 349
Sep 20, 2026 2:14:21 PM org.eclipse.lsp4j.jsonrpc.RemoteEndpoint handleCancellation
WARNING: Unmatched cancel notification for request id 351
2026.09.20 14:14:20 INFO  no build target found for C:\Users\dizah\Documents\GitHub\The-Paradigm-Facility\TheParadigmFacility\src\ui\TitlePanel.java. Using fallback presentation compiler.
2026.09.20 14:14:21 INFO  no build target found for C:\Users\dizah\Documents\GitHub\The-Paradigm-Facility\TheParadigmFacility\src\ui\TitlePanel.java. Using fallback presentation compiler.
2026.09.20 14:14:20 INFO  no build target found for C:\Users\dizah\Documents\GitHub\The-Paradigm-Facility\TheParadigmFacility\src\ui\TitlePanel.java. Using fallback presentation compiler.
2026.09.20 14:14:22 INFO  time: code lens generation in 1.65s
2026.09.20 14:14:23 INFO  time: code lens generation in 1.71s
2026.09.20 14:14:24 INFO  no build target found for C:\Users\dizah\Documents\GitHub\The-Paradigm-Facility\TheParadigmFacility\src\ui\TitlePanel.java. Using fallback presentation compiler.
2026.09.20 14:14:24 INFO  no build target found for C:\Users\dizah\Documents\GitHub\The-Paradigm-Facility\TheParadigmFacility\src\ui\TitlePanel.java. Using fallback presentation compiler.
Sep 20, 2026 2:14:25 PM org.eclipse.lsp4j.jsonrpc.RemoteEndpoint fallbackResponseError
SEVERE: Internal error: java.lang.StringIndexOutOfBoundsException: Range [-1, 2013) out of bounds for length 4167
java.util.concurrent.CompletionException: java.lang.StringIndexOutOfBoundsException: Range [-1, 2013) out of bounds for length 4167
	at java.base/java.util.concurrent.CompletableFuture.wrapInCompletionException(CompletableFuture.java:323)
	at java.base/java.util.concurrent.CompletableFuture.encodeThrowable(CompletableFuture.java:376)
	at java.base/java.util.concurrent.CompletableFuture.completeThrowable(CompletableFuture.java:391)
	at java.base/java.util.concurrent.CompletableFuture$UniAccept.tryFire(CompletableFuture.java:729)
	at java.base/java.util.concurrent.CompletableFuture.postComplete(CompletableFuture.java:531)
	at java.base/java.util.concurrent.CompletableFuture.completeExceptionally(CompletableFuture.java:2221)
	at scala.meta.internal.metals.CancelTokens$.$anonfun$future$1(CancelTokens.scala:40)
	at scala.meta.internal.metals.CancelTokens$.$anonfun$future$1$adapted(CancelTokens.scala:38)
	at scala.concurrent.impl.Promise$Transformation.run(Promise.scala:517)
	at java.base/java.util.concurrent.ThreadPoolExecutor.runWorker(ThreadPoolExecutor.java:1090)
	at java.base/java.util.concurrent.ThreadPoolExecutor$Worker.run(ThreadPoolExecutor.java:614)
	at java.base/java.lang.Thread.run(Thread.java:1474)
Caused by: java.lang.StringIndexOutOfBoundsException: Range [-1, 2013) out of bounds for length 4167
	at java.base/jdk.internal.util.Preconditions$1.apply(Preconditions.java:55)
	at java.base/jdk.internal.util.Preconditions$1.apply(Preconditions.java:52)
	at java.base/jdk.internal.util.Preconditions$4.apply(Preconditions.java:213)
	at java.base/jdk.internal.util.Preconditions$4.apply(Preconditions.java:210)
	at java.base/jdk.internal.util.Preconditions.outOfBounds(Preconditions.java:98)
	at java.base/jdk.internal.util.Preconditions.outOfBoundsCheckFromToIndex(Preconditions.java:112)
	at java.base/jdk.internal.util.Preconditions.checkFromToIndex(Preconditions.java:349)
	at java.base/java.lang.String.checkBoundsBeginEnd(String.java:4937)
	at java.base/java.lang.String.substring(String.java:2899)
	at scala.meta.internal.pc.JavaMetalsGlobal.findIndentifierStartAndEnd(JavaMetalsGlobal.scala:87)
	at scala.meta.internal.pc.JavaDefinitionProvider.$anonfun$definitionImpl$5(JavaDefinitionProvider.scala:122)
	at scala.Option$WithFilter.map(Option.scala:242)
	at scala.meta.internal.pc.JavaDefinitionProvider.definitionImpl(JavaDefinitionProvider.scala:70)
	at scala.meta.internal.pc.JavaDefinitionProvider.definitionOffset(JavaDefinitionProvider.scala:53)
	at scala.meta.internal.pc.JavaDefinitionProvider.definition(JavaDefinitionProvider.scala:31)
	at scala.meta.internal.pc.JavaPresentationCompiler.definition(JavaPresentationCompiler.scala:98)
	at scala.meta.internal.metals.Compilers.$anonfun$definition$1(Compilers.scala:1230)
	at scala.meta.internal.metals.Compilers.$anonfun$withPCAndAdjustLsp$4(Compilers.scala:1543)
	at scala.Option.map(Option.scala:242)
	at scala.meta.internal.metals.Compilers.$anonfun$withPCAndAdjustLsp$3(Compilers.scala:1543)
	at scala.Option.flatMap(Option.scala:283)
	at scala.meta.internal.metals.Compilers.withPCAndAdjustLsp(Compilers.scala:1535)
	at scala.meta.internal.metals.Compilers.definition(Compilers.scala:1221)
	at scala.meta.internal.metals.Compilers.definition(Compilers.scala:1182)
	at scala.meta.internal.metals.DefinitionProvider.fromCompiler$1(DefinitionProvider.scala:97)
	at scala.meta.internal.metals.DefinitionProvider.$anonfun$definition$10(DefinitionProvider.scala:146)
	at scala.meta.internal.metals.DefinitionProvider.$anonfun$definition$15(DefinitionProvider.scala:153)
	at scala.concurrent.impl.Promise$Transformation.run(Promise.scala:503)
	... 3 more

2026.09.20 14:14:25 WARN  no build target for: C:\Users\dizah\Documents\GitHub\The-Paradigm-Facility\TheParadigmFacility\src\ui\TitlePanel.java
2026.09.20 14:14:25 INFO  no build target found for C:\Users\dizah\Documents\GitHub\The-Paradigm-Facility\TheParadigmFacility\src\ui\TitlePanel.java. Using fallback presentation compiler.
2026.09.20 14:14:31 INFO  no build target found for C:\Users\dizah\Documents\GitHub\The-Paradigm-Facility\TheParadigmFacility\src\ui\TitlePanel.java. Using fallback presentation compiler.
2026.09.20 14:14:34 INFO  no build target found for C:\Users\dizah\Documents\GitHub\The-Paradigm-Facility\TheParadigmFacility\src\ui\TitlePanel.java. Using fallback presentation compiler.
2026.09.20 14:14:35 INFO  no build target found for C:\Users\dizah\Documents\GitHub\The-Paradigm-Facility\TheParadigmFacility\src\ui\TitlePanel.java. Using fallback presentation compiler.
2026.09.20 14:14:47 INFO  no build target found for C:\Users\dizah\Documents\GitHub\The-Paradigm-Facility\TheParadigmFacility\src\ui\TitlePanel.java. Using fallback presentation compiler.
2026.09.20 14:14:47 INFO  no build target found for C:\Users\dizah\Documents\GitHub\The-Paradigm-Facility\TheParadigmFacility\src\ui\TitlePanel.java. Using fallback presentation compiler.
2026.09.20 14:14:47 INFO  no build target found for C:\Users\dizah\Documents\GitHub\The-Paradigm-Facility\TheParadigmFacility\src\ui\TitlePanel.java. Using fallback presentation compiler.
2026.09.20 14:14:48 INFO  no build target found for C:\Users\dizah\Documents\GitHub\The-Paradigm-Facility\TheParadigmFacility\src\ui\TitlePanel.java. Using fallback presentation compiler.
2026.09.20 14:14:48 INFO  no build target found for C:\Users\dizah\Documents\GitHub\The-Paradigm-Facility\TheParadigmFacility\src\ui\TitlePanel.java. Using fallback presentation compiler.
2026.09.20 14:14:48 INFO  no build target found for C:\Users\dizah\Documents\GitHub\The-Paradigm-Facility\TheParadigmFacility\src\ui\TitlePanel.java. Using fallback presentation compiler.
2026.09.20 14:14:48 INFO  no build target found for C:\Users\dizah\Documents\GitHub\The-Paradigm-Facility\TheParadigmFacility\src\ui\TitlePanel.java. Using fallback presentation compiler.
2026.09.20 14:14:49 INFO  no build target found for C:\Users\dizah\Documents\GitHub\The-Paradigm-Facility\TheParadigmFacility\src\ui\TitlePanel.java. Using fallback presentation compiler.
2026.09.20 14:14:49 INFO  no build target found for C:\Users\dizah\Documents\GitHub\The-Paradigm-Facility\TheParadigmFacility\src\ui\TitlePanel.java. Using fallback presentation compiler.
2026.09.20 14:14:50 INFO  no build target found for C:\Users\dizah\Documents\GitHub\The-Paradigm-Facility\TheParadigmFacility\src\ui\TitlePanel.java. Using fallback presentation compiler.
2026.09.20 14:14:52 INFO  time: code lens generation in 1.07s
2026.09.20 14:14:52 WARN  no build target for: C:\Users\dizah\Documents\GitHub\The-Paradigm-Facility\TheParadigmFacility\src\ui\TitlePanel.java
2026.09.20 14:14:52 INFO  no build target found for C:\Users\dizah\Documents\GitHub\The-Paradigm-Facility\TheParadigmFacility\src\ui\TitlePanel.java. Using fallback presentation compiler.
2026.09.20 14:14:53 INFO  no build target found for C:\Users\dizah\Documents\GitHub\The-Paradigm-Facility\TheParadigmFacility\src\ui\TitlePanel.java. Using fallback presentation compiler.
2026.09.20 14:14:53 INFO  no build target found for C:\Users\dizah\Documents\GitHub\The-Paradigm-Facility\TheParadigmFacility\src\ui\TitlePanel.java. Using fallback presentation compiler.
Sep 20, 2026 2:14:53 PM org.eclipse.lsp4j.jsonrpc.RemoteEndpoint handleCancellation
WARNING: Unmatched cancel notification for request id 405
2026.09.20 14:14:53 INFO  no build target found for C:\Users\dizah\Documents\GitHub\The-Paradigm-Facility\TheParadigmFacility\src\ui\TitlePanel.java. Using fallback presentation compiler.
2026.09.20 14:14:54 INFO  no build target found for C:\Users\dizah\Documents\GitHub\The-Paradigm-Facility\TheParadigmFacility\src\ui\TitlePanel.java. Using fallback presentation compiler.
2026.09.20 14:14:54 INFO  no build target found for C:\Users\dizah\Documents\GitHub\The-Paradigm-Facility\TheParadigmFacility\src\ui\TitlePanel.java. Using fallback presentation compiler.
2026.09.20 14:14:56 INFO  no build target found for C:\Users\dizah\Documents\GitHub\The-Paradigm-Facility\TheParadigmFacility\src\ui\TitlePanel.java. Using fallback presentation compiler.
2026.09.20 14:14:56 INFO  no build target found for C:\Users\dizah\Documents\GitHub\The-Paradigm-Facility\TheParadigmFacility\src\ui\TitlePanel.java. Using fallback presentation compiler.
Sep 20, 2026 2:14:56 PM org.eclipse.lsp4j.jsonrpc.RemoteEndpoint handleCancellation
WARNING: Unmatched cancel notification for request id 415
2026.09.20 14:14:56 INFO  no build target found for C:\Users\dizah\Documents\GitHub\The-Paradigm-Facility\TheParadigmFacility\src\ui\TitlePanel.java. Using fallback presentation compiler.
2026.09.20 14:14:56 INFO  no build target found for C:\Users\dizah\Documents\GitHub\The-Paradigm-Facility\TheParadigmFacility\src\ui\TitlePanel.java. Using fallback presentation compiler.
2026.09.20 14:14:56 INFO  no build target found for C:\Users\dizah\Documents\GitHub\The-Paradigm-Facility\TheParadigmFacility\src\ui\TitlePanel.java. Using fallback presentation compiler.
2026.09.20 14:14:56 INFO  time: code lens generation in 1.59s
2026.09.20 14:14:57 INFO  no build target found for C:\Users\dizah\Documents\GitHub\The-Paradigm-Facility\TheParadigmFacility\src\ui\TitlePanel.java. Using fallback presentation compiler.
2026.09.20 14:14:57 INFO  no build target found for C:\Users\dizah\Documents\GitHub\The-Paradigm-Facility\TheParadigmFacility\src\ui\TitlePanel.java. Using fallback presentation compiler.
2026.09.20 14:14:57 INFO  no build target found for C:\Users\dizah\Documents\GitHub\The-Paradigm-Facility\TheParadigmFacility\src\ui\TitlePanel.java. Using fallback presentation compiler.
2026.09.20 14:14:57 INFO  no build target found for C:\Users\dizah\Documents\GitHub\The-Paradigm-Facility\TheParadigmFacility\src\ui\TitlePanel.java. Using fallback presentation compiler.
2026.09.20 14:14:59 WARN  no build target for: C:\Users\dizah\Documents\GitHub\The-Paradigm-Facility\TheParadigmFacility\src\ui\TitlePanel.java
2026.09.20 14:14:59 INFO  no build target found for C:\Users\dizah\Documents\GitHub\The-Paradigm-Facility\TheParadigmFacility\src\ui\TitlePanel.java. Using fallback presentation compiler.
2026.09.20 14:15:15 INFO  no build target found for C:\Users\dizah\Documents\GitHub\The-Paradigm-Facility\TheParadigmFacility\src\ui\TitlePanel.java. Using fallback presentation compiler.
Sep 20, 2026 2:15:15 PM org.eclipse.lsp4j.jsonrpc.RemoteEndpoint handleCancellation
WARNING: Unmatched cancel notification for request id 434
2026.09.20 14:15:16 INFO  no build target found for C:\Users\dizah\Documents\GitHub\The-Paradigm-Facility\TheParadigmFacility\src\ui\TitlePanel.java. Using fallback presentation compiler.
2026.09.20 14:15:16 INFO  no build target found for C:\Users\dizah\Documents\GitHub\The-Paradigm-Facility\TheParadigmFacility\src\ui\TitlePanel.java. Using fallback presentation compiler.
2026.09.20 14:15:16 INFO  no build target found for C:\Users\dizah\Documents\GitHub\The-Paradigm-Facility\TheParadigmFacility\src\ui\TitlePanel.java. Using fallback presentation compiler.
2026.09.20 14:15:16 INFO  no build target found for C:\Users\dizah\Documents\GitHub\The-Paradigm-Facility\TheParadigmFacility\src\ui\TitlePanel.java. Using fallback presentation compiler.
2026.09.20 14:15:17 INFO  no build target found for C:\Users\dizah\Documents\GitHub\The-Paradigm-Facility\TheParadigmFacility\src\ui\TitlePanel.java. Using fallback presentation compiler.
2026.09.20 14:15:17 INFO  no build target found for C:\Users\dizah\Documents\GitHub\The-Paradigm-Facility\TheParadigmFacility\src\ui\TitlePanel.java. Using fallback presentation compiler.
2026.09.20 14:15:17 INFO  no build target found for C:\Users\dizah\Documents\GitHub\The-Paradigm-Facility\TheParadigmFacility\src\ui\TitlePanel.java. Using fallback presentation compiler.
2026.09.20 14:15:18 INFO  no build target found for C:\Users\dizah\Documents\GitHub\The-Paradigm-Facility\TheParadigmFacility\src\ui\TitlePanel.java. Using fallback presentation compiler.
2026.09.20 14:15:18 INFO  no build target found for C:\Users\dizah\Documents\GitHub\The-Paradigm-Facility\TheParadigmFacility\src\ui\TitlePanel.java. Using fallback presentation compiler.
2026.09.20 14:15:18 INFO  no build target found for C:\Users\dizah\Documents\GitHub\The-Paradigm-Facility\TheParadigmFacility\src\ui\TitlePanel.java. Using fallback presentation compiler.
2026.09.20 14:15:18 INFO  no build target found for C:\Users\dizah\Documents\GitHub\The-Paradigm-Facility\TheParadigmFacility\src\ui\TitlePanel.java. Using fallback presentation compiler.
2026.09.20 14:15:19 INFO  no build target found for C:\Users\dizah\Documents\GitHub\The-Paradigm-Facility\TheParadigmFacility\src\ui\TitlePanel.java. Using fallback presentation compiler.
2026.09.20 14:15:19 WARN  no build target for: C:\Users\dizah\Documents\GitHub\The-Paradigm-Facility\TheParadigmFacility\src\ui\TitlePanel.java
2026.09.20 14:15:19 INFO  no build target found for C:\Users\dizah\Documents\GitHub\The-Paradigm-Facility\TheParadigmFacility\src\ui\TitlePanel.java. Using fallback presentation compiler.
2026.09.20 14:15:19 INFO  no build target found for C:\Users\dizah\Documents\GitHub\The-Paradigm-Facility\TheParadigmFacility\src\ui\TitlePanel.java. Using fallback presentation compiler.
2026.09.20 14:15:38 INFO  no build target found for C:\Users\dizah\Documents\GitHub\The-Paradigm-Facility\TheParadigmFacility\src\ui\TitlePanel.java. Using fallback presentation compiler.
2026.09.20 14:15:38 INFO  no build target found for C:\Users\dizah\Documents\GitHub\The-Paradigm-Facility\TheParadigmFacility\src\ui\TitlePanel.java. Using fallback presentation compiler.
2026.09.20 14:15:38 INFO  no build target found for C:\Users\dizah\Documents\GitHub\The-Paradigm-Facility\TheParadigmFacility\src\ui\TitlePanel.java. Using fallback presentation compiler.
2026.09.20 14:15:38 INFO  no build target found for C:\Users\dizah\Documents\GitHub\The-Paradigm-Facility\TheParadigmFacility\src\ui\TitlePanel.java. Using fallback presentation compiler.
2026.09.20 14:15:39 INFO  no build target found for C:\Users\dizah\Documents\GitHub\The-Paradigm-Facility\TheParadigmFacility\src\ui\TitlePanel.java. Using fallback presentation compiler.
2026.09.20 14:15:39 WARN  no build target for: C:\Users\dizah\Documents\GitHub\The-Paradigm-Facility\TheParadigmFacility\src\ui\TitlePanel.java
2026.09.20 14:15:39 INFO  no build target found for C:\Users\dizah\Documents\GitHub\The-Paradigm-Facility\TheParadigmFacility\src\ui\TitlePanel.java. Using fallback presentation compiler.
2026.09.20 14:15:39 INFO  no build target found for C:\Users\dizah\Documents\GitHub\The-Paradigm-Facility\TheParadigmFacility\src\ui\TitlePanel.java. Using fallback presentation compiler.
2026.09.20 14:15:39 INFO  no build target found for C:\Users\dizah\Documents\GitHub\The-Paradigm-Facility\TheParadigmFacility\src\ui\TitlePanel.java. Using fallback presentation compiler.
2026.09.20 14:15:39 INFO  Created report: Optional[file:///C:/Users/dizah/Documents/GitHub/The-Paradigm-Facility/TheParadigmFacility/src/ui/TitlePanel.java]
2026.09.20 14:15:39 INFO  empty definition using pc, found symbol in pc: java/awt/Font#PLAIN. (full report at: "C:\Users\dizah\Documents\GitHub\The-Paradigm-Facility\.metals\.reports\metals-full\2026-09-20\r_empty-definition_14-15-40-278.md")
2026.09.20 14:16:03 INFO  no build target found for C:\Users\dizah\Documents\GitHub\The-Paradigm-Facility\TheParadigmFacility\src\ui\TitlePanel.java. Using fallback presentation compiler.
2026.09.20 14:16:20 INFO  no build target found for C:\Users\dizah\Documents\GitHub\The-Paradigm-Facility\TheParadigmFacility\src\ui\TitlePanel.java. Using fallback presentation compiler.
Sep 20, 2026 2:16:20 PM org.eclipse.lsp4j.jsonrpc.RemoteEndpoint handleCancellation
WARNING: Unmatched cancel notification for request id 485
2026.09.20 14:16:20 INFO  no build target found for C:\Users\dizah\Documents\GitHub\The-Paradigm-Facility\TheParadigmFacility\src\ui\TitlePanel.java. Using fallback presentation compiler.
Sep 20, 2026 2:16:21 PM org.eclipse.lsp4j.jsonrpc.RemoteEndpoint handleCancellation
WARNING: Unmatched cancel notification for request id 487
2026.09.20 14:16:23 INFO  no build target found for C:\Users\dizah\Documents\GitHub\The-Paradigm-Facility\TheParadigmFacility\src\ui\TitlePanel.java. Using fallback presentation compiler.
2026.09.20 14:16:23 INFO  no build target found for C:\Users\dizah\Documents\GitHub\The-Paradigm-Facility\TheParadigmFacility\src\ui\TitlePanel.java. Using fallback presentation compiler.
Sep 20, 2026 2:16:24 PM org.eclipse.lsp4j.jsonrpc.RemoteEndpoint handleCancellation
WARNING: Unmatched cancel notification for request id 508
2026.09.20 14:16:24 INFO  no build target found for C:\Users\dizah\Documents\GitHub\The-Paradigm-Facility\TheParadigmFacility\src\ui\TitlePanel.java. Using fallback presentation compiler.
2026.09.20 14:16:24 INFO  no build target found for C:\Users\dizah\Documents\GitHub\The-Paradigm-Facility\TheParadigmFacility\src\ui\TitlePanel.java. Using fallback presentation compiler.
Sep 20, 2026 2:16:25 PM org.eclipse.lsp4j.jsonrpc.RemoteEndpoint handleCancellation
WARNING: Unmatched cancel notification for request id 510
2026.09.20 14:16:24 INFO  no build target found for C:\Users\dizah\Documents\GitHub\The-Paradigm-Facility\TheParadigmFacility\src\ui\TitlePanel.java. Using fallback presentation compiler.
2026.09.20 14:16:25 INFO  no build target found for C:\Users\dizah\Documents\GitHub\The-Paradigm-Facility\TheParadigmFacility\src\ui\TitlePanel.java. Using fallback presentation compiler.
2026.09.20 14:16:24 INFO  no build target found for C:\Users\dizah\Documents\GitHub\The-Paradigm-Facility\TheParadigmFacility\src\ui\TitlePanel.java. Using fallback presentation compiler.
2026.09.20 14:16:26 WARN  no build target for: C:\Users\dizah\Documents\GitHub\The-Paradigm-Facility\TheParadigmFacility\src\ui\TitlePanel.java
2026.09.20 14:16:26 INFO  no build target found for C:\Users\dizah\Documents\GitHub\The-Paradigm-Facility\TheParadigmFacility\src\ui\TitlePanel.java. Using fallback presentation compiler.
2026.09.20 14:16:26 INFO  time: code lens generation in 1.01s
2026.09.20 14:16:43 INFO  no build target found for C:\Users\dizah\Documents\GitHub\The-Paradigm-Facility\TheParadigmFacility\src\ui\TitlePanel.java. Using fallback presentation compiler.
2026.09.20 14:16:43 INFO  no build target found for C:\Users\dizah\Documents\GitHub\The-Paradigm-Facility\TheParadigmFacility\src\ui\TitlePanel.java. Using fallback presentation compiler.
2026.09.20 14:16:43 INFO  no build target found for C:\Users\dizah\Documents\GitHub\The-Paradigm-Facility\TheParadigmFacility\src\ui\TitlePanel.java. Using fallback presentation compiler.
2026.09.20 14:16:46 INFO  no build target found for C:\Users\dizah\Documents\GitHub\The-Paradigm-Facility\TheParadigmFacility\src\ui\TitlePanel.java. Using fallback presentation compiler.
Sep 20, 2026 2:16:46 PM org.eclipse.lsp4j.jsonrpc.RemoteEndpoint handleCancellation
WARNING: Unmatched cancel notification for request id 524
2026.09.20 14:16:46 INFO  no build target found for C:\Users\dizah\Documents\GitHub\The-Paradigm-Facility\TheParadigmFacility\src\ui\TitlePanel.java. Using fallback presentation compiler.
2026.09.20 14:16:46 INFO  no build target found for C:\Users\dizah\Documents\GitHub\The-Paradigm-Facility\TheParadigmFacility\src\ui\TitlePanel.java. Using fallback presentation compiler.
2026.09.20 14:17:42 INFO  no build target found for C:\Users\dizah\Documents\GitHub\The-Paradigm-Facility\TheParadigmFacility\src\ui\TitlePanel.java. Using fallback presentation compiler.
2026.09.20 14:17:42 INFO  no build target found for C:\Users\dizah\Documents\GitHub\The-Paradigm-Facility\TheParadigmFacility\src\ui\TitlePanel.java. Using fallback presentation compiler.
2026.09.20 14:17:42 INFO  no build target found for C:\Users\dizah\Documents\GitHub\The-Paradigm-Facility\TheParadigmFacility\src\ui\TitlePanel.java. Using fallback presentation compiler.
Sep 20, 2026 2:17:43 PM org.eclipse.lsp4j.jsonrpc.RemoteEndpoint handleCancellation
WARNING: Unmatched cancel notification for request id 537
2026.09.20 14:17:44 INFO  no build target found for C:\Users\dizah\Documents\GitHub\The-Paradigm-Facility\TheParadigmFacility\src\ui\TitlePanel.java. Using fallback presentation compiler.
2026.09.20 14:17:46 INFO  no build target found for C:\Users\dizah\Documents\GitHub\The-Paradigm-Facility\TheParadigmFacility\src\ui\TitlePanel.java. Using fallback presentation compiler.
2026.09.20 14:17:49 INFO  no build target found for C:\Users\dizah\Documents\GitHub\The-Paradigm-Facility\TheParadigmFacility\src\ui\TitlePanel.java. Using fallback presentation compiler.
2026.09.20 14:17:49 INFO  no build target found for C:\Users\dizah\Documents\GitHub\The-Paradigm-Facility\TheParadigmFacility\src\ui\TitlePanel.java. Using fallback presentation compiler.
2026.09.20 14:17:51 INFO  no build target found for C:\Users\dizah\Documents\GitHub\The-Paradigm-Facility\TheParadigmFacility\src\ui\TitlePanel.java. Using fallback presentation compiler.
2026.09.20 14:17:56 INFO  no build target found for C:\Users\dizah\Documents\GitHub\The-Paradigm-Facility\TheParadigmFacility\src\ui\TitlePanel.java. Using fallback presentation compiler.
2026.09.20 14:18:32 INFO  no build target found for C:\Users\dizah\Documents\GitHub\The-Paradigm-Facility\TheParadigmFacility\src\ui\TitlePanel.java. Using fallback presentation compiler.
2026.09.20 14:18:34 INFO  no build target found for C:\Users\dizah\Documents\GitHub\The-Paradigm-Facility\TheParadigmFacility\src\ui\TitlePanel.java. Using fallback presentation compiler.
2026.09.20 14:18:34 INFO  no build target found for C:\Users\dizah\Documents\GitHub\The-Paradigm-Facility\TheParadigmFacility\src\ui\TitlePanel.java. Using fallback presentation compiler.
2026.09.20 14:18:34 INFO  no build target found for C:\Users\dizah\Documents\GitHub\The-Paradigm-Facility\TheParadigmFacility\src\ui\TitlePanel.java. Using fallback presentation compiler.
2026.09.20 14:18:34 INFO  no build target found for C:\Users\dizah\Documents\GitHub\The-Paradigm-Facility\TheParadigmFacility\src\ui\TitlePanel.java. Using fallback presentation compiler.
2026.09.20 14:18:34 INFO  no build target found for C:\Users\dizah\Documents\GitHub\The-Paradigm-Facility\TheParadigmFacility\src\ui\TitlePanel.java. Using fallback presentation compiler.
2026.09.20 14:18:34 INFO  no build target found for C:\Users\dizah\Documents\GitHub\The-Paradigm-Facility\TheParadigmFacility\src\ui\TitlePanel.java. Using fallback presentation compiler.
2026.09.20 14:18:34 INFO  no build target found for C:\Users\dizah\Documents\GitHub\The-Paradigm-Facility\TheParadigmFacility\src\ui\TitlePanel.java. Using fallback presentation compiler.
2026.09.20 14:18:34 INFO  no build target found for C:\Users\dizah\Documents\GitHub\The-Paradigm-Facility\TheParadigmFacility\src\ui\TitlePanel.java. Using fallback presentation compiler.
Sep 20, 2026 2:18:34 PM org.eclipse.lsp4j.jsonrpc.RemoteEndpoint handleCancellation
WARNING: Unmatched cancel notification for request id 739
Sep 20, 2026 2:18:35 PM org.eclipse.lsp4j.jsonrpc.RemoteEndpoint handleCancellation
WARNING: Unmatched cancel notification for request id 742
2026.09.20 14:18:34 INFO  no build target found for C:\Users\dizah\Documents\GitHub\The-Paradigm-Facility\TheParadigmFacility\src\ui\TitlePanel.java. Using fallback presentation compiler.
2026.09.20 14:18:35 INFO  no build target found for C:\Users\dizah\Documents\GitHub\The-Paradigm-Facility\TheParadigmFacility\src\ui\TitlePanel.java. Using fallback presentation compiler.
2026.09.20 14:18:35 INFO  no build target found for C:\Users\dizah\Documents\GitHub\The-Paradigm-Facility\TheParadigmFacility\src\ui\TitlePanel.java. Using fallback presentation compiler.
2026.09.20 14:18:35 INFO  no build target found for C:\Users\dizah\Documents\GitHub\The-Paradigm-Facility\TheParadigmFacility\src\ui\TitlePanel.java. Using fallback presentation compiler.
2026.09.20 14:18:35 INFO  time: code lens generation in 1.68s
2026.09.20 14:18:36 INFO  time: code lens generation in 1.42s
2026.09.20 14:18:36 INFO  time: code lens generation in 1.78s
Sep 20, 2026 2:18:36 PM org.eclipse.lsp4j.jsonrpc.RemoteEndpoint handleCancellation
WARNING: Unmatched cancel notification for request id 745
2026.09.20 14:18:37 INFO  no build target found for C:\Users\dizah\Documents\GitHub\The-Paradigm-Facility\TheParadigmFacility\src\ui\TitlePanel.java. Using fallback presentation compiler.
Sep 20, 2026 2:18:37 PM org.eclipse.lsp4j.jsonrpc.RemoteEndpoint handleCancellation
WARNING: Unmatched cancel notification for request id 750
2026.09.20 14:18:37 INFO  no build target found for C:\Users\dizah\Documents\GitHub\The-Paradigm-Facility\TheParadigmFacility\src\ui\TitlePanel.java. Using fallback presentation compiler.
2026.09.20 14:18:37 INFO  no build target found for C:\Users\dizah\Documents\GitHub\The-Paradigm-Facility\TheParadigmFacility\src\ui\TitlePanel.java. Using fallback presentation compiler.
Sep 20, 2026 2:18:37 PM org.eclipse.lsp4j.jsonrpc.RemoteEndpoint handleCancellation
WARNING: Unmatched cancel notification for request id 756
Sep 20, 2026 2:18:37 PM org.eclipse.lsp4j.jsonrpc.RemoteEndpoint handleCancellation
WARNING: Unmatched cancel notification for request id 757
2026.09.20 14:18:37 INFO  no build target found for C:\Users\dizah\Documents\GitHub\The-Paradigm-Facility\TheParadigmFacility\src\ui\TitlePanel.java. Using fallback presentation compiler.
2026.09.20 14:18:39 INFO  no build target found for C:\Users\dizah\Documents\GitHub\The-Paradigm-Facility\TheParadigmFacility\src\ui\TitlePanel.java. Using fallback presentation compiler.
2026.09.20 14:18:39 INFO  no build target found for C:\Users\dizah\Documents\GitHub\The-Paradigm-Facility\TheParadigmFacility\src\ui\TitlePanel.java. Using fallback presentation compiler.
2026.09.20 14:18:39 INFO  no build target found for C:\Users\dizah\Documents\GitHub\The-Paradigm-Facility\TheParadigmFacility\src\ui\TitlePanel.java. Using fallback presentation compiler.
2026.09.20 14:18:40 INFO  no build target found for C:\Users\dizah\Documents\GitHub\The-Paradigm-Facility\TheParadigmFacility\src\ui\TitlePanel.java. Using fallback presentation compiler.
2026.09.20 14:18:40 INFO  no build target found for C:\Users\dizah\Documents\GitHub\The-Paradigm-Facility\TheParadigmFacility\src\ui\TitlePanel.java. Using fallback presentation compiler.
2026.09.20 14:18:42 INFO  no build target found for C:\Users\dizah\Documents\GitHub\The-Paradigm-Facility\TheParadigmFacility\src\ui\TitlePanel.java. Using fallback presentation compiler.
Sep 20, 2026 2:18:45 PM org.eclipse.lsp4j.jsonrpc.RemoteEndpoint handleCancellation
WARNING: Unmatched cancel notification for request id 773
2026.09.20 14:19:06 INFO  no build target found for C:\Users\dizah\Documents\GitHub\The-Paradigm-Facility\TheParadigmFacility\src\ui\TitlePanel.java. Using fallback presentation compiler.
2026.09.20 14:19:06 INFO  no build target found for C:\Users\dizah\Documents\GitHub\The-Paradigm-Facility\TheParadigmFacility\src\ui\TitlePanel.java. Using fallback presentation compiler.
2026.09.20 14:19:07 INFO  no build target found for C:\Users\dizah\Documents\GitHub\The-Paradigm-Facility\TheParadigmFacility\src\ui\TitlePanel.java. Using fallback presentation compiler.
2026.09.20 14:19:07 INFO  no build target found for C:\Users\dizah\Documents\GitHub\The-Paradigm-Facility\TheParadigmFacility\src\ui\TitlePanel.java. Using fallback presentation compiler.
2026.09.20 14:19:08 INFO  no build target found for C:\Users\dizah\Documents\GitHub\The-Paradigm-Facility\TheParadigmFacility\src\ui\TitlePanel.java. Using fallback presentation compiler.
2026.09.20 14:19:08 INFO  no build target found for C:\Users\dizah\Documents\GitHub\The-Paradigm-Facility\TheParadigmFacility\src\ui\TitlePanel.java. Using fallback presentation compiler.
2026.09.20 14:19:08 INFO  no build target found for C:\Users\dizah\Documents\GitHub\The-Paradigm-Facility\TheParadigmFacility\src\ui\TitlePanel.java. Using fallback presentation compiler.
2026.09.20 14:19:09 INFO  no build target found for C:\Users\dizah\Documents\GitHub\The-Paradigm-Facility\TheParadigmFacility\src\ui\TitlePanel.java. Using fallback presentation compiler.
2026.09.20 14:19:09 INFO  no build target found for C:\Users\dizah\Documents\GitHub\The-Paradigm-Facility\TheParadigmFacility\src\ui\TitlePanel.java. Using fallback presentation compiler.
2026.09.20 14:19:11 INFO  no build target found for C:\Users\dizah\Documents\GitHub\The-Paradigm-Facility\TheParadigmFacility\src\ui\TitlePanel.java. Using fallback presentation compiler.
2026.09.20 14:19:11 INFO  no build target found for C:\Users\dizah\Documents\GitHub\The-Paradigm-Facility\TheParadigmFacility\src\ui\TitlePanel.java. Using fallback presentation compiler.
2026.09.20 14:19:11 INFO  no build target found for C:\Users\dizah\Documents\GitHub\The-Paradigm-Facility\TheParadigmFacility\src\ui\TitlePanel.java. Using fallback presentation compiler.
2026.09.20 14:19:11 INFO  no build target found for C:\Users\dizah\Documents\GitHub\The-Paradigm-Facility\TheParadigmFacility\src\ui\TitlePanel.java. Using fallback presentation compiler.
2026.09.20 14:19:11 INFO  no build target found for C:\Users\dizah\Documents\GitHub\The-Paradigm-Facility\TheParadigmFacility\src\ui\TitlePanel.java. Using fallback presentation compiler.
2026.09.20 14:19:11 INFO  no build target found for C:\Users\dizah\Documents\GitHub\The-Paradigm-Facility\TheParadigmFacility\src\ui\TitlePanel.java. Using fallback presentation compiler.
2026.09.20 14:19:12 INFO  no build target found for C:\Users\dizah\Documents\GitHub\The-Paradigm-Facility\TheParadigmFacility\src\ui\TitlePanel.java. Using fallback presentation compiler.
2026.09.20 14:19:12 INFO  no build target found for C:\Users\dizah\Documents\GitHub\The-Paradigm-Facility\TheParadigmFacility\src\ui\TitlePanel.java. Using fallback presentation compiler.
2026.09.20 14:19:12 INFO  no build target found for C:\Users\dizah\Documents\GitHub\The-Paradigm-Facility\TheParadigmFacility\src\ui\TitlePanel.java. Using fallback presentation compiler.
2026.09.20 14:19:12 INFO  no build target found for C:\Users\dizah\Documents\GitHub\The-Paradigm-Facility\TheParadigmFacility\src\ui\TitlePanel.java. Using fallback presentation compiler.
2026.09.20 14:19:13 INFO  no build target found for C:\Users\dizah\Documents\GitHub\The-Paradigm-Facility\TheParadigmFacility\src\ui\TitlePanel.java. Using fallback presentation compiler.
2026.09.20 14:19:13 INFO  no build target found for C:\Users\dizah\Documents\GitHub\The-Paradigm-Facility\TheParadigmFacility\src\ui\TitlePanel.java. Using fallback presentation compiler.
2026.09.20 14:19:14 INFO  no build target found for C:\Users\dizah\Documents\GitHub\The-Paradigm-Facility\TheParadigmFacility\src\ui\TitlePanel.java. Using fallback presentation compiler.
2026.09.20 14:19:15 INFO  no build target found for C:\Users\dizah\Documents\GitHub\The-Paradigm-Facility\TheParadigmFacility\src\ui\TitlePanel.java. Using fallback presentation compiler.
2026.09.20 14:19:15 INFO  Created report: Optional[file:///C:/Users/dizah/Documents/GitHub/The-Paradigm-Facility/TheParadigmFacility/src/ui/TitlePanel.java]
2026.09.20 14:19:15 INFO  no build target found for C:\Users\dizah\Documents\GitHub\The-Paradigm-Facility\TheParadigmFacility\src\ui\TitlePanel.java. Using fallback presentation compiler.
2026.09.20 14:19:15 INFO  empty definition using pc, found symbol in pc: javax/swing/Box#createVerticalStrut(). (full report at: "C:\Users\dizah\Documents\GitHub\The-Paradigm-Facility\.metals\.reports\metals-full\2026-09-20\r_empty-definition_14-19-15-406.md")
2026.09.20 14:19:15 INFO  no build target found for C:\Users\dizah\Documents\GitHub\The-Paradigm-Facility\TheParadigmFacility\src\ui\TitlePanel.java. Using fallback presentation compiler.
2026.09.20 14:19:15 INFO  no build target found for C:\Users\dizah\Documents\GitHub\The-Paradigm-Facility\TheParadigmFacility\src\ui\TitlePanel.java. Using fallback presentation compiler.
2026.09.20 14:19:15 INFO  empty definition using pc, found symbol in pc: javax/swing/Box#createVerticalStrut(). (full report at: "C:\Users\dizah\Documents\GitHub\The-Paradigm-Facility\.metals\.reports\metals-full\2026-09-20\r_empty-definition_14-19-15-406.md")
2026.09.20 14:19:15 WARN  no build target for: C:\Users\dizah\Documents\GitHub\The-Paradigm-Facility\TheParadigmFacility\src\ui\TitlePanel.java
2026.09.20 14:19:15 INFO  no build target found for C:\Users\dizah\Documents\GitHub\The-Paradigm-Facility\TheParadigmFacility\src\ui\TitlePanel.java. Using fallback presentation compiler.
2026.09.20 14:19:15 INFO  Created report: Optional[file:///C:/Users/dizah/Documents/GitHub/The-Paradigm-Facility/TheParadigmFacility/src/ui/TitlePanel.java]
2026.09.20 14:19:15 INFO  empty definition using pc, found symbol in pc: javax/swing/JComponent#setAlignmentX(). (full report at: "C:\Users\dizah\Documents\GitHub\The-Paradigm-Facility\.metals\.reports\metals-full\2026-09-20\r_empty-definition_14-19-15-600.md")
2026.09.20 14:19:32 INFO  no build target found for C:\Users\dizah\Documents\GitHub\The-Paradigm-Facility\TheParadigmFacility\src\ui\TitlePanel.java. Using fallback presentation compiler.
2026.09.20 14:19:32 INFO  no build target found for C:\Users\dizah\Documents\GitHub\The-Paradigm-Facility\TheParadigmFacility\src\ui\TitlePanel.java. Using fallback presentation compiler.
2026.09.20 14:19:34 INFO  no build target found for C:\Users\dizah\Documents\GitHub\The-Paradigm-Facility\TheParadigmFacility\src\ui\TitlePanel.java. Using fallback presentation compiler.
2026.09.20 14:19:34 INFO  no build target found for C:\Users\dizah\Documents\GitHub\The-Paradigm-Facility\TheParadigmFacility\src\ui\TitlePanel.java. Using fallback presentation compiler.
2026.09.20 14:19:35 INFO  no build target found for C:\Users\dizah\Documents\GitHub\The-Paradigm-Facility\TheParadigmFacility\src\ui\TitlePanel.java. Using fallback presentation compiler.
2026.09.20 14:19:35 INFO  no build target found for C:\Users\dizah\Documents\GitHub\The-Paradigm-Facility\TheParadigmFacility\src\ui\TitlePanel.java. Using fallback presentation compiler.
2026.09.20 14:19:36 INFO  no build target found for C:\Users\dizah\Documents\GitHub\The-Paradigm-Facility\TheParadigmFacility\src\ui\TitlePanel.java. Using fallback presentation compiler.
2026.09.20 14:19:36 INFO  no build target found for C:\Users\dizah\Documents\GitHub\The-Paradigm-Facility\TheParadigmFacility\src\ui\TitlePanel.java. Using fallback presentation compiler.
2026.09.20 14:19:36 INFO  no build target found for C:\Users\dizah\Documents\GitHub\The-Paradigm-Facility\TheParadigmFacility\src\ui\TitlePanel.java. Using fallback presentation compiler.
2026.09.20 14:19:36 INFO  no build target found for C:\Users\dizah\Documents\GitHub\The-Paradigm-Facility\TheParadigmFacility\src\ui\TitlePanel.java. Using fallback presentation compiler.
2026.09.20 14:19:36 INFO  no build target found for C:\Users\dizah\Documents\GitHub\The-Paradigm-Facility\TheParadigmFacility\src\ui\TitlePanel.java. Using fallback presentation compiler.
2026.09.20 14:19:37 INFO  no build target found for C:\Users\dizah\Documents\GitHub\The-Paradigm-Facility\TheParadigmFacility\src\ui\TitlePanel.java. Using fallback presentation compiler.
2026.09.20 14:19:38 WARN  no build target for: C:\Users\dizah\Documents\GitHub\The-Paradigm-Facility\TheParadigmFacility\src\ui\TitlePanel.java
2026.09.20 14:19:38 INFO  no build target found for C:\Users\dizah\Documents\GitHub\The-Paradigm-Facility\TheParadigmFacility\src\ui\TitlePanel.java. Using fallback presentation compiler.
2026.09.20 14:19:51 INFO  no build target found for C:\Users\dizah\Documents\GitHub\The-Paradigm-Facility\TheParadigmFacility\src\ui\TitlePanel.java. Using fallback presentation compiler.
2026.09.20 14:19:51 INFO  no build target found for C:\Users\dizah\Documents\GitHub\The-Paradigm-Facility\TheParadigmFacility\src\ui\TitlePanel.java. Using fallback presentation compiler.
2026.09.20 14:19:53 INFO  no build target found for C:\Users\dizah\Documents\GitHub\The-Paradigm-Facility\TheParadigmFacility\src\ui\TitlePanel.java. Using fallback presentation compiler.
2026.09.20 14:19:53 INFO  no build target found for C:\Users\dizah\Documents\GitHub\The-Paradigm-Facility\TheParadigmFacility\src\ui\TitlePanel.java. Using fallback presentation compiler.
2026.09.20 14:19:54 INFO  no build target found for C:\Users\dizah\Documents\GitHub\The-Paradigm-Facility\TheParadigmFacility\src\ui\TitlePanel.java. Using fallback presentation compiler.
2026.09.20 14:19:54 INFO  no build target found for C:\Users\dizah\Documents\GitHub\The-Paradigm-Facility\TheParadigmFacility\src\ui\TitlePanel.java. Using fallback presentation compiler.
2026.09.20 14:19:54 INFO  no build target found for C:\Users\dizah\Documents\GitHub\The-Paradigm-Facility\TheParadigmFacility\src\ui\TitlePanel.java. Using fallback presentation compiler.
2026.09.20 14:19:54 INFO  no build target found for C:\Users\dizah\Documents\GitHub\The-Paradigm-Facility\TheParadigmFacility\src\ui\TitlePanel.java. Using fallback presentation compiler.
2026.09.20 14:19:54 INFO  no build target found for C:\Users\dizah\Documents\GitHub\The-Paradigm-Facility\TheParadigmFacility\src\ui\TitlePanel.java. Using fallback presentation compiler.
2026.09.20 14:19:54 INFO  no build target found for C:\Users\dizah\Documents\GitHub\The-Paradigm-Facility\TheParadigmFacility\src\ui\TitlePanel.java. Using fallback presentation compiler.
2026.09.20 14:19:57 INFO  no build target found for C:\Users\dizah\Documents\GitHub\The-Paradigm-Facility\TheParadigmFacility\src\ui\TitlePanel.java. Using fallback presentation compiler.
2026.09.20 14:19:57 INFO  no build target found for C:\Users\dizah\Documents\GitHub\The-Paradigm-Facility\TheParadigmFacility\src\ui\TitlePanel.java. Using fallback presentation compiler.
2026.09.20 14:19:57 INFO  no build target found for C:\Users\dizah\Documents\GitHub\The-Paradigm-Facility\TheParadigmFacility\src\ui\TitlePanel.java. Using fallback presentation compiler.
2026.09.20 14:19:58 INFO  no build target found for C:\Users\dizah\Documents\GitHub\The-Paradigm-Facility\TheParadigmFacility\src\ui\TitlePanel.java. Using fallback presentation compiler.
2026.09.20 14:19:58 INFO  no build target found for C:\Users\dizah\Documents\GitHub\The-Paradigm-Facility\TheParadigmFacility\src\ui\TitlePanel.java. Using fallback presentation compiler.
2026.09.20 14:19:58 INFO  no build target found for C:\Users\dizah\Documents\GitHub\The-Paradigm-Facility\TheParadigmFacility\src\ui\TitlePanel.java. Using fallback presentation compiler.
2026.09.20 14:19:58 INFO  no build target found for C:\Users\dizah\Documents\GitHub\The-Paradigm-Facility\TheParadigmFacility\src\ui\TitlePanel.java. Using fallback presentation compiler.
2026.09.20 14:19:58 INFO  no build target found for C:\Users\dizah\Documents\GitHub\The-Paradigm-Facility\TheParadigmFacility\src\ui\TitlePanel.java. Using fallback presentation compiler.
2026.09.20 14:19:59 INFO  no build target found for C:\Users\dizah\Documents\GitHub\The-Paradigm-Facility\TheParadigmFacility\src\ui\TitlePanel.java. Using fallback presentation compiler.
2026.09.20 14:19:59 WARN  no build target for: C:\Users\dizah\Documents\GitHub\The-Paradigm-Facility\TheParadigmFacility\src\ui\TitlePanel.java
2026.09.20 14:19:59 INFO  no build target found for C:\Users\dizah\Documents\GitHub\The-Paradigm-Facility\TheParadigmFacility\src\ui\TitlePanel.java. Using fallback presentation compiler.
Sep 20, 2026 2:20:43 PM org.eclipse.lsp4j.jsonrpc.RemoteEndpoint handleCancellation
WARNING: Unmatched cancel notification for request id 1047
Sep 20, 2026 2:20:43 PM org.eclipse.lsp4j.jsonrpc.RemoteEndpoint handleCancellation
WARNING: Unmatched cancel notification for request id 1048
2026.09.20 14:20:45 INFO  no build target found for C:\Users\dizah\Documents\GitHub\The-Paradigm-Facility\TheParadigmFacility\src\ui\TitlePanel.java. Using fallback presentation compiler.
2026.09.20 14:20:45 INFO  no build target found for C:\Users\dizah\Documents\GitHub\The-Paradigm-Facility\TheParadigmFacility\src\ui\TitlePanel.java. Using fallback presentation compiler.
2026.09.20 14:20:48 INFO  no build target found for C:\Users\dizah\Documents\GitHub\The-Paradigm-Facility\TheParadigmFacility\src\ui\TitlePanel.java. Using fallback presentation compiler.
2026.09.20 14:20:48 INFO  no build target found for C:\Users\dizah\Documents\GitHub\The-Paradigm-Facility\TheParadigmFacility\src\ui\TitlePanel.java. Using fallback presentation compiler.
2026.09.20 14:20:48 INFO  no build target found for C:\Users\dizah\Documents\GitHub\The-Paradigm-Facility\TheParadigmFacility\src\ui\TitlePanel.java. Using fallback presentation compiler.
2026.09.20 14:20:49 INFO  no build target found for C:\Users\dizah\Documents\GitHub\The-Paradigm-Facility\TheParadigmFacility\src\ui\TitlePanel.java. Using fallback presentation compiler.
2026.09.20 14:20:49 INFO  no build target found for C:\Users\dizah\Documents\GitHub\The-Paradigm-Facility\TheParadigmFacility\src\ui\TitlePanel.java. Using fallback presentation compiler.
2026.09.20 14:20:55 INFO  no build target found for C:\Users\dizah\Documents\GitHub\The-Paradigm-Facility\TheParadigmFacility\src\ui\TitlePanel.java. Using fallback presentation compiler.
2026.09.20 14:20:57 INFO  no build target found for C:\Users\dizah\Documents\GitHub\The-Paradigm-Facility\TheParadigmFacility\src\ui\TitlePanel.java. Using fallback presentation compiler.
2026.09.20 14:20:57 INFO  no build target found for C:\Users\dizah\Documents\GitHub\The-Paradigm-Facility\TheParadigmFacility\src\ui\TitlePanel.java. Using fallback presentation compiler.
2026.09.20 14:20:57 INFO  no build target found for C:\Users\dizah\Documents\GitHub\The-Paradigm-Facility\TheParadigmFacility\src\ui\TitlePanel.java. Using fallback presentation compiler.
2026.09.20 14:21:00 INFO  no build target found for C:\Users\dizah\Documents\GitHub\The-Paradigm-Facility\TheParadigmFacility\src\ui\TitlePanel.java. Using fallback presentation compiler.
2026.09.20 14:21:02 INFO  no build target found for C:\Users\dizah\Documents\GitHub\The-Paradigm-Facility\TheParadigmFacility\src\ui\TitlePanel.java. Using fallback presentation compiler.
2026.09.20 14:21:02 INFO  no build target found for C:\Users\dizah\Documents\GitHub\The-Paradigm-Facility\TheParadigmFacility\src\ui\TitlePanel.java. Using fallback presentation compiler.
2026.09.20 14:21:05 INFO  no build target found for C:\Users\dizah\Documents\GitHub\The-Paradigm-Facility\TheParadigmFacility\src\ui\TitlePanel.java. Using fallback presentation compiler.
2026.09.20 14:21:06 INFO  no build target found for C:\Users\dizah\Documents\GitHub\The-Paradigm-Facility\TheParadigmFacility\src\ui\TitlePanel.java. Using fallback presentation compiler.
2026.09.20 14:21:09 INFO  no build target found for C:\Users\dizah\Documents\GitHub\The-Paradigm-Facility\TheParadigmFacility\src\ui\TitlePanel.java. Using fallback presentation compiler.
2026.09.20 14:21:09 INFO  no build target found for C:\Users\dizah\Documents\GitHub\The-Paradigm-Facility\TheParadigmFacility\src\ui\TitlePanel.java. Using fallback presentation compiler.
2026.09.20 14:21:10 INFO  no build target found for C:\Users\dizah\Documents\GitHub\The-Paradigm-Facility\TheParadigmFacility\src\ui\TitlePanel.java. Using fallback presentation compiler.
2026.09.20 14:21:10 INFO  no build target found for C:\Users\dizah\Documents\GitHub\The-Paradigm-Facility\TheParadigmFacility\src\ui\TitlePanel.java. Using fallback presentation compiler.
2026.09.20 14:21:17 INFO  no build target found for C:\Users\dizah\Documents\GitHub\The-Paradigm-Facility\TheParadigmFacility\src\ui\TitlePanel.java. Using fallback presentation compiler.
2026.09.20 14:21:17 INFO  no build target found for C:\Users\dizah\Documents\GitHub\The-Paradigm-Facility\TheParadigmFacility\src\ui\TitlePanel.java. Using fallback presentation compiler.
2026.09.20 14:21:18 INFO  no build target found for C:\Users\dizah\Documents\GitHub\The-Paradigm-Facility\TheParadigmFacility\src\ui\TitlePanel.java. Using fallback presentation compiler.
2026.09.20 14:23:31 INFO  no build target found for C:\Users\dizah\Documents\GitHub\The-Paradigm-Facility\TheParadigmFacility\src\ui\TitlePanel.java. Using fallback presentation compiler.
Sep 20, 2026 2:23:31 PM org.eclipse.lsp4j.jsonrpc.RemoteEndpoint handleCancellation
WARNING: Unmatched cancel notification for request id 1129
2026.09.20 14:23:31 INFO  no build target found for C:\Users\dizah\Documents\GitHub\The-Paradigm-Facility\TheParadigmFacility\src\ui\TitlePanel.java. Using fallback presentation compiler.
2026.09.20 14:23:32 INFO  no build target found for C:\Users\dizah\Documents\GitHub\The-Paradigm-Facility\TheParadigmFacility\src\ui\TitlePanel.java. Using fallback presentation compiler.
2026.09.20 14:23:33 INFO  time: code lens generation in 1.16s
2026.09.20 14:23:34 INFO  no build target found for C:\Users\dizah\Documents\GitHub\The-Paradigm-Facility\TheParadigmFacility\src\ui\TitlePanel.java. Using fallback presentation compiler.
2026.09.20 14:23:34 INFO  no build target found for C:\Users\dizah\Documents\GitHub\The-Paradigm-Facility\TheParadigmFacility\src\ui\TitlePanel.java. Using fallback presentation compiler.
2026.09.20 14:23:35 INFO  no build target found for C:\Users\dizah\Documents\GitHub\The-Paradigm-Facility\TheParadigmFacility\src\ui\TitlePanel.java. Using fallback presentation compiler.
2026.09.20 14:23:34 INFO  no build target found for C:\Users\dizah\Documents\GitHub\The-Paradigm-Facility\TheParadigmFacility\src\ui\TitlePanel.java. Using fallback presentation compiler.
2026.09.20 14:23:39 WARN  no build target for: C:\Users\dizah\Documents\GitHub\The-Paradigm-Facility\TheParadigmFacility\src\ui\TitlePanel.java
2026.09.20 14:23:39 INFO  no build target found for C:\Users\dizah\Documents\GitHub\The-Paradigm-Facility\TheParadigmFacility\src\ui\TitlePanel.java. Using fallback presentation compiler.
2026.09.20 14:23:58 INFO  no build target found for C:\Users\dizah\Documents\GitHub\The-Paradigm-Facility\TheParadigmFacility\src\ui\TitlePanel.java. Using fallback presentation compiler.
Sep 20, 2026 2:23:58 PM org.eclipse.lsp4j.jsonrpc.RemoteEndpoint handleCancellation
WARNING: Unmatched cancel notification for request id 1153
2026.09.20 14:23:58 INFO  no build target found for C:\Users\dizah\Documents\GitHub\The-Paradigm-Facility\TheParadigmFacility\src\ui\TitlePanel.java. Using fallback presentation compiler.
2026.09.20 14:23:58 INFO  no build target found for C:\Users\dizah\Documents\GitHub\The-Paradigm-Facility\TheParadigmFacility\src\ui\TitlePanel.java. Using fallback presentation compiler.
2026.09.20 14:23:58 INFO  no build target found for C:\Users\dizah\Documents\GitHub\The-Paradigm-Facility\TheParadigmFacility\src\ui\TitlePanel.java. Using fallback presentation compiler.
2026.09.20 14:23:58 INFO  no build target found for C:\Users\dizah\Documents\GitHub\The-Paradigm-Facility\TheParadigmFacility\src\ui\TitlePanel.java. Using fallback presentation compiler.
2026.09.20 14:23:58 INFO  no build target found for C:\Users\dizah\Documents\GitHub\The-Paradigm-Facility\TheParadigmFacility\src\ui\TitlePanel.java. Using fallback presentation compiler.
2026.09.20 14:23:59 INFO  no build target found for C:\Users\dizah\Documents\GitHub\The-Paradigm-Facility\TheParadigmFacility\src\ui\TitlePanel.java. Using fallback presentation compiler.
2026.09.20 14:24:46 INFO  no build target found for C:\Users\dizah\Documents\GitHub\The-Paradigm-Facility\TheParadigmFacility\src\ui\TitlePanel.java. Using fallback presentation compiler.
2026.09.20 14:24:46 WARN  no build target for: C:\Users\dizah\Documents\GitHub\The-Paradigm-Facility\TheParadigmFacility\src\ui\TitlePanel.java
2026.09.20 14:24:46 INFO  no build target found for C:\Users\dizah\Documents\GitHub\The-Paradigm-Facility\TheParadigmFacility\src\ui\TitlePanel.java. Using fallback presentation compiler.
Sep 20, 2026 2:24:47 PM org.eclipse.lsp4j.jsonrpc.RemoteEndpoint handleCancellation
WARNING: Unmatched cancel notification for request id 1170
2026.09.20 14:24:47 INFO  no build target found for C:\Users\dizah\Documents\GitHub\The-Paradigm-Facility\TheParadigmFacility\src\ui\TitlePanel.java. Using fallback presentation compiler.
2026.09.20 14:24:46 INFO  no build target found for C:\Users\dizah\Documents\GitHub\The-Paradigm-Facility\TheParadigmFacility\src\ui\TitlePanel.java. Using fallback presentation compiler.
2026.09.20 14:24:47 INFO  no build target found for C:\Users\dizah\Documents\GitHub\The-Paradigm-Facility\TheParadigmFacility\src\ui\TitlePanel.java. Using fallback presentation compiler.
Sep 20, 2026 2:24:47 PM org.eclipse.lsp4j.jsonrpc.RemoteEndpoint handleCancellation
WARNING: Unmatched cancel notification for request id 1176
2026.09.20 14:24:47 INFO  no build target found for C:\Users\dizah\Documents\GitHub\The-Paradigm-Facility\TheParadigmFacility\src\ui\TitlePanel.java. Using fallback presentation compiler.
2026.09.20 14:24:47 INFO  no build target found for C:\Users\dizah\Documents\GitHub\The-Paradigm-Facility\TheParadigmFacility\src\ui\TitlePanel.java. Using fallback presentation compiler.
2026.09.20 14:25:33 INFO  no build target found for C:\Users\dizah\Documents\GitHub\The-Paradigm-Facility\TheParadigmFacility\src\ui\TitlePanel.java. Using fallback presentation compiler.
2026.09.20 14:25:33 INFO  no build target found for C:\Users\dizah\Documents\GitHub\The-Paradigm-Facility\TheParadigmFacility\src\ui\TitlePanel.java. Using fallback presentation compiler.
Sep 20, 2026 2:25:33 PM org.eclipse.lsp4j.jsonrpc.RemoteEndpoint handleCancellation
WARNING: Unmatched cancel notification for request id 1186
2026.09.20 14:25:33 INFO  no build target found for C:\Users\dizah\Documents\GitHub\The-Paradigm-Facility\TheParadigmFacility\src\ui\TitlePanel.java. Using fallback presentation compiler.
2026.09.20 14:25:34 INFO  no build target found for C:\Users\dizah\Documents\GitHub\The-Paradigm-Facility\TheParadigmFacility\src\ui\TitlePanel.java. Using fallback presentation compiler.
2026.09.20 14:25:33 INFO  no build target found for C:\Users\dizah\Documents\GitHub\The-Paradigm-Facility\TheParadigmFacility\src\ui\TitlePanel.java. Using fallback presentation compiler.
2026.09.20 14:25:34 INFO  no build target found for C:\Users\dizah\Documents\GitHub\The-Paradigm-Facility\TheParadigmFacility\src\ui\TitlePanel.java. Using fallback presentation compiler.
2026.09.20 14:25:34 INFO  no build target found for C:\Users\dizah\Documents\GitHub\The-Paradigm-Facility\TheParadigmFacility\src\ui\TitlePanel.java. Using fallback presentation compiler.
2026.09.20 14:25:36 WARN  Running javac-semanticdb failed for file:///C:/Users/dizah/Documents/GitHub/The-Paradigm-Facility/TheParadigmFacility/src/ui/TitlePanel.java. Output:

2026.09.20 14:25:36 INFO  time: code lens generation in 1.09s
2026.09.20 14:25:36 INFO  no build target found for C:\Users\dizah\Documents\GitHub\The-Paradigm-Facility\TheParadigmFacility\src\ui\TitlePanel.java. Using fallback presentation compiler.
2026.09.20 14:25:36 INFO  no build target found for C:\Users\dizah\Documents\GitHub\The-Paradigm-Facility\TheParadigmFacility\src\ui\TitlePanel.java. Using fallback presentation compiler.
2026.09.20 14:25:36 INFO  no build target found for C:\Users\dizah\Documents\GitHub\The-Paradigm-Facility\TheParadigmFacility\src\ui\TitlePanel.java. Using fallback presentation compiler.
2026.09.20 14:25:36 INFO  no build target found for C:\Users\dizah\Documents\GitHub\The-Paradigm-Facility\TheParadigmFacility\src\ui\TitlePanel.java. Using fallback presentation compiler.
2026.09.20 14:25:36 INFO  no build target found for C:\Users\dizah\Documents\GitHub\The-Paradigm-Facility\TheParadigmFacility\src\ui\TitlePanel.java. Using fallback presentation compiler.
2026.09.20 14:25:36 WARN  no build target for: C:\Users\dizah\Documents\GitHub\The-Paradigm-Facility\TheParadigmFacility\src\ui\TitlePanel.java
2026.09.20 14:25:36 INFO  no build target found for C:\Users\dizah\Documents\GitHub\The-Paradigm-Facility\TheParadigmFacility\src\ui\TitlePanel.java. Using fallback presentation compiler.
2026.09.20 14:25:36 INFO  no build target found for C:\Users\dizah\Documents\GitHub\The-Paradigm-Facility\TheParadigmFacility\src\ui\TitlePanel.java. Using fallback presentation compiler.
2026.09.20 14:25:36 INFO  no build target found for C:\Users\dizah\Documents\GitHub\The-Paradigm-Facility\TheParadigmFacility\src\ui\TitlePanel.java. Using fallback presentation compiler.
2026.09.20 14:25:36 INFO  Created report: Optional[file:///C:/Users/dizah/Documents/GitHub/The-Paradigm-Facility/TheParadigmFacility/src/ui/TitlePanel.java]
2026.09.20 14:25:36 INFO  Created report: Optional[file:///C:/Users/dizah/Documents/GitHub/The-Paradigm-Facility/TheParadigmFacility/src/ui/TitlePanel.java]
2026.09.20 14:25:36 INFO  empty definition using pc, found symbol in pc: java/awt/Graphics#drawOval(). (full report at: "C:\Users\dizah\Documents\GitHub\The-Paradigm-Facility\.metals\.reports\metals-full\2026-09-20\r_empty-definition_14-25-36-381.md")
2026.09.20 14:25:36 INFO  empty definition using pc, found symbol in pc: java/awt/Graphics2D#setStroke(). (full report at: "C:\Users\dizah\Documents\GitHub\The-Paradigm-Facility\.metals\.reports\metals-full\2026-09-20\r_empty-definition_14-25-36-424.md")
2026.09.20 14:25:36 INFO  Created report: Optional[file:///C:/Users/dizah/Documents/GitHub/The-Paradigm-Facility/TheParadigmFacility/src/ui/TitlePanel.java]
2026.09.20 14:25:36 INFO  empty definition using pc, found symbol in pc: java/awt/Graphics2D#setRenderingHint(). (full report at: "C:\Users\dizah\Documents\GitHub\The-Paradigm-Facility\.metals\.reports\metals-full\2026-09-20\r_empty-definition_14-25-36-464.md")
2026.09.20 14:25:36 INFO  Created report: Optional[file:///C:/Users/dizah/Documents/GitHub/The-Paradigm-Facility/TheParadigmFacility/src/ui/TitlePanel.java]
2026.09.20 14:25:36 INFO  empty definition using pc, found symbol in pc: java/awt/Graphics2D# (full report at: "C:\Users\dizah\Documents\GitHub\The-Paradigm-Facility\.metals\.reports\metals-full\2026-09-20\r_empty-definition_14-25-36-558.md")
2026.09.20 14:25:50 INFO  no build target found for C:\Users\dizah\Documents\GitHub\The-Paradigm-Facility\TheParadigmFacility\src\ui\TitlePanel.java. Using fallback presentation compiler.
2026.09.20 14:25:53 INFO  no build target found for C:\Users\dizah\Documents\GitHub\The-Paradigm-Facility\TheParadigmFacility\src\ui\TitlePanel.java. Using fallback presentation compiler.
2026.09.20 14:25:53 INFO  no build target found for C:\Users\dizah\Documents\GitHub\The-Paradigm-Facility\TheParadigmFacility\src\ui\TitlePanel.java. Using fallback presentation compiler.
Sep 20, 2026 2:25:54 PM org.eclipse.lsp4j.jsonrpc.RemoteEndpoint handleCancellation
WARNING: Unmatched cancel notification for request id 1214
2026.09.20 14:25:54 INFO  no build target found for C:\Users\dizah\Documents\GitHub\The-Paradigm-Facility\TheParadigmFacility\src\ui\TitlePanel.java. Using fallback presentation compiler.
2026.09.20 14:25:56 INFO  no build target found for C:\Users\dizah\Documents\GitHub\The-Paradigm-Facility\TheParadigmFacility\src\ui\TitlePanel.java. Using fallback presentation compiler.
2026.09.20 14:25:56 INFO  no build target found for C:\Users\dizah\Documents\GitHub\The-Paradigm-Facility\TheParadigmFacility\src\ui\TitlePanel.java. Using fallback presentation compiler.
2026.09.20 14:25:56 INFO  no build target found for C:\Users\dizah\Documents\GitHub\The-Paradigm-Facility\TheParadigmFacility\src\ui\TitlePanel.java. Using fallback presentation compiler.
Sep 20, 2026 2:25:56 PM org.eclipse.lsp4j.jsonrpc.RemoteEndpoint handleCancellation
WARNING: Unmatched cancel notification for request id 1220
2026.09.20 14:25:56 INFO  no build target found for C:\Users\dizah\Documents\GitHub\The-Paradigm-Facility\TheParadigmFacility\src\ui\TitlePanel.java. Using fallback presentation compiler.
2026.09.20 14:25:58 INFO  no build target found for C:\Users\dizah\Documents\GitHub\The-Paradigm-Facility\TheParadigmFacility\src\ui\TitlePanel.java. Using fallback presentation compiler.
2026.09.20 14:25:58 INFO  no build target found for C:\Users\dizah\Documents\GitHub\The-Paradigm-Facility\TheParadigmFacility\src\ui\TitlePanel.java. Using fallback presentation compiler.
2026.09.20 14:25:58 INFO  no build target found for C:\Users\dizah\Documents\GitHub\The-Paradigm-Facility\TheParadigmFacility\src\ui\TitlePanel.java. Using fallback presentation compiler.
2026.09.20 14:25:59 INFO  no build target found for C:\Users\dizah\Documents\GitHub\The-Paradigm-Facility\TheParadigmFacility\src\ui\TitlePanel.java. Using fallback presentation compiler.
2026.09.20 14:25:59 INFO  no build target found for C:\Users\dizah\Documents\GitHub\The-Paradigm-Facility\TheParadigmFacility\src\ui\TitlePanel.java. Using fallback presentation compiler.
2026.09.20 14:25:59 INFO  no build target found for C:\Users\dizah\Documents\GitHub\The-Paradigm-Facility\TheParadigmFacility\src\ui\TitlePanel.java. Using fallback presentation compiler.
2026.09.20 14:25:59 INFO  no build target found for C:\Users\dizah\Documents\GitHub\The-Paradigm-Facility\TheParadigmFacility\src\ui\TitlePanel.java. Using fallback presentation compiler.
Sep 20, 2026 2:25:59 PM org.eclipse.lsp4j.jsonrpc.RemoteEndpoint handleCancellation
WARNING: Unmatched cancel notification for request id 1229
2026.09.20 14:25:59 INFO  no build target found for C:\Users\dizah\Documents\GitHub\The-Paradigm-Facility\TheParadigmFacility\src\ui\TitlePanel.java. Using fallback presentation compiler.
2026.09.20 14:25:59 INFO  no build target found for C:\Users\dizah\Documents\GitHub\The-Paradigm-Facility\TheParadigmFacility\src\ui\TitlePanel.java. Using fallback presentation compiler.
2026.09.20 14:26:00 INFO  no build target found for C:\Users\dizah\Documents\GitHub\The-Paradigm-Facility\TheParadigmFacility\src\ui\TitlePanel.java. Using fallback presentation compiler.
2026.09.20 14:26:00 INFO  no build target found for C:\Users\dizah\Documents\GitHub\The-Paradigm-Facility\TheParadigmFacility\src\ui\TitlePanel.java. Using fallback presentation compiler.
2026.09.20 14:26:00 INFO  no build target found for C:\Users\dizah\Documents\GitHub\The-Paradigm-Facility\TheParadigmFacility\src\ui\TitlePanel.java. Using fallback presentation compiler.
2026.09.20 14:26:00 INFO  no build target found for C:\Users\dizah\Documents\GitHub\The-Paradigm-Facility\TheParadigmFacility\src\ui\TitlePanel.java. Using fallback presentation compiler.
2026.09.20 14:26:00 INFO  no build target found for C:\Users\dizah\Documents\GitHub\The-Paradigm-Facility\TheParadigmFacility\src\ui\TitlePanel.java. Using fallback presentation compiler.
2026.09.20 14:26:01 INFO  no build target found for C:\Users\dizah\Documents\GitHub\The-Paradigm-Facility\TheParadigmFacility\src\ui\TitlePanel.java. Using fallback presentation compiler.
2026.09.20 14:26:01 INFO  no build target found for C:\Users\dizah\Documents\GitHub\The-Paradigm-Facility\TheParadigmFacility\src\ui\TitlePanel.java. Using fallback presentation compiler.
2026.09.20 14:26:01 INFO  no build target found for C:\Users\dizah\Documents\GitHub\The-Paradigm-Facility\TheParadigmFacility\src\ui\TitlePanel.java. Using fallback presentation compiler.
2026.09.20 14:26:01 INFO  no build target found for C:\Users\dizah\Documents\GitHub\The-Paradigm-Facility\TheParadigmFacility\src\ui\TitlePanel.java. Using fallback presentation compiler.
2026.09.20 14:26:01 INFO  no build target found for C:\Users\dizah\Documents\GitHub\The-Paradigm-Facility\TheParadigmFacility\src\ui\TitlePanel.java. Using fallback presentation compiler.
2026.09.20 14:26:02 INFO  no build target found for C:\Users\dizah\Documents\GitHub\The-Paradigm-Facility\TheParadigmFacility\src\ui\TitlePanel.java. Using fallback presentation compiler.
2026.09.20 14:26:01 INFO  no build target found for C:\Users\dizah\Documents\GitHub\The-Paradigm-Facility\TheParadigmFacility\src\ui\TitlePanel.java. Using fallback presentation compiler.
2026.09.20 14:26:02 WARN  no build target for: C:\Users\dizah\Documents\GitHub\The-Paradigm-Facility\TheParadigmFacility\src\ui\TitlePanel.java
2026.09.20 14:26:02 INFO  no build target found for C:\Users\dizah\Documents\GitHub\The-Paradigm-Facility\TheParadigmFacility\src\ui\TitlePanel.java. Using fallback presentation compiler.
2026.09.20 14:26:18 INFO  no build target found for C:\Users\dizah\Documents\GitHub\The-Paradigm-Facility\TheParadigmFacility\src\ui\TitlePanel.java. Using fallback presentation compiler.
2026.09.20 14:26:18 INFO  no build target found for C:\Users\dizah\Documents\GitHub\The-Paradigm-Facility\TheParadigmFacility\src\ui\TitlePanel.java. Using fallback presentation compiler.
2026.09.20 14:26:22 INFO  no build target found for C:\Users\dizah\Documents\GitHub\The-Paradigm-Facility\TheParadigmFacility\src\ui\TitlePanel.java. Using fallback presentation compiler.
2026.09.20 14:26:22 INFO  no build target found for C:\Users\dizah\Documents\GitHub\The-Paradigm-Facility\TheParadigmFacility\src\ui\TitlePanel.java. Using fallback presentation compiler.
2026.09.20 14:26:22 INFO  no build target found for C:\Users\dizah\Documents\GitHub\The-Paradigm-Facility\TheParadigmFacility\src\ui\TitlePanel.java. Using fallback presentation compiler.
2026.09.20 14:26:35 INFO  no build target found for C:\Users\dizah\Documents\GitHub\The-Paradigm-Facility\TheParadigmFacility\src\ui\TitlePanel.java. Using fallback presentation compiler.
2026.09.20 14:26:35 INFO  no build target found for C:\Users\dizah\Documents\GitHub\The-Paradigm-Facility\TheParadigmFacility\src\ui\TitlePanel.java. Using fallback presentation compiler.
2026.09.20 14:26:35 INFO  no build target found for C:\Users\dizah\Documents\GitHub\The-Paradigm-Facility\TheParadigmFacility\src\ui\TitlePanel.java. Using fallback presentation compiler.
2026.09.20 14:26:36 INFO  no build target found for C:\Users\dizah\Documents\GitHub\The-Paradigm-Facility\TheParadigmFacility\src\ui\TitlePanel.java. Using fallback presentation compiler.
2026.09.20 14:26:36 INFO  no build target found for C:\Users\dizah\Documents\GitHub\The-Paradigm-Facility\TheParadigmFacility\src\ui\TitlePanel.java. Using fallback presentation compiler.
2026.09.20 14:26:36 INFO  no build target found for C:\Users\dizah\Documents\GitHub\The-Paradigm-Facility\TheParadigmFacility\src\ui\TitlePanel.java. Using fallback presentation compiler.
2026.09.20 14:26:36 INFO  no build target found for C:\Users\dizah\Documents\GitHub\The-Paradigm-Facility\TheParadigmFacility\src\ui\TitlePanel.java. Using fallback presentation compiler.
2026.09.20 14:26:36 INFO  no build target found for C:\Users\dizah\Documents\GitHub\The-Paradigm-Facility\TheParadigmFacility\src\ui\TitlePanel.java. Using fallback presentation compiler.
2026.09.20 14:26:36 INFO  no build target found for C:\Users\dizah\Documents\GitHub\The-Paradigm-Facility\TheParadigmFacility\src\ui\TitlePanel.java. Using fallback presentation compiler.
2026.09.20 14:26:37 INFO  no build target found for C:\Users\dizah\Documents\GitHub\The-Paradigm-Facility\TheParadigmFacility\src\ui\TitlePanel.java. Using fallback presentation compiler.
2026.09.20 14:26:37 INFO  no build target found for C:\Users\dizah\Documents\GitHub\The-Paradigm-Facility\TheParadigmFacility\src\ui\TitlePanel.java. Using fallback presentation compiler.
2026.09.20 14:26:37 WARN  no build target for: C:\Users\dizah\Documents\GitHub\The-Paradigm-Facility\TheParadigmFacility\src\ui\TitlePanel.java
2026.09.20 14:26:37 INFO  no build target found for C:\Users\dizah\Documents\GitHub\The-Paradigm-Facility\TheParadigmFacility\src\ui\TitlePanel.java. Using fallback presentation compiler.
2026.09.20 14:26:52 INFO  no build target found for C:\Users\dizah\Documents\GitHub\The-Paradigm-Facility\TheParadigmFacility\src\ui\TitlePanel.java. Using fallback presentation compiler.
2026.09.20 14:26:52 INFO  no build target found for C:\Users\dizah\Documents\GitHub\The-Paradigm-Facility\TheParadigmFacility\src\ui\TitlePanel.java. Using fallback presentation compiler.
2026.09.20 14:26:52 INFO  no build target found for C:\Users\dizah\Documents\GitHub\The-Paradigm-Facility\TheParadigmFacility\src\ui\TitlePanel.java. Using fallback presentation compiler.
2026.09.20 14:26:53 INFO  no build target found for C:\Users\dizah\Documents\GitHub\The-Paradigm-Facility\TheParadigmFacility\src\ui\TitlePanel.java. Using fallback presentation compiler.
2026.09.20 14:26:54 INFO  no build target found for C:\Users\dizah\Documents\GitHub\The-Paradigm-Facility\TheParadigmFacility\src\ui\TitlePanel.java. Using fallback presentation compiler.
2026.09.20 14:26:54 INFO  no build target found for C:\Users\dizah\Documents\GitHub\The-Paradigm-Facility\TheParadigmFacility\src\ui\TitlePanel.java. Using fallback presentation compiler.
2026.09.20 14:26:53 INFO  no build target found for C:\Users\dizah\Documents\GitHub\The-Paradigm-Facility\TheParadigmFacility\src\ui\TitlePanel.java. Using fallback presentation compiler.
2026.09.20 14:26:55 INFO  no build target found for C:\Users\dizah\Documents\GitHub\The-Paradigm-Facility\TheParadigmFacility\src\ui\TitlePanel.java. Using fallback presentation compiler.
2026.09.20 14:26:55 INFO  no build target found for C:\Users\dizah\Documents\GitHub\The-Paradigm-Facility\TheParadigmFacility\src\ui\TitlePanel.java. Using fallback presentation compiler.
2026.09.20 14:26:55 INFO  no build target found for C:\Users\dizah\Documents\GitHub\The-Paradigm-Facility\TheParadigmFacility\src\ui\TitlePanel.java. Using fallback presentation compiler.
2026.09.20 14:26:55 INFO  no build target found for C:\Users\dizah\Documents\GitHub\The-Paradigm-Facility\TheParadigmFacility\src\ui\TitlePanel.java. Using fallback presentation compiler.
2026.09.20 14:26:55 INFO  no build target found for C:\Users\dizah\Documents\GitHub\The-Paradigm-Facility\TheParadigmFacility\src\ui\TitlePanel.java. Using fallback presentation compiler.
2026.09.20 14:26:55 INFO  no build target found for C:\Users\dizah\Documents\GitHub\The-Paradigm-Facility\TheParadigmFacility\src\ui\TitlePanel.java. Using fallback presentation compiler.
2026.09.20 14:26:55 INFO  no build target found for C:\Users\dizah\Documents\GitHub\The-Paradigm-Facility\TheParadigmFacility\src\ui\TitlePanel.java. Using fallback presentation compiler.
2026.09.20 14:26:56 INFO  no build target found for C:\Users\dizah\Documents\GitHub\The-Paradigm-Facility\TheParadigmFacility\src\ui\TitlePanel.java. Using fallback presentation compiler.
2026.09.20 14:26:56 INFO  no build target found for C:\Users\dizah\Documents\GitHub\The-Paradigm-Facility\TheParadigmFacility\src\ui\TitlePanel.java. Using fallback presentation compiler.
2026.09.20 14:26:57 INFO  no build target found for C:\Users\dizah\Documents\GitHub\The-Paradigm-Facility\TheParadigmFacility\src\ui\TitlePanel.java. Using fallback presentation compiler.
2026.09.20 14:26:57 WARN  no build target for: C:\Users\dizah\Documents\GitHub\The-Paradigm-Facility\TheParadigmFacility\src\ui\TitlePanel.java
2026.09.20 14:26:57 INFO  no build target found for C:\Users\dizah\Documents\GitHub\The-Paradigm-Facility\TheParadigmFacility\src\ui\TitlePanel.java. Using fallback presentation compiler.
2026.09.20 14:26:57 INFO  no build target found for C:\Users\dizah\Documents\GitHub\The-Paradigm-Facility\TheParadigmFacility\src\ui\TitlePanel.java. Using fallback presentation compiler.
2026.09.20 14:26:57 INFO  no build target found for C:\Users\dizah\Documents\GitHub\The-Paradigm-Facility\TheParadigmFacility\src\ui\TitlePanel.java. Using fallback presentation compiler.
2026.09.20 14:26:58 INFO  no build target found for C:\Users\dizah\Documents\GitHub\The-Paradigm-Facility\TheParadigmFacility\src\ui\TitlePanel.java. Using fallback presentation compiler.
Sep 20, 2026 2:26:58 PM org.eclipse.lsp4j.jsonrpc.RemoteEndpoint handleCancellation
WARNING: Unmatched cancel notification for request id 1431
2026.09.20 14:26:57 INFO  no build target found for C:\Users\dizah\Documents\GitHub\The-Paradigm-Facility\TheParadigmFacility\src\ui\TitlePanel.java. Using fallback presentation compiler.
2026.09.20 14:26:58 INFO  no build target found for C:\Users\dizah\Documents\GitHub\The-Paradigm-Facility\TheParadigmFacility\src\ui\TitlePanel.java. Using fallback presentation compiler.
2026.09.20 14:26:58 INFO  no build target found for C:\Users\dizah\Documents\GitHub\The-Paradigm-Facility\TheParadigmFacility\src\ui\TitlePanel.java. Using fallback presentation compiler.
2026.09.20 14:26:58 INFO  no build target found for C:\Users\dizah\Documents\GitHub\The-Paradigm-Facility\TheParadigmFacility\src\ui\TitlePanel.java. Using fallback presentation compiler.
2026.09.20 14:26:58 INFO  no build target found for C:\Users\dizah\Documents\GitHub\The-Paradigm-Facility\TheParadigmFacility\src\ui\TitlePanel.java. Using fallback presentation compiler.
2026.09.20 14:26:58 INFO  no build target found for C:\Users\dizah\Documents\GitHub\The-Paradigm-Facility\TheParadigmFacility\src\ui\TitlePanel.java. Using fallback presentation compiler.
Sep 20, 2026 2:26:59 PM org.eclipse.lsp4j.jsonrpc.RemoteEndpoint handleCancellation
WARNING: Unmatched cancel notification for request id 1436
2026.09.20 14:26:59 INFO  no build target found for C:\Users\dizah\Documents\GitHub\The-Paradigm-Facility\TheParadigmFacility\src\ui\TitlePanel.java. Using fallback presentation compiler.
2026.09.20 14:26:59 INFO  no build target found for C:\Users\dizah\Documents\GitHub\The-Paradigm-Facility\TheParadigmFacility\src\ui\TitlePanel.java. Using fallback presentation compiler.
2026.09.20 14:26:59 WARN  Running javac-semanticdb failed for file:///C:/Users/dizah/Documents/GitHub/The-Paradigm-Facility/TheParadigmFacility/src/ui/TitlePanel.java. Output:

2026.09.20 14:26:59 INFO  no build target found for C:\Users\dizah\Documents\GitHub\The-Paradigm-Facility\TheParadigmFacility\src\ui\TitlePanel.java. Using fallback presentation compiler.
2026.09.20 14:27:00 INFO  no build target found for C:\Users\dizah\Documents\GitHub\The-Paradigm-Facility\TheParadigmFacility\src\ui\TitlePanel.java. Using fallback presentation compiler.
2026.09.20 14:27:00 INFO  no build target found for C:\Users\dizah\Documents\GitHub\The-Paradigm-Facility\TheParadigmFacility\src\ui\TitlePanel.java. Using fallback presentation compiler.
2026.09.20 14:27:00 WARN  no build target for: C:\Users\dizah\Documents\GitHub\The-Paradigm-Facility\TheParadigmFacility\src\ui\TitlePanel.java
2026.09.20 14:27:00 INFO  no build target found for C:\Users\dizah\Documents\GitHub\The-Paradigm-Facility\TheParadigmFacility\src\ui\TitlePanel.java. Using fallback presentation compiler.
2026.09.20 14:27:19 INFO  no build target found for C:\Users\dizah\Documents\GitHub\The-Paradigm-Facility\TheParadigmFacility\src\ui\TitlePanel.java. Using fallback presentation compiler.
2026.09.20 14:27:19 INFO  no build target found for C:\Users\dizah\Documents\GitHub\The-Paradigm-Facility\TheParadigmFacility\src\ui\TitlePanel.java. Using fallback presentation compiler.
2026.09.20 14:27:19 INFO  no build target found for C:\Users\dizah\Documents\GitHub\The-Paradigm-Facility\TheParadigmFacility\src\ui\TitlePanel.java. Using fallback presentation compiler.
2026.09.20 14:27:20 INFO  no build target found for C:\Users\dizah\Documents\GitHub\The-Paradigm-Facility\TheParadigmFacility\src\ui\TitlePanel.java. Using fallback presentation compiler.
2026.09.20 14:27:19 INFO  no build target found for C:\Users\dizah\Documents\GitHub\The-Paradigm-Facility\TheParadigmFacility\src\ui\TitlePanel.java. Using fallback presentation compiler.
2026.09.20 14:27:22 INFO  time: code lens generation in 1.25s
2026.09.20 14:27:22 INFO  no build target found for C:\Users\dizah\Documents\GitHub\The-Paradigm-Facility\TheParadigmFacility\src\ui\TitlePanel.java. Using fallback presentation compiler.
2026.09.20 14:27:22 INFO  no build target found for C:\Users\dizah\Documents\GitHub\The-Paradigm-Facility\TheParadigmFacility\src\ui\TitlePanel.java. Using fallback presentation compiler.
Sep 20, 2026 2:27:22 PM org.eclipse.lsp4j.jsonrpc.RemoteEndpoint handleCancellation
WARNING: Unmatched cancel notification for request id 1461
2026.09.20 14:27:22 INFO  no build target found for C:\Users\dizah\Documents\GitHub\The-Paradigm-Facility\TheParadigmFacility\src\ui\TitlePanel.java. Using fallback presentation compiler.
2026.09.20 14:27:22 INFO  no build target found for C:\Users\dizah\Documents\GitHub\The-Paradigm-Facility\TheParadigmFacility\src\ui\TitlePanel.java. Using fallback presentation compiler.
2026.09.20 14:27:22 INFO  no build target found for C:\Users\dizah\Documents\GitHub\The-Paradigm-Facility\TheParadigmFacility\src\ui\TitlePanel.java. Using fallback presentation compiler.
2026.09.20 14:27:23 WARN  no build target for: C:\Users\dizah\Documents\GitHub\The-Paradigm-Facility\TheParadigmFacility\src\ui\TitlePanel.java
2026.09.20 14:27:23 INFO  no build target found for C:\Users\dizah\Documents\GitHub\The-Paradigm-Facility\TheParadigmFacility\src\ui\TitlePanel.java. Using fallback presentation compiler.
2026.09.20 14:27:38 INFO  no build target found for C:\Users\dizah\Documents\GitHub\The-Paradigm-Facility\TheParadigmFacility\src\ui\TitlePanel.java. Using fallback presentation compiler.
2026.09.20 14:27:38 INFO  no build target found for C:\Users\dizah\Documents\GitHub\The-Paradigm-Facility\TheParadigmFacility\src\ui\TitlePanel.java. Using fallback presentation compiler.
2026.09.20 14:27:40 INFO  no build target found for C:\Users\dizah\Documents\GitHub\The-Paradigm-Facility\TheParadigmFacility\src\ui\TitlePanel.java. Using fallback presentation compiler.
2026.09.20 14:27:40 INFO  no build target found for C:\Users\dizah\Documents\GitHub\The-Paradigm-Facility\TheParadigmFacility\src\ui\TitlePanel.java. Using fallback presentation compiler.
2026.09.20 14:27:40 INFO  no build target found for C:\Users\dizah\Documents\GitHub\The-Paradigm-Facility\TheParadigmFacility\src\ui\TitlePanel.java. Using fallback presentation compiler.
2026.09.20 14:27:40 INFO  no build target found for C:\Users\dizah\Documents\GitHub\The-Paradigm-Facility\TheParadigmFacility\src\ui\TitlePanel.java. Using fallback presentation compiler.
2026.09.20 14:27:41 INFO  no build target found for C:\Users\dizah\Documents\GitHub\The-Paradigm-Facility\TheParadigmFacility\src\ui\TitlePanel.java. Using fallback presentation compiler.
2026.09.20 14:27:41 INFO  no build target found for C:\Users\dizah\Documents\GitHub\The-Paradigm-Facility\TheParadigmFacility\src\ui\TitlePanel.java. Using fallback presentation compiler.
2026.09.20 14:27:41 INFO  no build target found for C:\Users\dizah\Documents\GitHub\The-Paradigm-Facility\TheParadigmFacility\src\ui\TitlePanel.java. Using fallback presentation compiler.
2026.09.20 14:27:41 INFO  no build target found for C:\Users\dizah\Documents\GitHub\The-Paradigm-Facility\TheParadigmFacility\src\ui\TitlePanel.java. Using fallback presentation compiler.
2026.09.20 14:27:41 INFO  no build target found for C:\Users\dizah\Documents\GitHub\The-Paradigm-Facility\TheParadigmFacility\src\ui\TitlePanel.java. Using fallback presentation compiler.
2026.09.20 14:27:41 INFO  no build target found for C:\Users\dizah\Documents\GitHub\The-Paradigm-Facility\TheParadigmFacility\src\ui\TitlePanel.java. Using fallback presentation compiler.
2026.09.20 14:27:42 INFO  no build target found for C:\Users\dizah\Documents\GitHub\The-Paradigm-Facility\TheParadigmFacility\src\ui\TitlePanel.java. Using fallback presentation compiler.
2026.09.20 14:27:42 INFO  no build target found for C:\Users\dizah\Documents\GitHub\The-Paradigm-Facility\TheParadigmFacility\src\ui\TitlePanel.java. Using fallback presentation compiler.
2026.09.20 14:27:42 INFO  no build target found for C:\Users\dizah\Documents\GitHub\The-Paradigm-Facility\TheParadigmFacility\src\ui\TitlePanel.java. Using fallback presentation compiler.
Sep 20, 2026 2:27:43 PM org.eclipse.lsp4j.jsonrpc.RemoteEndpoint handleCancellation
WARNING: Unmatched cancel notification for request id 1491
Sep 20, 2026 2:27:43 PM org.eclipse.lsp4j.jsonrpc.RemoteEndpoint handleCancellation
WARNING: Unmatched cancel notification for request id 1493
2026.09.20 14:27:42 INFO  no build target found for C:\Users\dizah\Documents\GitHub\The-Paradigm-Facility\TheParadigmFacility\src\ui\TitlePanel.java. Using fallback presentation compiler.
2026.09.20 14:27:42 INFO  no build target found for C:\Users\dizah\Documents\GitHub\The-Paradigm-Facility\TheParadigmFacility\src\ui\TitlePanel.java. Using fallback presentation compiler.
2026.09.20 14:27:43 INFO  no build target found for C:\Users\dizah\Documents\GitHub\The-Paradigm-Facility\TheParadigmFacility\src\ui\TitlePanel.java. Using fallback presentation compiler.
2026.09.20 14:27:43 INFO  time: code lens generation in 1.21s
2026.09.20 14:27:43 INFO  no build target found for C:\Users\dizah\Documents\GitHub\The-Paradigm-Facility\TheParadigmFacility\src\ui\TitlePanel.java. Using fallback presentation compiler.
2026.09.20 14:27:43 INFO  no build target found for C:\Users\dizah\Documents\GitHub\The-Paradigm-Facility\TheParadigmFacility\src\ui\TitlePanel.java. Using fallback presentation compiler.
2026.09.20 14:27:44 INFO  no build target found for C:\Users\dizah\Documents\GitHub\The-Paradigm-Facility\TheParadigmFacility\src\ui\TitlePanel.java. Using fallback presentation compiler.
2026.09.20 14:27:43 INFO  no build target found for C:\Users\dizah\Documents\GitHub\The-Paradigm-Facility\TheParadigmFacility\src\ui\TitlePanel.java. Using fallback presentation compiler.
2026.09.20 14:27:44 WARN  no build target for: C:\Users\dizah\Documents\GitHub\The-Paradigm-Facility\TheParadigmFacility\src\ui\TitlePanel.java
2026.09.20 14:27:44 INFO  no build target found for C:\Users\dizah\Documents\GitHub\The-Paradigm-Facility\TheParadigmFacility\src\ui\TitlePanel.java. Using fallback presentation compiler.
2026.09.20 14:27:44 INFO  no build target found for C:\Users\dizah\Documents\GitHub\The-Paradigm-Facility\TheParadigmFacility\src\ui\TitlePanel.java. Using fallback presentation compiler.
2026.09.20 14:28:17 INFO  no build target found for C:\Users\dizah\Documents\GitHub\The-Paradigm-Facility\TheParadigmFacility\src\ui\TitlePanel.java. Using fallback presentation compiler.
2026.09.20 14:28:23 INFO  no build target found for C:\Users\dizah\Documents\GitHub\The-Paradigm-Facility\TheParadigmFacility\src\ui\TitlePanel.java. Using fallback presentation compiler.
Sep 20, 2026 2:28:23 PM org.eclipse.lsp4j.jsonrpc.RemoteEndpoint handleCancellation
WARNING: Unmatched cancel notification for request id 1513
2026.09.20 14:28:23 INFO  no build target found for C:\Users\dizah\Documents\GitHub\The-Paradigm-Facility\TheParadigmFacility\src\ui\TitlePanel.java. Using fallback presentation compiler.
2026.09.20 14:28:23 INFO  no build target found for C:\Users\dizah\Documents\GitHub\The-Paradigm-Facility\TheParadigmFacility\src\ui\TitlePanel.java. Using fallback presentation compiler.
2026.09.20 14:28:24 INFO  no build target found for C:\Users\dizah\Documents\GitHub\The-Paradigm-Facility\TheParadigmFacility\src\ui\TitlePanel.java. Using fallback presentation compiler.
2026.09.20 14:28:25 INFO  no build target found for C:\Users\dizah\Documents\GitHub\The-Paradigm-Facility\TheParadigmFacility\src\ui\TitlePanel.java. Using fallback presentation compiler.
2026.09.20 14:28:27 INFO  no build target found for C:\Users\dizah\Documents\GitHub\The-Paradigm-Facility\TheParadigmFacility\src\ui\TitlePanel.java. Using fallback presentation compiler.
2026.09.20 14:28:27 INFO  no build target found for C:\Users\dizah\Documents\GitHub\The-Paradigm-Facility\TheParadigmFacility\src\ui\TitlePanel.java. Using fallback presentation compiler.
2026.09.20 14:28:30 INFO  no build target found for C:\Users\dizah\Documents\GitHub\The-Paradigm-Facility\TheParadigmFacility\src\ui\TitlePanel.java. Using fallback presentation compiler.
2026.09.20 14:28:30 INFO  no build target found for C:\Users\dizah\Documents\GitHub\The-Paradigm-Facility\TheParadigmFacility\src\ui\TitlePanel.java. Using fallback presentation compiler.
2026.09.20 14:28:30 INFO  no build target found for C:\Users\dizah\Documents\GitHub\The-Paradigm-Facility\TheParadigmFacility\src\ui\TitlePanel.java. Using fallback presentation compiler.
2026.09.20 14:28:30 INFO  no build target found for C:\Users\dizah\Documents\GitHub\The-Paradigm-Facility\TheParadigmFacility\src\ui\TitlePanel.java. Using fallback presentation compiler.
2026.09.20 14:28:51 INFO  no build target found for C:\Users\dizah\Documents\GitHub\The-Paradigm-Facility\TheParadigmFacility\src\ui\TitlePanel.java. Using fallback presentation compiler.
2026.09.20 14:28:51 INFO  no build target found for C:\Users\dizah\Documents\GitHub\The-Paradigm-Facility\TheParadigmFacility\src\ui\TitlePanel.java. Using fallback presentation compiler.
2026.09.20 14:28:52 INFO  no build target found for C:\Users\dizah\Documents\GitHub\The-Paradigm-Facility\TheParadigmFacility\src\ui\TitlePanel.java. Using fallback presentation compiler.
2026.09.20 14:28:52 INFO  no build target found for C:\Users\dizah\Documents\GitHub\The-Paradigm-Facility\TheParadigmFacility\src\ui\TitlePanel.java. Using fallback presentation compiler.
2026.09.20 14:28:52 INFO  no build target found for C:\Users\dizah\Documents\GitHub\The-Paradigm-Facility\TheParadigmFacility\src\ui\TitlePanel.java. Using fallback presentation compiler.
2026.09.20 14:28:53 INFO  no build target found for C:\Users\dizah\Documents\GitHub\The-Paradigm-Facility\TheParadigmFacility\src\ui\TitlePanel.java. Using fallback presentation compiler.
2026.09.20 14:28:53 INFO  no build target found for C:\Users\dizah\Documents\GitHub\The-Paradigm-Facility\TheParadigmFacility\src\ui\TitlePanel.java. Using fallback presentation compiler.
2026.09.20 14:28:54 INFO  no build target found for C:\Users\dizah\Documents\GitHub\The-Paradigm-Facility\TheParadigmFacility\src\ui\TitlePanel.java. Using fallback presentation compiler.
2026.09.20 14:28:53 INFO  no build target found for C:\Users\dizah\Documents\GitHub\The-Paradigm-Facility\TheParadigmFacility\src\ui\TitlePanel.java. Using fallback presentation compiler.
Sep 20, 2026 2:28:54 PM org.eclipse.lsp4j.jsonrpc.RemoteEndpoint handleCancellation
WARNING: Unmatched cancel notification for request id 1560
2026.09.20 14:28:53 INFO  no build target found for C:\Users\dizah\Documents\GitHub\The-Paradigm-Facility\TheParadigmFacility\src\ui\TitlePanel.java. Using fallback presentation compiler.
2026.09.20 14:28:53 INFO  no build target found for C:\Users\dizah\Documents\GitHub\The-Paradigm-Facility\TheParadigmFacility\src\ui\TitlePanel.java. Using fallback presentation compiler.
2026.09.20 14:28:54 INFO  no build target found for C:\Users\dizah\Documents\GitHub\The-Paradigm-Facility\TheParadigmFacility\src\ui\TitlePanel.java. Using fallback presentation compiler.
2026.09.20 14:28:53 INFO  no build target found for C:\Users\dizah\Documents\GitHub\The-Paradigm-Facility\TheParadigmFacility\src\ui\TitlePanel.java. Using fallback presentation compiler.
2026.09.20 14:28:55 WARN  no build target for: C:\Users\dizah\Documents\GitHub\The-Paradigm-Facility\TheParadigmFacility\src\ui\TitlePanel.java
2026.09.20 14:28:55 INFO  no build target found for C:\Users\dizah\Documents\GitHub\The-Paradigm-Facility\TheParadigmFacility\src\ui\TitlePanel.java. Using fallback presentation compiler.
2026.09.20 14:30:36 INFO  no build target found for C:\Users\dizah\Documents\GitHub\The-Paradigm-Facility\TheParadigmFacility\src\ui\TitlePanel.java. Using fallback presentation compiler.
2026.09.20 14:30:36 INFO  no build target found for C:\Users\dizah\Documents\GitHub\The-Paradigm-Facility\TheParadigmFacility\src\ui\TitlePanel.java. Using fallback presentation compiler.
2026.09.20 14:30:38 INFO  no build target found for C:\Users\dizah\Documents\GitHub\The-Paradigm-Facility\TheParadigmFacility\src\ui\TitlePanel.java. Using fallback presentation compiler.
2026.09.20 14:30:38 INFO  no build target found for C:\Users\dizah\Documents\GitHub\The-Paradigm-Facility\TheParadigmFacility\src\ui\TitlePanel.java. Using fallback presentation compiler.
2026.09.20 14:30:38 INFO  no build target found for C:\Users\dizah\Documents\GitHub\The-Paradigm-Facility\TheParadigmFacility\src\ui\TitlePanel.java. Using fallback presentation compiler.
Sep 20, 2026 2:30:39 PM org.eclipse.lsp4j.jsonrpc.RemoteEndpoint handleCancellation
WARNING: Unmatched cancel notification for request id 1584
2026.09.20 14:30:38 INFO  no build target found for C:\Users\dizah\Documents\GitHub\The-Paradigm-Facility\TheParadigmFacility\src\ui\TitlePanel.java. Using fallback presentation compiler.
2026.09.20 14:30:40 INFO  no build target found for C:\Users\dizah\Documents\GitHub\The-Paradigm-Facility\TheParadigmFacility\src\ui\TitlePanel.java. Using fallback presentation compiler.
2026.09.20 14:30:40 INFO  no build target found for C:\Users\dizah\Documents\GitHub\The-Paradigm-Facility\TheParadigmFacility\src\ui\TitlePanel.java. Using fallback presentation compiler.
2026.09.20 14:30:42 INFO  time: code lens generation in 1.44s
2026.09.20 14:30:42 INFO  no build target found for C:\Users\dizah\Documents\GitHub\The-Paradigm-Facility\TheParadigmFacility\src\ui\TitlePanel.java. Using fallback presentation compiler.
2026.09.20 14:30:42 INFO  no build target found for C:\Users\dizah\Documents\GitHub\The-Paradigm-Facility\TheParadigmFacility\src\ui\TitlePanel.java. Using fallback presentation compiler.
2026.09.20 14:30:42 INFO  no build target found for C:\Users\dizah\Documents\GitHub\The-Paradigm-Facility\TheParadigmFacility\src\ui\TitlePanel.java. Using fallback presentation compiler.
2026.09.20 14:30:42 INFO  no build target found for C:\Users\dizah\Documents\GitHub\The-Paradigm-Facility\TheParadigmFacility\src\ui\TitlePanel.java. Using fallback presentation compiler.
2026.09.20 14:30:46 INFO  no build target found for C:\Users\dizah\Documents\GitHub\The-Paradigm-Facility\TheParadigmFacility\src\ui\TitlePanel.java. Using fallback presentation compiler.
2026.09.20 14:30:46 INFO  no build target found for C:\Users\dizah\Documents\GitHub\The-Paradigm-Facility\TheParadigmFacility\src\ui\TitlePanel.java. Using fallback presentation compiler.
Sep 20, 2026 2:30:47 PM org.eclipse.lsp4j.jsonrpc.RemoteEndpoint handleCancellation
WARNING: Unmatched cancel notification for request id 1604
2026.09.20 14:30:48 INFO  no build target found for C:\Users\dizah\Documents\GitHub\The-Paradigm-Facility\TheParadigmFacility\src\ui\TitlePanel.java. Using fallback presentation compiler.
2026.09.20 14:30:55 INFO  no build target found for C:\Users\dizah\Documents\GitHub\The-Paradigm-Facility\TheParadigmFacility\src\ui\TitlePanel.java. Using fallback presentation compiler.
2026.09.20 14:30:57 INFO  no build target found for C:\Users\dizah\Documents\GitHub\The-Paradigm-Facility\TheParadigmFacility\src\ui\TitlePanel.java. Using fallback presentation compiler.
2026.09.20 14:31:00 INFO  no build target found for C:\Users\dizah\Documents\GitHub\The-Paradigm-Facility\TheParadigmFacility\src\ui\TitlePanel.java. Using fallback presentation compiler.
2026.09.20 14:31:00 INFO  no build target found for C:\Users\dizah\Documents\GitHub\The-Paradigm-Facility\TheParadigmFacility\src\ui\TitlePanel.java. Using fallback presentation compiler.
2026.09.20 14:31:01 INFO  no build target found for C:\Users\dizah\Documents\GitHub\The-Paradigm-Facility\TheParadigmFacility\src\ui\TitlePanel.java. Using fallback presentation compiler.
2026.09.20 14:31:01 INFO  no build target found for C:\Users\dizah\Documents\GitHub\The-Paradigm-Facility\TheParadigmFacility\src\ui\TitlePanel.java. Using fallback presentation compiler.
2026.09.20 14:31:03 INFO  no build target found for C:\Users\dizah\Documents\GitHub\The-Paradigm-Facility\TheParadigmFacility\src\ui\TitlePanel.java. Using fallback presentation compiler.
2026.09.20 14:31:03 INFO  no build target found for C:\Users\dizah\Documents\GitHub\The-Paradigm-Facility\TheParadigmFacility\src\ui\TitlePanel.java. Using fallback presentation compiler.
2026.09.20 14:31:05 INFO  no build target found for C:\Users\dizah\Documents\GitHub\The-Paradigm-Facility\TheParadigmFacility\src\ui\TitlePanel.java. Using fallback presentation compiler.
2026.09.20 14:31:05 INFO  no build target found for C:\Users\dizah\Documents\GitHub\The-Paradigm-Facility\TheParadigmFacility\src\ui\TitlePanel.java. Using fallback presentation compiler.
2026.09.20 14:31:05 INFO  no build target found for C:\Users\dizah\Documents\GitHub\The-Paradigm-Facility\TheParadigmFacility\src\ui\TitlePanel.java. Using fallback presentation compiler.
2026.09.20 14:31:05 INFO  no build target found for C:\Users\dizah\Documents\GitHub\The-Paradigm-Facility\TheParadigmFacility\src\ui\TitlePanel.java. Using fallback presentation compiler.
Sep 20, 2026 2:31:07 PM org.eclipse.lsp4j.jsonrpc.RemoteEndpoint handleCancellation
WARNING: Unmatched cancel notification for request id 1727
2026.09.20 14:31:15 INFO  no build target found for C:\Users\dizah\Documents\GitHub\The-Paradigm-Facility\TheParadigmFacility\src\ui\TitlePanel.java. Using fallback presentation compiler.
2026.09.20 14:31:23 INFO  no build target found for C:\Users\dizah\Documents\GitHub\The-Paradigm-Facility\TheParadigmFacility\src\ui\TitlePanel.java. Using fallback presentation compiler.
2026.09.20 14:31:23 INFO  no build target found for C:\Users\dizah\Documents\GitHub\The-Paradigm-Facility\TheParadigmFacility\src\ui\TitlePanel.java. Using fallback presentation compiler.
2026.09.20 14:31:23 INFO  no build target found for C:\Users\dizah\Documents\GitHub\The-Paradigm-Facility\TheParadigmFacility\src\ui\TitlePanel.java. Using fallback presentation compiler.
2026.09.20 14:31:24 INFO  no build target found for C:\Users\dizah\Documents\GitHub\The-Paradigm-Facility\TheParadigmFacility\src\ui\TitlePanel.java. Using fallback presentation compiler.
2026.09.20 14:31:24 INFO  no build target found for C:\Users\dizah\Documents\GitHub\The-Paradigm-Facility\TheParadigmFacility\src\ui\TitlePanel.java. Using fallback presentation compiler.
2026.09.20 14:31:24 INFO  no build target found for C:\Users\dizah\Documents\GitHub\The-Paradigm-Facility\TheParadigmFacility\src\ui\TitlePanel.java. Using fallback presentation compiler.
2026.09.20 14:31:24 INFO  no build target found for C:\Users\dizah\Documents\GitHub\The-Paradigm-Facility\TheParadigmFacility\src\ui\TitlePanel.java. Using fallback presentation compiler.
2026.09.20 14:31:24 INFO  no build target found for C:\Users\dizah\Documents\GitHub\The-Paradigm-Facility\TheParadigmFacility\src\ui\TitlePanel.java. Using fallback presentation compiler.
2026.09.20 14:31:24 INFO  no build target found for C:\Users\dizah\Documents\GitHub\The-Paradigm-Facility\TheParadigmFacility\src\ui\TitlePanel.java. Using fallback presentation compiler.
2026.09.20 14:31:25 INFO  no build target found for C:\Users\dizah\Documents\GitHub\The-Paradigm-Facility\TheParadigmFacility\src\ui\TitlePanel.java. Using fallback presentation compiler.
2026.09.20 14:31:25 INFO  no build target found for C:\Users\dizah\Documents\GitHub\The-Paradigm-Facility\TheParadigmFacility\src\ui\TitlePanel.java. Using fallback presentation compiler.
2026.09.20 14:31:25 INFO  no build target found for C:\Users\dizah\Documents\GitHub\The-Paradigm-Facility\TheParadigmFacility\src\ui\TitlePanel.java. Using fallback presentation compiler.
2026.09.20 14:31:25 INFO  no build target found for C:\Users\dizah\Documents\GitHub\The-Paradigm-Facility\TheParadigmFacility\src\ui\TitlePanel.java. Using fallback presentation compiler.
2026.09.20 14:31:25 INFO  no build target found for C:\Users\dizah\Documents\GitHub\The-Paradigm-Facility\TheParadigmFacility\src\ui\TitlePanel.java. Using fallback presentation compiler.
2026.09.20 14:31:26 INFO  no build target found for C:\Users\dizah\Documents\GitHub\The-Paradigm-Facility\TheParadigmFacility\src\ui\TitlePanel.java. Using fallback presentation compiler.
2026.09.20 14:31:26 INFO  no build target found for C:\Users\dizah\Documents\GitHub\The-Paradigm-Facility\TheParadigmFacility\src\ui\TitlePanel.java. Using fallback presentation compiler.
2026.09.20 14:31:26 INFO  no build target found for C:\Users\dizah\Documents\GitHub\The-Paradigm-Facility\TheParadigmFacility\src\ui\TitlePanel.java. Using fallback presentation compiler.
2026.09.20 14:31:26 INFO  no build target found for C:\Users\dizah\Documents\GitHub\The-Paradigm-Facility\TheParadigmFacility\src\ui\TitlePanel.java. Using fallback presentation compiler.
2026.09.20 14:31:26 INFO  no build target found for C:\Users\dizah\Documents\GitHub\The-Paradigm-Facility\TheParadigmFacility\src\ui\TitlePanel.java. Using fallback presentation compiler.
2026.09.20 14:31:26 INFO  no build target found for C:\Users\dizah\Documents\GitHub\The-Paradigm-Facility\TheParadigmFacility\src\ui\TitlePanel.java. Using fallback presentation compiler.
2026.09.20 14:31:28 INFO  no build target found for C:\Users\dizah\Documents\GitHub\The-Paradigm-Facility\TheParadigmFacility\src\ui\TitlePanel.java. Using fallback presentation compiler.
2026.09.20 14:31:28 INFO  no build target found for C:\Users\dizah\Documents\GitHub\The-Paradigm-Facility\TheParadigmFacility\src\ui\TitlePanel.java. Using fallback presentation compiler.
Sep 20, 2026 2:31:28 PM org.eclipse.lsp4j.jsonrpc.RemoteEndpoint handleCancellation
WARNING: Unmatched cancel notification for request id 1806
2026.09.20 14:31:29 INFO  no build target found for C:\Users\dizah\Documents\GitHub\The-Paradigm-Facility\TheParadigmFacility\src\ui\TitlePanel.java. Using fallback presentation compiler.
2026.09.20 14:31:29 INFO  no build target found for C:\Users\dizah\Documents\GitHub\The-Paradigm-Facility\TheParadigmFacility\src\ui\TitlePanel.java. Using fallback presentation compiler.
2026.09.20 14:31:29 INFO  no build target found for C:\Users\dizah\Documents\GitHub\The-Paradigm-Facility\TheParadigmFacility\src\ui\TitlePanel.java. Using fallback presentation compiler.
2026.09.20 14:31:30 INFO  no build target found for C:\Users\dizah\Documents\GitHub\The-Paradigm-Facility\TheParadigmFacility\src\ui\TitlePanel.java. Using fallback presentation compiler.
2026.09.20 14:31:30 INFO  no build target found for C:\Users\dizah\Documents\GitHub\The-Paradigm-Facility\TheParadigmFacility\src\ui\TitlePanel.java. Using fallback presentation compiler.
2026.09.20 14:31:30 INFO  no build target found for C:\Users\dizah\Documents\GitHub\The-Paradigm-Facility\TheParadigmFacility\src\ui\TitlePanel.java. Using fallback presentation compiler.
2026.09.20 14:31:31 INFO  no build target found for C:\Users\dizah\Documents\GitHub\The-Paradigm-Facility\TheParadigmFacility\src\ui\TitlePanel.java. Using fallback presentation compiler.
2026.09.20 14:31:31 INFO  no build target found for C:\Users\dizah\Documents\GitHub\The-Paradigm-Facility\TheParadigmFacility\src\ui\TitlePanel.java. Using fallback presentation compiler.
2026.09.20 14:31:33 INFO  no build target found for C:\Users\dizah\Documents\GitHub\The-Paradigm-Facility\TheParadigmFacility\src\ui\TitlePanel.java. Using fallback presentation compiler.
2026.09.20 14:31:33 INFO  no build target found for C:\Users\dizah\Documents\GitHub\The-Paradigm-Facility\TheParadigmFacility\src\ui\TitlePanel.java. Using fallback presentation compiler.
2026.09.20 14:31:33 INFO  no build target found for C:\Users\dizah\Documents\GitHub\The-Paradigm-Facility\TheParadigmFacility\src\ui\TitlePanel.java. Using fallback presentation compiler.
2026.09.20 14:31:34 INFO  no build target found for C:\Users\dizah\Documents\GitHub\The-Paradigm-Facility\TheParadigmFacility\src\ui\TitlePanel.java. Using fallback presentation compiler.
2026.09.20 14:31:34 INFO  no build target found for C:\Users\dizah\Documents\GitHub\The-Paradigm-Facility\TheParadigmFacility\src\ui\TitlePanel.java. Using fallback presentation compiler.
2026.09.20 14:31:34 INFO  no build target found for C:\Users\dizah\Documents\GitHub\The-Paradigm-Facility\TheParadigmFacility\src\ui\TitlePanel.java. Using fallback presentation compiler.
2026.09.20 14:31:35 INFO  no build target found for C:\Users\dizah\Documents\GitHub\The-Paradigm-Facility\TheParadigmFacility\src\ui\TitlePanel.java. Using fallback presentation compiler.
2026.09.20 14:31:35 INFO  no build target found for C:\Users\dizah\Documents\GitHub\The-Paradigm-Facility\TheParadigmFacility\src\ui\TitlePanel.java. Using fallback presentation compiler.
2026.09.20 14:31:35 INFO  no build target found for C:\Users\dizah\Documents\GitHub\The-Paradigm-Facility\TheParadigmFacility\src\ui\TitlePanel.java. Using fallback presentation compiler.
Sep 20, 2026 2:31:36 PM org.eclipse.lsp4j.jsonrpc.RemoteEndpoint handleCancellation
WARNING: Unmatched cancel notification for request id 1836
2026.09.20 14:31:35 INFO  no build target found for C:\Users\dizah\Documents\GitHub\The-Paradigm-Facility\TheParadigmFacility\src\ui\TitlePanel.java. Using fallback presentation compiler.
2026.09.20 14:31:36 INFO  no build target found for C:\Users\dizah\Documents\GitHub\The-Paradigm-Facility\TheParadigmFacility\src\ui\TitlePanel.java. Using fallback presentation compiler.
2026.09.20 14:31:36 INFO  no build target found for C:\Users\dizah\Documents\GitHub\The-Paradigm-Facility\TheParadigmFacility\src\ui\TitlePanel.java. Using fallback presentation compiler.
2026.09.20 14:31:36 INFO  no build target found for C:\Users\dizah\Documents\GitHub\The-Paradigm-Facility\TheParadigmFacility\src\ui\TitlePanel.java. Using fallback presentation compiler.
2026.09.20 14:31:37 INFO  no build target found for C:\Users\dizah\Documents\GitHub\The-Paradigm-Facility\TheParadigmFacility\src\ui\TitlePanel.java. Using fallback presentation compiler.
2026.09.20 14:31:37 INFO  no build target found for C:\Users\dizah\Documents\GitHub\The-Paradigm-Facility\TheParadigmFacility\src\ui\TitlePanel.java. Using fallback presentation compiler.
2026.09.20 14:31:38 INFO  no build target found for C:\Users\dizah\Documents\GitHub\The-Paradigm-Facility\TheParadigmFacility\src\ui\TitlePanel.java. Using fallback presentation compiler.
2026.09.20 14:31:37 INFO  no build target found for C:\Users\dizah\Documents\GitHub\The-Paradigm-Facility\TheParadigmFacility\src\ui\TitlePanel.java. Using fallback presentation compiler.
2026.09.20 14:31:37 INFO  no build target found for C:\Users\dizah\Documents\GitHub\The-Paradigm-Facility\TheParadigmFacility\src\ui\TitlePanel.java. Using fallback presentation compiler.
2026.09.20 14:31:38 INFO  no build target found for C:\Users\dizah\Documents\GitHub\The-Paradigm-Facility\TheParadigmFacility\src\ui\TitlePanel.java. Using fallback presentation compiler.
2026.09.20 14:31:37 INFO  no build target found for C:\Users\dizah\Documents\GitHub\The-Paradigm-Facility\TheParadigmFacility\src\ui\TitlePanel.java. Using fallback presentation compiler.
2026.09.20 14:31:39 INFO  no build target found for C:\Users\dizah\Documents\GitHub\The-Paradigm-Facility\TheParadigmFacility\src\ui\TitlePanel.java. Using fallback presentation compiler.
2026.09.20 14:31:39 INFO  no build target found for C:\Users\dizah\Documents\GitHub\The-Paradigm-Facility\TheParadigmFacility\src\ui\TitlePanel.java. Using fallback presentation compiler.
2026.09.20 14:31:39 INFO  no build target found for C:\Users\dizah\Documents\GitHub\The-Paradigm-Facility\TheParadigmFacility\src\ui\TitlePanel.java. Using fallback presentation compiler.
2026.09.20 14:31:40 INFO  no build target found for C:\Users\dizah\Documents\GitHub\The-Paradigm-Facility\TheParadigmFacility\src\ui\TitlePanel.java. Using fallback presentation compiler.
2026.09.20 14:31:40 INFO  no build target found for C:\Users\dizah\Documents\GitHub\The-Paradigm-Facility\TheParadigmFacility\src\ui\TitlePanel.java. Using fallback presentation compiler.
2026.09.20 14:31:40 INFO  no build target found for C:\Users\dizah\Documents\GitHub\The-Paradigm-Facility\TheParadigmFacility\src\ui\TitlePanel.java. Using fallback presentation compiler.
2026.09.20 14:31:41 INFO  no build target found for C:\Users\dizah\Documents\GitHub\The-Paradigm-Facility\TheParadigmFacility\src\ui\TitlePanel.java. Using fallback presentation compiler.
2026.09.20 14:31:41 INFO  no build target found for C:\Users\dizah\Documents\GitHub\The-Paradigm-Facility\TheParadigmFacility\src\ui\TitlePanel.java. Using fallback presentation compiler.
2026.09.20 14:31:41 INFO  no build target found for C:\Users\dizah\Documents\GitHub\The-Paradigm-Facility\TheParadigmFacility\src\ui\TitlePanel.java. Using fallback presentation compiler.
2026.09.20 14:31:42 INFO  no build target found for C:\Users\dizah\Documents\GitHub\The-Paradigm-Facility\TheParadigmFacility\src\ui\TitlePanel.java. Using fallback presentation compiler.
2026.09.20 14:31:53 WARN  no build target for: C:\Users\dizah\Documents\GitHub\The-Paradigm-Facility\TheParadigmFacility\src\ui\TitlePanel.java
2026.09.20 14:31:53 INFO  no build target found for C:\Users\dizah\Documents\GitHub\The-Paradigm-Facility\TheParadigmFacility\src\ui\TitlePanel.java. Using fallback presentation compiler.
2026.09.20 14:33:24 INFO  no build target found for C:\Users\dizah\Documents\GitHub\The-Paradigm-Facility\TheParadigmFacility\src\ui\TitlePanel.java. Using fallback presentation compiler.
2026.09.20 14:33:24 WARN  no build target for: C:\Users\dizah\Documents\GitHub\The-Paradigm-Facility\TheParadigmFacility\src\ui\TitlePanel.java
Sep 20, 2026 2:33:24 PM org.eclipse.lsp4j.jsonrpc.RemoteEndpoint handleCancellation
WARNING: Unmatched cancel notification for request id 1875
2026.09.20 14:33:24 INFO  no build target found for C:\Users\dizah\Documents\GitHub\The-Paradigm-Facility\TheParadigmFacility\src\ui\TitlePanel.java. Using fallback presentation compiler.
2026.09.20 14:33:24 INFO  no build target found for C:\Users\dizah\Documents\GitHub\The-Paradigm-Facility\TheParadigmFacility\src\ui\TitlePanel.java. Using fallback presentation compiler.
2026.09.20 14:33:24 INFO  no build target found for C:\Users\dizah\Documents\GitHub\The-Paradigm-Facility\TheParadigmFacility\src\ui\TitlePanel.java. Using fallback presentation compiler.
2026.09.20 14:33:25 INFO  no build target found for C:\Users\dizah\Documents\GitHub\The-Paradigm-Facility\TheParadigmFacility\src\ui\TitlePanel.java. Using fallback presentation compiler.
2026.09.20 14:33:44 INFO  no build target found for C:\Users\dizah\Documents\GitHub\The-Paradigm-Facility\TheParadigmFacility\src\ui\TitlePanel.java. Using fallback presentation compiler.
2026.09.20 14:33:44 INFO  no build target found for C:\Users\dizah\Documents\GitHub\The-Paradigm-Facility\TheParadigmFacility\src\ui\TitlePanel.java. Using fallback presentation compiler.
2026.09.20 14:33:46 INFO  no build target found for C:\Users\dizah\Documents\GitHub\The-Paradigm-Facility\TheParadigmFacility\src\ui\TitlePanel.java. Using fallback presentation compiler.
2026.09.20 14:33:46 INFO  no build target found for C:\Users\dizah\Documents\GitHub\The-Paradigm-Facility\TheParadigmFacility\src\ui\TitlePanel.java. Using fallback presentation compiler.
2026.09.20 14:33:48 INFO  no build target found for C:\Users\dizah\Documents\GitHub\The-Paradigm-Facility\TheParadigmFacility\src\ui\TitlePanel.java. Using fallback presentation compiler.
2026.09.20 14:33:50 INFO  no build target found for C:\Users\dizah\Documents\GitHub\The-Paradigm-Facility\TheParadigmFacility\src\ui\TitlePanel.java. Using fallback presentation compiler.
2026.09.20 14:33:53 INFO  no build target found for C:\Users\dizah\Documents\GitHub\The-Paradigm-Facility\TheParadigmFacility\src\ui\TitlePanel.java. Using fallback presentation compiler.
2026.09.20 14:33:53 INFO  no build target found for C:\Users\dizah\Documents\GitHub\The-Paradigm-Facility\TheParadigmFacility\src\ui\TitlePanel.java. Using fallback presentation compiler.
2026.09.20 14:33:55 INFO  no build target found for C:\Users\dizah\Documents\GitHub\The-Paradigm-Facility\TheParadigmFacility\src\ui\TitlePanel.java. Using fallback presentation compiler.
2026.09.20 14:33:56 INFO  no build target found for C:\Users\dizah\Documents\GitHub\The-Paradigm-Facility\TheParadigmFacility\src\ui\TitlePanel.java. Using fallback presentation compiler.
2026.09.20 14:33:56 INFO  no build target found for C:\Users\dizah\Documents\GitHub\The-Paradigm-Facility\TheParadigmFacility\src\ui\TitlePanel.java. Using fallback presentation compiler.
2026.09.20 14:33:56 INFO  no build target found for C:\Users\dizah\Documents\GitHub\The-Paradigm-Facility\TheParadigmFacility\src\ui\TitlePanel.java. Using fallback presentation compiler.
2026.09.20 14:33:57 INFO  no build target found for C:\Users\dizah\Documents\GitHub\The-Paradigm-Facility\TheParadigmFacility\src\ui\TitlePanel.java. Using fallback presentation compiler.
2026.09.20 14:33:57 INFO  no build target found for C:\Users\dizah\Documents\GitHub\The-Paradigm-Facility\TheParadigmFacility\src\ui\TitlePanel.java. Using fallback presentation compiler.
2026.09.20 14:33:58 INFO  no build target found for C:\Users\dizah\Documents\GitHub\The-Paradigm-Facility\TheParadigmFacility\src\ui\TitlePanel.java. Using fallback presentation compiler.
2026.09.20 14:33:59 INFO  time: code lens generation in 1.07s
2026.09.20 14:34:00 INFO  no build target found for C:\Users\dizah\Documents\GitHub\The-Paradigm-Facility\TheParadigmFacility\src\ui\TitlePanel.java. Using fallback presentation compiler.
2026.09.20 14:34:03 INFO  no build target found for C:\Users\dizah\Documents\GitHub\The-Paradigm-Facility\TheParadigmFacility\src\ui\TitlePanel.java. Using fallback presentation compiler.
2026.09.20 14:34:03 INFO  no build target found for C:\Users\dizah\Documents\GitHub\The-Paradigm-Facility\TheParadigmFacility\src\ui\TitlePanel.java. Using fallback presentation compiler.
2026.09.20 14:34:03 INFO  no build target found for C:\Users\dizah\Documents\GitHub\The-Paradigm-Facility\TheParadigmFacility\src\ui\TitlePanel.java. Using fallback presentation compiler.
2026.09.20 14:34:05 INFO  no build target found for C:\Users\dizah\Documents\GitHub\The-Paradigm-Facility\TheParadigmFacility\src\ui\TitlePanel.java. Using fallback presentation compiler.
Sep 20, 2026 2:34:05 PM org.eclipse.lsp4j.jsonrpc.RemoteEndpoint handleCancellation
WARNING: Unmatched cancel notification for request id 1975
2026.09.20 14:34:06 INFO  no build target found for C:\Users\dizah\Documents\GitHub\The-Paradigm-Facility\TheParadigmFacility\src\ui\TitlePanel.java. Using fallback presentation compiler.
2026.09.20 14:34:06 INFO  no build target found for C:\Users\dizah\Documents\GitHub\The-Paradigm-Facility\TheParadigmFacility\src\ui\TitlePanel.java. Using fallback presentation compiler.
2026.09.20 14:34:07 WARN  no build target for: C:\Users\dizah\Documents\GitHub\The-Paradigm-Facility\TheParadigmFacility\src\ui\TitlePanel.java
2026.09.20 14:34:07 INFO  no build target found for C:\Users\dizah\Documents\GitHub\The-Paradigm-Facility\TheParadigmFacility\src\ui\TitlePanel.java. Using fallback presentation compiler.
2026.09.20 14:34:09 INFO  no build target found for C:\Users\dizah\Documents\GitHub\The-Paradigm-Facility\TheParadigmFacility\src\ui\TitlePanel.java. Using fallback presentation compiler.
2026.09.20 14:34:09 INFO  no build target found for C:\Users\dizah\Documents\GitHub\The-Paradigm-Facility\TheParadigmFacility\src\ui\TitlePanel.java. Using fallback presentation compiler.
2026.09.20 14:34:09 INFO  no build target found for C:\Users\dizah\Documents\GitHub\The-Paradigm-Facility\TheParadigmFacility\src\ui\TitlePanel.java. Using fallback presentation compiler.
2026.09.20 14:34:09 INFO  no build target found for C:\Users\dizah\Documents\GitHub\The-Paradigm-Facility\TheParadigmFacility\src\ui\TitlePanel.java. Using fallback presentation compiler.
2026.09.20 14:34:10 INFO  no build target found for C:\Users\dizah\Documents\GitHub\The-Paradigm-Facility\TheParadigmFacility\src\ui\TitlePanel.java. Using fallback presentation compiler.
2026.09.20 14:34:10 INFO  no build target found for C:\Users\dizah\Documents\GitHub\The-Paradigm-Facility\TheParadigmFacility\src\ui\TitlePanel.java. Using fallback presentation compiler.
2026.09.20 14:34:10 INFO  no build target found for C:\Users\dizah\Documents\GitHub\The-Paradigm-Facility\TheParadigmFacility\src\ui\TitlePanel.java. Using fallback presentation compiler.
2026.09.20 14:34:10 INFO  no build target found for C:\Users\dizah\Documents\GitHub\The-Paradigm-Facility\TheParadigmFacility\src\ui\TitlePanel.java. Using fallback presentation compiler.
2026.09.20 14:34:11 INFO  no build target found for C:\Users\dizah\Documents\GitHub\The-Paradigm-Facility\TheParadigmFacility\src\ui\TitlePanel.java. Using fallback presentation compiler.
2026.09.20 14:34:11 INFO  no build target found for C:\Users\dizah\Documents\GitHub\The-Paradigm-Facility\TheParadigmFacility\src\ui\TitlePanel.java. Using fallback presentation compiler.
2026.09.20 14:34:11 INFO  no build target found for C:\Users\dizah\Documents\GitHub\The-Paradigm-Facility\TheParadigmFacility\src\ui\TitlePanel.java. Using fallback presentation compiler.
Sep 20, 2026 2:34:11 PM org.eclipse.lsp4j.jsonrpc.RemoteEndpoint handleCancellation
WARNING: Unmatched cancel notification for request id 2008
2026.09.20 14:34:11 INFO  no build target found for C:\Users\dizah\Documents\GitHub\The-Paradigm-Facility\TheParadigmFacility\src\ui\TitlePanel.java. Using fallback presentation compiler.
2026.09.20 14:34:11 INFO  no build target found for C:\Users\dizah\Documents\GitHub\The-Paradigm-Facility\TheParadigmFacility\src\ui\TitlePanel.java. Using fallback presentation compiler.
2026.09.20 14:34:12 INFO  no build target found for C:\Users\dizah\Documents\GitHub\The-Paradigm-Facility\TheParadigmFacility\src\ui\TitlePanel.java. Using fallback presentation compiler.
2026.09.20 14:34:11 INFO  no build target found for C:\Users\dizah\Documents\GitHub\The-Paradigm-Facility\TheParadigmFacility\src\ui\TitlePanel.java. Using fallback presentation compiler.
2026.09.20 14:34:11 INFO  no build target found for C:\Users\dizah\Documents\GitHub\The-Paradigm-Facility\TheParadigmFacility\src\ui\TitlePanel.java. Using fallback presentation compiler.
2026.09.20 14:34:11 INFO  no build target found for C:\Users\dizah\Documents\GitHub\The-Paradigm-Facility\TheParadigmFacility\src\ui\TitlePanel.java. Using fallback presentation compiler.
2026.09.20 14:34:12 INFO  no build target found for C:\Users\dizah\Documents\GitHub\The-Paradigm-Facility\TheParadigmFacility\src\ui\TitlePanel.java. Using fallback presentation compiler.
2026.09.20 14:34:11 INFO  no build target found for C:\Users\dizah\Documents\GitHub\The-Paradigm-Facility\TheParadigmFacility\src\ui\TitlePanel.java. Using fallback presentation compiler.
2026.09.20 14:34:13 WARN  no build target for: C:\Users\dizah\Documents\GitHub\The-Paradigm-Facility\TheParadigmFacility\src\ui\TitlePanel.java
2026.09.20 14:34:13 INFO  no build target found for C:\Users\dizah\Documents\GitHub\The-Paradigm-Facility\TheParadigmFacility\src\ui\TitlePanel.java. Using fallback presentation compiler.
2026.09.20 14:34:13 INFO  no build target found for C:\Users\dizah\Documents\GitHub\The-Paradigm-Facility\TheParadigmFacility\src\ui\TitlePanel.java. Using fallback presentation compiler.
2026.09.20 14:34:13 INFO  no build target found for C:\Users\dizah\Documents\GitHub\The-Paradigm-Facility\TheParadigmFacility\src\ui\TitlePanel.java. Using fallback presentation compiler.
2026.09.20 14:34:30 INFO  no build target found for C:\Users\dizah\Documents\GitHub\The-Paradigm-Facility\TheParadigmFacility\src\ui\TitlePanel.java. Using fallback presentation compiler.
2026.09.20 14:34:31 INFO  no build target found for C:\Users\dizah\Documents\GitHub\The-Paradigm-Facility\TheParadigmFacility\src\ui\TitlePanel.java. Using fallback presentation compiler.
2026.09.20 14:34:31 INFO  no build target found for C:\Users\dizah\Documents\GitHub\The-Paradigm-Facility\TheParadigmFacility\src\ui\TitlePanel.java. Using fallback presentation compiler.
2026.09.20 14:34:32 INFO  no build target found for C:\Users\dizah\Documents\GitHub\The-Paradigm-Facility\TheParadigmFacility\src\ui\TitlePanel.java. Using fallback presentation compiler.
2026.09.20 14:34:31 INFO  no build target found for C:\Users\dizah\Documents\GitHub\The-Paradigm-Facility\TheParadigmFacility\src\ui\TitlePanel.java. Using fallback presentation compiler.
2026.09.20 14:34:31 INFO  no build target found for C:\Users\dizah\Documents\GitHub\The-Paradigm-Facility\TheParadigmFacility\src\ui\TitlePanel.java. Using fallback presentation compiler.
2026.09.20 14:34:31 INFO  no build target found for C:\Users\dizah\Documents\GitHub\The-Paradigm-Facility\TheParadigmFacility\src\ui\TitlePanel.java. Using fallback presentation compiler.
2026.09.20 14:34:32 INFO  no build target found for C:\Users\dizah\Documents\GitHub\The-Paradigm-Facility\TheParadigmFacility\src\ui\TitlePanel.java. Using fallback presentation compiler.
2026.09.20 14:34:31 INFO  no build target found for C:\Users\dizah\Documents\GitHub\The-Paradigm-Facility\TheParadigmFacility\src\ui\TitlePanel.java. Using fallback presentation compiler.
2026.09.20 14:34:31 INFO  no build target found for C:\Users\dizah\Documents\GitHub\The-Paradigm-Facility\TheParadigmFacility\src\ui\TitlePanel.java. Using fallback presentation compiler.
2026.09.20 14:34:31 INFO  no build target found for C:\Users\dizah\Documents\GitHub\The-Paradigm-Facility\TheParadigmFacility\src\ui\TitlePanel.java. Using fallback presentation compiler.
2026.09.20 14:34:32 INFO  no build target found for C:\Users\dizah\Documents\GitHub\The-Paradigm-Facility\TheParadigmFacility\src\ui\TitlePanel.java. Using fallback presentation compiler.
2026.09.20 14:34:32 INFO  no build target found for C:\Users\dizah\Documents\GitHub\The-Paradigm-Facility\TheParadigmFacility\src\ui\TitlePanel.java. Using fallback presentation compiler.
2026.09.20 14:34:32 INFO  no build target found for C:\Users\dizah\Documents\GitHub\The-Paradigm-Facility\TheParadigmFacility\src\ui\TitlePanel.java. Using fallback presentation compiler.
2026.09.20 14:34:32 INFO  no build target found for C:\Users\dizah\Documents\GitHub\The-Paradigm-Facility\TheParadigmFacility\src\ui\TitlePanel.java. Using fallback presentation compiler.
2026.09.20 14:34:33 INFO  no build target found for C:\Users\dizah\Documents\GitHub\The-Paradigm-Facility\TheParadigmFacility\src\ui\TitlePanel.java. Using fallback presentation compiler.
2026.09.20 14:34:32 INFO  no build target found for C:\Users\dizah\Documents\GitHub\The-Paradigm-Facility\TheParadigmFacility\src\ui\TitlePanel.java. Using fallback presentation compiler.
2026.09.20 14:34:32 INFO  no build target found for C:\Users\dizah\Documents\GitHub\The-Paradigm-Facility\TheParadigmFacility\src\ui\TitlePanel.java. Using fallback presentation compiler.
2026.09.20 14:34:32 INFO  no build target found for C:\Users\dizah\Documents\GitHub\The-Paradigm-Facility\TheParadigmFacility\src\ui\TitlePanel.java. Using fallback presentation compiler.
Sep 20, 2026 2:34:33 PM org.eclipse.lsp4j.jsonrpc.RemoteEndpoint handleCancellation
WARNING: Unmatched cancel notification for request id 2046
2026.09.20 14:34:33 INFO  no build target found for C:\Users\dizah\Documents\GitHub\The-Paradigm-Facility\TheParadigmFacility\src\ui\TitlePanel.java. Using fallback presentation compiler.
2026.09.20 14:34:33 INFO  no build target found for C:\Users\dizah\Documents\GitHub\The-Paradigm-Facility\TheParadigmFacility\src\ui\TitlePanel.java. Using fallback presentation compiler.
2026.09.20 14:34:33 INFO  no build target found for C:\Users\dizah\Documents\GitHub\The-Paradigm-Facility\TheParadigmFacility\src\ui\TitlePanel.java. Using fallback presentation compiler.
2026.09.20 14:34:35 INFO  no build target found for C:\Users\dizah\Documents\GitHub\The-Paradigm-Facility\TheParadigmFacility\src\ui\TitlePanel.java. Using fallback presentation compiler.
2026.09.20 14:34:35 INFO  no build target found for C:\Users\dizah\Documents\GitHub\The-Paradigm-Facility\TheParadigmFacility\src\ui\TitlePanel.java. Using fallback presentation compiler.
2026.09.20 14:34:35 INFO  no build target found for C:\Users\dizah\Documents\GitHub\The-Paradigm-Facility\TheParadigmFacility\src\ui\TitlePanel.java. Using fallback presentation compiler.
2026.09.20 14:34:35 INFO  no build target found for C:\Users\dizah\Documents\GitHub\The-Paradigm-Facility\TheParadigmFacility\src\ui\TitlePanel.java. Using fallback presentation compiler.
2026.09.20 14:34:35 INFO  no build target found for C:\Users\dizah\Documents\GitHub\The-Paradigm-Facility\TheParadigmFacility\src\ui\TitlePanel.java. Using fallback presentation compiler.
2026.09.20 14:34:36 INFO  no build target found for C:\Users\dizah\Documents\GitHub\The-Paradigm-Facility\TheParadigmFacility\src\ui\TitlePanel.java. Using fallback presentation compiler.
2026.09.20 14:34:36 INFO  no build target found for C:\Users\dizah\Documents\GitHub\The-Paradigm-Facility\TheParadigmFacility\src\ui\TitlePanel.java. Using fallback presentation compiler.
2026.09.20 14:34:36 INFO  no build target found for C:\Users\dizah\Documents\GitHub\The-Paradigm-Facility\TheParadigmFacility\src\ui\TitlePanel.java. Using fallback presentation compiler.
2026.09.20 14:34:36 INFO  no build target found for C:\Users\dizah\Documents\GitHub\The-Paradigm-Facility\TheParadigmFacility\src\ui\TitlePanel.java. Using fallback presentation compiler.
2026.09.20 14:34:36 INFO  no build target found for C:\Users\dizah\Documents\GitHub\The-Paradigm-Facility\TheParadigmFacility\src\ui\TitlePanel.java. Using fallback presentation compiler.
2026.09.20 14:34:41 INFO  no build target found for C:\Users\dizah\Documents\GitHub\The-Paradigm-Facility\TheParadigmFacility\src\ui\TitlePanel.java. Using fallback presentation compiler.
2026.09.20 14:34:41 INFO  no build target found for C:\Users\dizah\Documents\GitHub\The-Paradigm-Facility\TheParadigmFacility\src\ui\TitlePanel.java. Using fallback presentation compiler.
2026.09.20 14:34:41 INFO  no build target found for C:\Users\dizah\Documents\GitHub\The-Paradigm-Facility\TheParadigmFacility\src\ui\TitlePanel.java. Using fallback presentation compiler.
2026.09.20 14:34:43 INFO  no build target found for C:\Users\dizah\Documents\GitHub\The-Paradigm-Facility\TheParadigmFacility\src\ui\TitlePanel.java. Using fallback presentation compiler.
2026.09.20 14:34:43 INFO  no build target found for C:\Users\dizah\Documents\GitHub\The-Paradigm-Facility\TheParadigmFacility\src\ui\TitlePanel.java. Using fallback presentation compiler.
2026.09.20 14:34:43 INFO  no build target found for C:\Users\dizah\Documents\GitHub\The-Paradigm-Facility\TheParadigmFacility\src\ui\TitlePanel.java. Using fallback presentation compiler.
2026.09.20 14:34:44 INFO  no build target found for C:\Users\dizah\Documents\GitHub\The-Paradigm-Facility\TheParadigmFacility\src\ui\TitlePanel.java. Using fallback presentation compiler.
2026.09.20 14:34:44 INFO  no build target found for C:\Users\dizah\Documents\GitHub\The-Paradigm-Facility\TheParadigmFacility\src\ui\TitlePanel.java. Using fallback presentation compiler.
Sep 20, 2026 2:34:44 PM org.eclipse.lsp4j.jsonrpc.RemoteEndpoint handleCancellation
WARNING: Unmatched cancel notification for request id 2083
2026.09.20 14:34:44 INFO  no build target found for C:\Users\dizah\Documents\GitHub\The-Paradigm-Facility\TheParadigmFacility\src\ui\TitlePanel.java. Using fallback presentation compiler.
2026.09.20 14:34:44 INFO  no build target found for C:\Users\dizah\Documents\GitHub\The-Paradigm-Facility\TheParadigmFacility\src\ui\TitlePanel.java. Using fallback presentation compiler.
2026.09.20 14:34:44 INFO  no build target found for C:\Users\dizah\Documents\GitHub\The-Paradigm-Facility\TheParadigmFacility\src\ui\TitlePanel.java. Using fallback presentation compiler.
2026.09.20 14:34:44 INFO  no build target found for C:\Users\dizah\Documents\GitHub\The-Paradigm-Facility\TheParadigmFacility\src\ui\TitlePanel.java. Using fallback presentation compiler.
2026.09.20 14:34:44 INFO  no build target found for C:\Users\dizah\Documents\GitHub\The-Paradigm-Facility\TheParadigmFacility\src\ui\TitlePanel.java. Using fallback presentation compiler.
2026.09.20 14:34:45 INFO  no build target found for C:\Users\dizah\Documents\GitHub\The-Paradigm-Facility\TheParadigmFacility\src\ui\TitlePanel.java. Using fallback presentation compiler.
2026.09.20 14:34:45 INFO  no build target found for C:\Users\dizah\Documents\GitHub\The-Paradigm-Facility\TheParadigmFacility\src\ui\TitlePanel.java. Using fallback presentation compiler.
2026.09.20 14:34:45 INFO  no build target found for C:\Users\dizah\Documents\GitHub\The-Paradigm-Facility\TheParadigmFacility\src\ui\TitlePanel.java. Using fallback presentation compiler.
2026.09.20 14:34:45 INFO  no build target found for C:\Users\dizah\Documents\GitHub\The-Paradigm-Facility\TheParadigmFacility\src\ui\TitlePanel.java. Using fallback presentation compiler.
2026.09.20 14:34:45 INFO  no build target found for C:\Users\dizah\Documents\GitHub\The-Paradigm-Facility\TheParadigmFacility\src\ui\TitlePanel.java. Using fallback presentation compiler.
2026.09.20 14:34:48 INFO  no build target found for C:\Users\dizah\Documents\GitHub\The-Paradigm-Facility\TheParadigmFacility\src\ui\TitlePanel.java. Using fallback presentation compiler.
2026.09.20 14:34:50 INFO  no build target found for C:\Users\dizah\Documents\GitHub\The-Paradigm-Facility\TheParadigmFacility\src\ui\TitlePanel.java. Using fallback presentation compiler.
2026.09.20 14:34:50 INFO  no build target found for C:\Users\dizah\Documents\GitHub\The-Paradigm-Facility\TheParadigmFacility\src\ui\TitlePanel.java. Using fallback presentation compiler.
2026.09.20 14:34:51 INFO  no build target found for C:\Users\dizah\Documents\GitHub\The-Paradigm-Facility\TheParadigmFacility\src\ui\TitlePanel.java. Using fallback presentation compiler.
2026.09.20 14:34:51 INFO  no build target found for C:\Users\dizah\Documents\GitHub\The-Paradigm-Facility\TheParadigmFacility\src\ui\TitlePanel.java. Using fallback presentation compiler.
2026.09.20 14:34:51 INFO  no build target found for C:\Users\dizah\Documents\GitHub\The-Paradigm-Facility\TheParadigmFacility\src\ui\TitlePanel.java. Using fallback presentation compiler.
2026.09.20 14:34:51 INFO  no build target found for C:\Users\dizah\Documents\GitHub\The-Paradigm-Facility\TheParadigmFacility\src\ui\TitlePanel.java. Using fallback presentation compiler.
2026.09.20 14:34:53 INFO  no build target found for C:\Users\dizah\Documents\GitHub\The-Paradigm-Facility\TheParadigmFacility\src\ui\TitlePanel.java. Using fallback presentation compiler.
2026.09.20 14:34:53 INFO  no build target found for C:\Users\dizah\Documents\GitHub\The-Paradigm-Facility\TheParadigmFacility\src\ui\TitlePanel.java. Using fallback presentation compiler.
2026.09.20 14:34:54 INFO  no build target found for C:\Users\dizah\Documents\GitHub\The-Paradigm-Facility\TheParadigmFacility\src\ui\TitlePanel.java. Using fallback presentation compiler.
2026.09.20 14:34:54 INFO  no build target found for C:\Users\dizah\Documents\GitHub\The-Paradigm-Facility\TheParadigmFacility\src\ui\TitlePanel.java. Using fallback presentation compiler.
2026.09.20 14:34:54 INFO  no build target found for C:\Users\dizah\Documents\GitHub\The-Paradigm-Facility\TheParadigmFacility\src\ui\TitlePanel.java. Using fallback presentation compiler.
2026.09.20 14:34:55 INFO  no build target found for C:\Users\dizah\Documents\GitHub\The-Paradigm-Facility\TheParadigmFacility\src\ui\TitlePanel.java. Using fallback presentation compiler.
Sep 20, 2026 2:34:55 PM org.eclipse.lsp4j.jsonrpc.RemoteEndpoint fallbackResponseError
SEVERE: Internal error: java.lang.IllegalArgumentException: 120 is not a valid line number, allowed [0..113)
java.util.concurrent.CompletionException: java.lang.IllegalArgumentException: 120 is not a valid line number, allowed [0..113)
	at java.base/java.util.concurrent.CompletableFuture.wrapInCompletionException(CompletableFuture.java:323)
	at java.base/java.util.concurrent.CompletableFuture.encodeThrowable(CompletableFuture.java:376)
	at java.base/java.util.concurrent.CompletableFuture.completeThrowable(CompletableFuture.java:391)
	at java.base/java.util.concurrent.CompletableFuture$UniAccept.tryFire(CompletableFuture.java:729)
	at java.base/java.util.concurrent.CompletableFuture.postComplete(CompletableFuture.java:531)
	at java.base/java.util.concurrent.CompletableFuture.completeExceptionally(CompletableFuture.java:2221)
	at scala.meta.internal.metals.CancelTokens$.$anonfun$future$1(CancelTokens.scala:40)
	at scala.meta.internal.metals.CancelTokens$.$anonfun$future$1$adapted(CancelTokens.scala:38)
	at scala.concurrent.impl.Promise$Transformation.run(Promise.scala:517)
	at java.base/java.util.concurrent.ThreadPoolExecutor.runWorker(ThreadPoolExecutor.java:1090)
	at java.base/java.util.concurrent.ThreadPoolExecutor$Worker.run(ThreadPoolExecutor.java:614)
	at java.base/java.lang.Thread.run(Thread.java:1474)
Caused by: java.lang.IllegalArgumentException: 120 is not a valid line number, allowed [0..113)
	at scala.meta.internal.inputs.InternalInput.lineToOffsetAndLength(InternalInput.scala:39)
	at scala.meta.internal.inputs.InternalInput.lineToOffsetAndLength$(InternalInput.scala:34)
	at scala.meta.inputs.Input$VirtualFile.lineToOffsetAndLength(Input.scala:140)
	at scala.meta.internal.mtags.ScalametaCommonEnrichments$XtensionInputOffset.toOffset(ScalametaCommonEnrichments.scala:612)
	at scala.meta.internal.parsing.TokenEditDistance$Diff.toRevised(TokenEditDistance.scala:340)
	at scala.meta.internal.parsing.TokenEditDistance.toRevisedStrict(TokenEditDistance.scala:67)
	at scala.meta.internal.parsing.TokenEditDistance.toRevisedStrict$(TokenEditDistance.scala:62)
	at scala.meta.internal.parsing.TokenEditDistance$Diff.toRevisedStrict(TokenEditDistance.scala:229)
	at scala.meta.internal.metals.codelenses.SuperMethodCodeLens.$anonfun$codeLenses$8(SuperMethodCodeLens.scala:55)
	at scala.Option.flatMap(Option.scala:283)
	at scala.meta.internal.metals.codelenses.SuperMethodCodeLens.$anonfun$codeLenses$7(SuperMethodCodeLens.scala:55)
	at scala.collection.Iterator$$anon$10.nextCur(Iterator.scala:604)
	at scala.collection.Iterator$$anon$10.hasNext(Iterator.scala:618)
	at scala.collection.immutable.List.prependedAll(List.scala:152)
	at scala.collection.immutable.List$.from(List.scala:674)
	at scala.collection.immutable.List$.from(List.scala:671)
	at scala.collection.IterableFactory$Delegate.from(Factory.scala:288)
	at scala.collection.immutable.Iterable$.from(Iterable.scala:35)
	at scala.collection.immutable.Iterable$.from(Iterable.scala:32)
	at scala.collection.IterableFactory$Delegate.from(Factory.scala:288)
	at scala.collection.IterableOps.flatMap(Iterable.scala:685)
	at scala.collection.IterableOps.flatMap$(Iterable.scala:685)
	at scala.collection.AbstractIterable.flatMap(Iterable.scala:936)
	at scala.meta.internal.metals.codelenses.SuperMethodCodeLens.$anonfun$codeLenses$5(SuperMethodCodeLens.scala:47)
	at scala.collection.StrictOptimizedIterableOps.flatMap(StrictOptimizedIterableOps.scala:118)
	at scala.collection.StrictOptimizedIterableOps.flatMap$(StrictOptimizedIterableOps.scala:105)
	at scala.collection.immutable.Vector.flatMap(Vector.scala:116)
	at scala.meta.internal.metals.codelenses.SuperMethodCodeLens.$anonfun$codeLenses$1(SuperMethodCodeLens.scala:44)
	at scala.concurrent.Future$.$anonfun$apply$1(Future.scala:691)
	at scala.concurrent.impl.Promise$Transformation.run(Promise.scala:500)
	... 3 more

2026.09.20 14:34:56 INFO  no build target found for C:\Users\dizah\Documents\GitHub\The-Paradigm-Facility\TheParadigmFacility\src\ui\TitlePanel.java. Using fallback presentation compiler.
Sep 20, 2026 2:34:56 PM org.eclipse.lsp4j.jsonrpc.RemoteEndpoint fallbackResponseError
SEVERE: Internal error: java.lang.IllegalArgumentException: 130 is not a valid line number, allowed [0..113)
java.util.concurrent.CompletionException: java.lang.IllegalArgumentException: 130 is not a valid line number, allowed [0..113)
	at java.base/java.util.concurrent.CompletableFuture.wrapInCompletionException(CompletableFuture.java:323)
	at java.base/java.util.concurrent.CompletableFuture.encodeThrowable(CompletableFuture.java:376)
	at java.base/java.util.concurrent.CompletableFuture.completeThrowable(CompletableFuture.java:391)
	at java.base/java.util.concurrent.CompletableFuture$UniAccept.tryFire(CompletableFuture.java:729)
	at java.base/java.util.concurrent.CompletableFuture.postComplete(CompletableFuture.java:531)
	at java.base/java.util.concurrent.CompletableFuture.completeExceptionally(CompletableFuture.java:2221)
	at scala.meta.internal.metals.CancelTokens$.$anonfun$future$1(CancelTokens.scala:40)
	at scala.meta.internal.metals.CancelTokens$.$anonfun$future$1$adapted(CancelTokens.scala:38)
	at scala.concurrent.impl.Promise$Transformation.run(Promise.scala:517)
	at java.base/java.util.concurrent.ThreadPoolExecutor.runWorker(ThreadPoolExecutor.java:1090)
	at java.base/java.util.concurrent.ThreadPoolExecutor$Worker.run(ThreadPoolExecutor.java:614)
	at java.base/java.lang.Thread.run(Thread.java:1474)
Caused by: java.lang.IllegalArgumentException: 130 is not a valid line number, allowed [0..113)
	at scala.meta.internal.inputs.InternalInput.lineToOffsetAndLength(InternalInput.scala:39)
	at scala.meta.internal.inputs.InternalInput.lineToOffsetAndLength$(InternalInput.scala:34)
	at scala.meta.inputs.Input$VirtualFile.lineToOffsetAndLength(Input.scala:140)
	at scala.meta.internal.mtags.ScalametaCommonEnrichments$XtensionInputOffset.toOffset(ScalametaCommonEnrichments.scala:612)
	at scala.meta.internal.parsing.TokenEditDistance$Diff.toRevised(TokenEditDistance.scala:340)
	at scala.meta.internal.parsing.TokenEditDistance.toRevisedStrict(TokenEditDistance.scala:67)
	at scala.meta.internal.parsing.TokenEditDistance.toRevisedStrict$(TokenEditDistance.scala:62)
	at scala.meta.internal.parsing.TokenEditDistance$Diff.toRevisedStrict(TokenEditDistance.scala:229)
	at scala.meta.internal.metals.codelenses.SuperMethodCodeLens.$anonfun$codeLenses$8(SuperMethodCodeLens.scala:55)
	at scala.Option.flatMap(Option.scala:283)
	at scala.meta.internal.metals.codelenses.SuperMethodCodeLens.$anonfun$codeLenses$7(SuperMethodCodeLens.scala:55)
	at scala.collection.Iterator$$anon$10.nextCur(Iterator.scala:604)
	at scala.collection.Iterator$$anon$10.hasNext(Iterator.scala:618)
	at scala.collection.immutable.List.prependedAll(List.scala:152)
	at scala.collection.immutable.List$.from(List.scala:674)
	at scala.collection.immutable.List$.from(List.scala:671)
	at scala.collection.IterableFactory$Delegate.from(Factory.scala:288)
	at scala.collection.immutable.Iterable$.from(Iterable.scala:35)
	at scala.collection.immutable.Iterable$.from(Iterable.scala:32)
	at scala.collection.IterableFactory$Delegate.from(Factory.scala:288)
	at scala.collection.IterableOps.flatMap(Iterable.scala:685)
	at scala.collection.IterableOps.flatMap$(Iterable.scala:685)
	at scala.collection.AbstractIterable.flatMap(Iterable.scala:936)
	at scala.meta.internal.metals.codelenses.SuperMethodCodeLens.$anonfun$codeLenses$5(SuperMethodCodeLens.scala:47)
	at scala.collection.StrictOptimizedIterableOps.flatMap(StrictOptimizedIterableOps.scala:118)
	at scala.collection.StrictOptimizedIterableOps.flatMap$(StrictOptimizedIterableOps.scala:105)
	at scala.collection.immutable.Vector.flatMap(Vector.scala:116)
	at scala.meta.internal.metals.codelenses.SuperMethodCodeLens.$anonfun$codeLenses$1(SuperMethodCodeLens.scala:44)
	at scala.concurrent.Future$.$anonfun$apply$1(Future.scala:691)
	at scala.concurrent.impl.Promise$Transformation.run(Promise.scala:500)
	... 3 more

2026.09.20 14:34:56 INFO  no build target found for C:\Users\dizah\Documents\GitHub\The-Paradigm-Facility\TheParadigmFacility\src\ui\TitlePanel.java. Using fallback presentation compiler.
2026.09.20 14:34:56 INFO  no build target found for C:\Users\dizah\Documents\GitHub\The-Paradigm-Facility\TheParadigmFacility\src\ui\TitlePanel.java. Using fallback presentation compiler.
Sep 20, 2026 2:34:59 PM org.eclipse.lsp4j.jsonrpc.RemoteEndpoint handleCancellation
WARNING: Unmatched cancel notification for request id 2170
2026.09.20 14:35:01 INFO  no build target found for C:\Users\dizah\Documents\GitHub\The-Paradigm-Facility\TheParadigmFacility\src\ui\TitlePanel.java. Using fallback presentation compiler.
2026.09.20 14:35:01 INFO  no build target found for C:\Users\dizah\Documents\GitHub\The-Paradigm-Facility\TheParadigmFacility\src\ui\TitlePanel.java. Using fallback presentation compiler.
2026.09.20 14:35:01 INFO  no build target found for C:\Users\dizah\Documents\GitHub\The-Paradigm-Facility\TheParadigmFacility\src\ui\TitlePanel.java. Using fallback presentation compiler.
2026.09.20 14:35:02 INFO  no build target found for C:\Users\dizah\Documents\GitHub\The-Paradigm-Facility\TheParadigmFacility\src\ui\TitlePanel.java. Using fallback presentation compiler.
2026.09.20 14:35:02 INFO  no build target found for C:\Users\dizah\Documents\GitHub\The-Paradigm-Facility\TheParadigmFacility\src\ui\TitlePanel.java. Using fallback presentation compiler.
2026.09.20 14:35:02 INFO  no build target found for C:\Users\dizah\Documents\GitHub\The-Paradigm-Facility\TheParadigmFacility\src\ui\TitlePanel.java. Using fallback presentation compiler.
2026.09.20 14:35:06 INFO  no build target found for C:\Users\dizah\Documents\GitHub\The-Paradigm-Facility\TheParadigmFacility\src\ui\TitlePanel.java. Using fallback presentation compiler.
Sep 20, 2026 2:35:06 PM org.eclipse.lsp4j.jsonrpc.RemoteEndpoint handleCancellation
WARNING: Unmatched cancel notification for request id 2215
2026.09.20 14:35:06 INFO  no build target found for C:\Users\dizah\Documents\GitHub\The-Paradigm-Facility\TheParadigmFacility\src\ui\TitlePanel.java. Using fallback presentation compiler.
2026.09.20 14:35:07 INFO  no build target found for C:\Users\dizah\Documents\GitHub\The-Paradigm-Facility\TheParadigmFacility\src\ui\TitlePanel.java. Using fallback presentation compiler.
2026.09.20 14:35:07 INFO  no build target found for C:\Users\dizah\Documents\GitHub\The-Paradigm-Facility\TheParadigmFacility\src\ui\TitlePanel.java. Using fallback presentation compiler.
2026.09.20 14:35:08 INFO  no build target found for C:\Users\dizah\Documents\GitHub\The-Paradigm-Facility\TheParadigmFacility\src\ui\TitlePanel.java. Using fallback presentation compiler.
2026.09.20 14:35:08 INFO  no build target found for C:\Users\dizah\Documents\GitHub\The-Paradigm-Facility\TheParadigmFacility\src\ui\TitlePanel.java. Using fallback presentation compiler.
2026.09.20 14:35:09 INFO  no build target found for C:\Users\dizah\Documents\GitHub\The-Paradigm-Facility\TheParadigmFacility\src\ui\TitlePanel.java. Using fallback presentation compiler.
2026.09.20 14:35:09 INFO  no build target found for C:\Users\dizah\Documents\GitHub\The-Paradigm-Facility\TheParadigmFacility\src\ui\TitlePanel.java. Using fallback presentation compiler.
2026.09.20 14:35:09 INFO  no build target found for C:\Users\dizah\Documents\GitHub\The-Paradigm-Facility\TheParadigmFacility\src\ui\TitlePanel.java. Using fallback presentation compiler.
2026.09.20 14:35:10 INFO  no build target found for C:\Users\dizah\Documents\GitHub\The-Paradigm-Facility\TheParadigmFacility\src\ui\TitlePanel.java. Using fallback presentation compiler.
2026.09.20 14:35:09 INFO  no build target found for C:\Users\dizah\Documents\GitHub\The-Paradigm-Facility\TheParadigmFacility\src\ui\TitlePanel.java. Using fallback presentation compiler.
2026.09.20 14:35:09 INFO  no build target found for C:\Users\dizah\Documents\GitHub\The-Paradigm-Facility\TheParadigmFacility\src\ui\TitlePanel.java. Using fallback presentation compiler.
2026.09.20 14:35:10 INFO  no build target found for C:\Users\dizah\Documents\GitHub\The-Paradigm-Facility\TheParadigmFacility\src\ui\TitlePanel.java. Using fallback presentation compiler.
2026.09.20 14:35:10 INFO  time: code lens generation in 1.65s
Sep 20, 2026 2:35:10 PM org.eclipse.lsp4j.jsonrpc.RemoteEndpoint fallbackResponseError
SEVERE: Internal error: java.lang.IllegalArgumentException: 120 is not a valid line number, allowed [0..108)
java.util.concurrent.CompletionException: java.lang.IllegalArgumentException: 120 is not a valid line number, allowed [0..108)
	at java.base/java.util.concurrent.CompletableFuture.wrapInCompletionException(CompletableFuture.java:323)
	at java.base/java.util.concurrent.CompletableFuture.encodeThrowable(CompletableFuture.java:376)
	at java.base/java.util.concurrent.CompletableFuture.completeThrowable(CompletableFuture.java:391)
	at java.base/java.util.concurrent.CompletableFuture$UniAccept.tryFire(CompletableFuture.java:729)
	at java.base/java.util.concurrent.CompletableFuture.postComplete(CompletableFuture.java:531)
	at java.base/java.util.concurrent.CompletableFuture.completeExceptionally(CompletableFuture.java:2221)
	at scala.meta.internal.metals.CancelTokens$.$anonfun$future$1(CancelTokens.scala:40)
	at scala.meta.internal.metals.CancelTokens$.$anonfun$future$1$adapted(CancelTokens.scala:38)
	at scala.concurrent.impl.Promise$Transformation.run(Promise.scala:517)
	at java.base/java.util.concurrent.ThreadPoolExecutor.runWorker(ThreadPoolExecutor.java:1090)
	at java.base/java.util.concurrent.ThreadPoolExecutor$Worker.run(ThreadPoolExecutor.java:614)
	at java.base/java.lang.Thread.run(Thread.java:1474)
Caused by: java.lang.IllegalArgumentException: 120 is not a valid line number, allowed [0..108)
	at scala.meta.internal.inputs.InternalInput.lineToOffsetAndLength(InternalInput.scala:39)
	at scala.meta.internal.inputs.InternalInput.lineToOffsetAndLength$(InternalInput.scala:34)
	at scala.meta.inputs.Input$VirtualFile.lineToOffsetAndLength(Input.scala:140)
	at scala.meta.internal.mtags.ScalametaCommonEnrichments$XtensionInputOffset.toOffset(ScalametaCommonEnrichments.scala:612)
	at scala.meta.internal.parsing.TokenEditDistance$Diff.toRevised(TokenEditDistance.scala:340)
	at scala.meta.internal.parsing.TokenEditDistance.toRevisedStrict(TokenEditDistance.scala:67)
	at scala.meta.internal.parsing.TokenEditDistance.toRevisedStrict$(TokenEditDistance.scala:62)
	at scala.meta.internal.parsing.TokenEditDistance$Diff.toRevisedStrict(TokenEditDistance.scala:229)
	at scala.meta.internal.metals.codelenses.SuperMethodCodeLens.$anonfun$codeLenses$8(SuperMethodCodeLens.scala:55)
	at scala.Option.flatMap(Option.scala:283)
	at scala.meta.internal.metals.codelenses.SuperMethodCodeLens.$anonfun$codeLenses$7(SuperMethodCodeLens.scala:55)
	at scala.collection.Iterator$$anon$10.nextCur(Iterator.scala:604)
	at scala.collection.Iterator$$anon$10.hasNext(Iterator.scala:618)
	at scala.collection.immutable.List.prependedAll(List.scala:152)
	at scala.collection.immutable.List$.from(List.scala:674)
	at scala.collection.immutable.List$.from(List.scala:671)
	at scala.collection.IterableFactory$Delegate.from(Factory.scala:288)
	at scala.collection.immutable.Iterable$.from(Iterable.scala:35)
	at scala.collection.immutable.Iterable$.from(Iterable.scala:32)
	at scala.collection.IterableFactory$Delegate.from(Factory.scala:288)
	at scala.collection.IterableOps.flatMap(Iterable.scala:685)
	at scala.collection.IterableOps.flatMap$(Iterable.scala:685)
	at scala.collection.AbstractIterable.flatMap(Iterable.scala:936)
	at scala.meta.internal.metals.codelenses.SuperMethodCodeLens.$anonfun$codeLenses$5(SuperMethodCodeLens.scala:47)
	at scala.collection.StrictOptimizedIterableOps.flatMap(StrictOptimizedIterableOps.scala:118)
	at scala.collection.StrictOptimizedIterableOps.flatMap$(StrictOptimizedIterableOps.scala:105)
	at scala.collection.immutable.Vector.flatMap(Vector.scala:116)
	at scala.meta.internal.metals.codelenses.SuperMethodCodeLens.$anonfun$codeLenses$1(SuperMethodCodeLens.scala:44)
	at scala.concurrent.Future$.$anonfun$apply$1(Future.scala:691)
	at scala.concurrent.impl.Promise$Transformation.run(Promise.scala:500)
	... 3 more

2026.09.20 14:35:09 INFO  no build target found for C:\Users\dizah\Documents\GitHub\The-Paradigm-Facility\TheParadigmFacility\src\ui\TitlePanel.java. Using fallback presentation compiler.
2026.09.20 14:35:10 INFO  no build target found for C:\Users\dizah\Documents\GitHub\The-Paradigm-Facility\TheParadigmFacility\src\ui\TitlePanel.java. Using fallback presentation compiler.
2026.09.20 14:35:10 INFO  no build target found for C:\Users\dizah\Documents\GitHub\The-Paradigm-Facility\TheParadigmFacility\src\ui\TitlePanel.java. Using fallback presentation compiler.
2026.09.20 14:35:10 INFO  no build target found for C:\Users\dizah\Documents\GitHub\The-Paradigm-Facility\TheParadigmFacility\src\ui\TitlePanel.java. Using fallback presentation compiler.
2026.09.20 14:35:10 INFO  no build target found for C:\Users\dizah\Documents\GitHub\The-Paradigm-Facility\TheParadigmFacility\src\ui\TitlePanel.java. Using fallback presentation compiler.
2026.09.20 14:35:11 INFO  no build target found for C:\Users\dizah\Documents\GitHub\The-Paradigm-Facility\TheParadigmFacility\src\ui\TitlePanel.java. Using fallback presentation compiler.
2026.09.20 14:35:10 INFO  no build target found for C:\Users\dizah\Documents\GitHub\The-Paradigm-Facility\TheParadigmFacility\src\ui\TitlePanel.java. Using fallback presentation compiler.
2026.09.20 14:35:11 INFO  no build target found for C:\Users\dizah\Documents\GitHub\The-Paradigm-Facility\TheParadigmFacility\src\ui\TitlePanel.java. Using fallback presentation compiler.
2026.09.20 14:35:10 INFO  no build target found for C:\Users\dizah\Documents\GitHub\The-Paradigm-Facility\TheParadigmFacility\src\ui\TitlePanel.java. Using fallback presentation compiler.
2026.09.20 14:35:12 INFO  no build target found for C:\Users\dizah\Documents\GitHub\The-Paradigm-Facility\TheParadigmFacility\src\ui\TitlePanel.java. Using fallback presentation compiler.
2026.09.20 14:35:12 INFO  no build target found for C:\Users\dizah\Documents\GitHub\The-Paradigm-Facility\TheParadigmFacility\src\ui\TitlePanel.java. Using fallback presentation compiler.
2026.09.20 14:35:12 INFO  no build target found for C:\Users\dizah\Documents\GitHub\The-Paradigm-Facility\TheParadigmFacility\src\ui\TitlePanel.java. Using fallback presentation compiler.
2026.09.20 14:35:13 INFO  no build target found for C:\Users\dizah\Documents\GitHub\The-Paradigm-Facility\TheParadigmFacility\src\ui\TitlePanel.java. Using fallback presentation compiler.
2026.09.20 14:35:14 INFO  no build target found for C:\Users\dizah\Documents\GitHub\The-Paradigm-Facility\TheParadigmFacility\src\ui\TitlePanel.java. Using fallback presentation compiler.
2026.09.20 14:35:14 INFO  no build target found for C:\Users\dizah\Documents\GitHub\The-Paradigm-Facility\TheParadigmFacility\src\ui\TitlePanel.java. Using fallback presentation compiler.
2026.09.20 14:35:15 INFO  no build target found for C:\Users\dizah\Documents\GitHub\The-Paradigm-Facility\TheParadigmFacility\src\ui\TitlePanel.java. Using fallback presentation compiler.
2026.09.20 14:35:15 WARN  no build target for: C:\Users\dizah\Documents\GitHub\The-Paradigm-Facility\TheParadigmFacility\src\ui\TitlePanel.java
2026.09.20 14:35:15 INFO  no build target found for C:\Users\dizah\Documents\GitHub\The-Paradigm-Facility\TheParadigmFacility\src\ui\TitlePanel.java. Using fallback presentation compiler.
2026.09.20 14:35:15 INFO  Created report: Optional[file:///C:/Users/dizah/Documents/GitHub/The-Paradigm-Facility/TheParadigmFacility/src/ui/TitlePanel.java]
2026.09.20 14:35:15 INFO  empty definition using pc, found symbol in pc: javax/swing/JPanel# (full report at: "C:\Users\dizah\Documents\GitHub\The-Paradigm-Facility\.metals\.reports\metals-full\2026-09-20\r_empty-definition_14-35-15-572.md")
2026.09.20 14:35:33 INFO  no build target found for C:\Users\dizah\Documents\GitHub\The-Paradigm-Facility\TheParadigmFacility\src\ui\TitlePanel.java. Using fallback presentation compiler.
2026.09.20 14:35:33 INFO  no build target found for C:\Users\dizah\Documents\GitHub\The-Paradigm-Facility\TheParadigmFacility\src\ui\TitlePanel.java. Using fallback presentation compiler.
2026.09.20 14:35:33 INFO  no build target found for C:\Users\dizah\Documents\GitHub\The-Paradigm-Facility\TheParadigmFacility\src\ui\TitlePanel.java. Using fallback presentation compiler.
2026.09.20 14:35:34 INFO  no build target found for C:\Users\dizah\Documents\GitHub\The-Paradigm-Facility\TheParadigmFacility\src\ui\TitlePanel.java. Using fallback presentation compiler.
2026.09.20 14:35:34 INFO  no build target found for C:\Users\dizah\Documents\GitHub\The-Paradigm-Facility\TheParadigmFacility\src\ui\TitlePanel.java. Using fallback presentation compiler.
2026.09.20 14:35:34 INFO  no build target found for C:\Users\dizah\Documents\GitHub\The-Paradigm-Facility\TheParadigmFacility\src\ui\TitlePanel.java. Using fallback presentation compiler.
2026.09.20 14:35:35 INFO  no build target found for C:\Users\dizah\Documents\GitHub\The-Paradigm-Facility\TheParadigmFacility\src\ui\TitlePanel.java. Using fallback presentation compiler.
2026.09.20 14:35:34 INFO  no build target found for C:\Users\dizah\Documents\GitHub\The-Paradigm-Facility\TheParadigmFacility\src\ui\TitlePanel.java. Using fallback presentation compiler.
2026.09.20 14:35:34 INFO  no build target found for C:\Users\dizah\Documents\GitHub\The-Paradigm-Facility\TheParadigmFacility\src\ui\TitlePanel.java. Using fallback presentation compiler.
2026.09.20 14:35:35 INFO  no build target found for C:\Users\dizah\Documents\GitHub\The-Paradigm-Facility\TheParadigmFacility\src\ui\TitlePanel.java. Using fallback presentation compiler.
2026.09.20 14:35:35 INFO  no build target found for C:\Users\dizah\Documents\GitHub\The-Paradigm-Facility\TheParadigmFacility\src\ui\TitlePanel.java. Using fallback presentation compiler.
2026.09.20 14:35:35 INFO  no build target found for C:\Users\dizah\Documents\GitHub\The-Paradigm-Facility\TheParadigmFacility\src\ui\TitlePanel.java. Using fallback presentation compiler.
2026.09.20 14:35:35 INFO  no build target found for C:\Users\dizah\Documents\GitHub\The-Paradigm-Facility\TheParadigmFacility\src\ui\TitlePanel.java. Using fallback presentation compiler.
2026.09.20 14:35:35 INFO  no build target found for C:\Users\dizah\Documents\GitHub\The-Paradigm-Facility\TheParadigmFacility\src\ui\TitlePanel.java. Using fallback presentation compiler.
2026.09.20 14:35:36 INFO  no build target found for C:\Users\dizah\Documents\GitHub\The-Paradigm-Facility\TheParadigmFacility\src\ui\TitlePanel.java. Using fallback presentation compiler.
2026.09.20 14:35:37 INFO  no build target found for C:\Users\dizah\Documents\GitHub\The-Paradigm-Facility\TheParadigmFacility\src\ui\TitlePanel.java. Using fallback presentation compiler.
2026.09.20 14:35:37 WARN  no build target for: C:\Users\dizah\Documents\GitHub\The-Paradigm-Facility\TheParadigmFacility\src\ui\TitlePanel.java
2026.09.20 14:35:37 INFO  no build target found for C:\Users\dizah\Documents\GitHub\The-Paradigm-Facility\TheParadigmFacility\src\ui\TitlePanel.java. Using fallback presentation compiler.
2026.09.20 14:35:52 INFO  no build target found for C:\Users\dizah\Documents\GitHub\The-Paradigm-Facility\TheParadigmFacility\src\ui\TitlePanel.java. Using fallback presentation compiler.
2026.09.20 14:36:11 INFO  no build target found for C:\Users\dizah\Documents\GitHub\The-Paradigm-Facility\TheParadigmFacility\src\ui\TitlePanel.java. Using fallback presentation compiler.
Sep 20, 2026 2:36:11 PM org.eclipse.lsp4j.jsonrpc.RemoteEndpoint handleCancellation
WARNING: Unmatched cancel notification for request id 2346
2026.09.20 14:36:11 INFO  no build target found for C:\Users\dizah\Documents\GitHub\The-Paradigm-Facility\TheParadigmFacility\src\ui\TitlePanel.java. Using fallback presentation compiler.
2026.09.20 14:37:10 INFO  no build target found for C:\Users\dizah\Documents\GitHub\The-Paradigm-Facility\TheParadigmFacility\src\ui\TitlePanel.java. Using fallback presentation compiler.
2026.09.20 14:37:10 INFO  no build target found for C:\Users\dizah\Documents\GitHub\The-Paradigm-Facility\TheParadigmFacility\src\ui\TitlePanel.java. Using fallback presentation compiler.
2026.09.20 14:37:12 INFO  no build target found for C:\Users\dizah\Documents\GitHub\The-Paradigm-Facility\TheParadigmFacility\src\ui\TitlePanel.java. Using fallback presentation compiler.
2026.09.20 14:37:14 INFO  no build target found for C:\Users\dizah\Documents\GitHub\The-Paradigm-Facility\TheParadigmFacility\src\ui\TitlePanel.java. Using fallback presentation compiler.
2026.09.20 14:37:15 INFO  no build target found for C:\Users\dizah\Documents\GitHub\The-Paradigm-Facility\TheParadigmFacility\src\ui\TitlePanel.java. Using fallback presentation compiler.
2026.09.20 14:37:15 INFO  no build target found for C:\Users\dizah\Documents\GitHub\The-Paradigm-Facility\TheParadigmFacility\src\ui\TitlePanel.java. Using fallback presentation compiler.
2026.09.20 14:37:17 INFO  no build target found for C:\Users\dizah\Documents\GitHub\The-Paradigm-Facility\TheParadigmFacility\src\ui\TitlePanel.java. Using fallback presentation compiler.
2026.09.20 14:37:18 INFO  no build target found for C:\Users\dizah\Documents\GitHub\The-Paradigm-Facility\TheParadigmFacility\src\ui\TitlePanel.java. Using fallback presentation compiler.
2026.09.20 14:37:18 INFO  no build target found for C:\Users\dizah\Documents\GitHub\The-Paradigm-Facility\TheParadigmFacility\src\ui\TitlePanel.java. Using fallback presentation compiler.
2026.09.20 14:37:18 INFO  no build target found for C:\Users\dizah\Documents\GitHub\The-Paradigm-Facility\TheParadigmFacility\src\ui\TitlePanel.java. Using fallback presentation compiler.
2026.09.20 14:37:19 INFO  no build target found for C:\Users\dizah\Documents\GitHub\The-Paradigm-Facility\TheParadigmFacility\src\ui\TitlePanel.java. Using fallback presentation compiler.
2026.09.20 14:37:19 INFO  no build target found for C:\Users\dizah\Documents\GitHub\The-Paradigm-Facility\TheParadigmFacility\src\ui\TitlePanel.java. Using fallback presentation compiler.
2026.09.20 14:37:21 INFO  no build target found for C:\Users\dizah\Documents\GitHub\The-Paradigm-Facility\TheParadigmFacility\src\ui\TitlePanel.java. Using fallback presentation compiler.
2026.09.20 14:37:21 INFO  no build target found for C:\Users\dizah\Documents\GitHub\The-Paradigm-Facility\TheParadigmFacility\src\ui\TitlePanel.java. Using fallback presentation compiler.
2026.09.20 14:37:21 INFO  no build target found for C:\Users\dizah\Documents\GitHub\The-Paradigm-Facility\TheParadigmFacility\src\ui\TitlePanel.java. Using fallback presentation compiler.
2026.09.20 14:37:21 INFO  no build target found for C:\Users\dizah\Documents\GitHub\The-Paradigm-Facility\TheParadigmFacility\src\ui\TitlePanel.java. Using fallback presentation compiler.
2026.09.20 14:37:21 INFO  no build target found for C:\Users\dizah\Documents\GitHub\The-Paradigm-Facility\TheParadigmFacility\src\ui\TitlePanel.java. Using fallback presentation compiler.
2026.09.20 14:37:21 INFO  no build target found for C:\Users\dizah\Documents\GitHub\The-Paradigm-Facility\TheParadigmFacility\src\ui\TitlePanel.java. Using fallback presentation compiler.
2026.09.20 14:37:21 INFO  no build target found for C:\Users\dizah\Documents\GitHub\The-Paradigm-Facility\TheParadigmFacility\src\ui\TitlePanel.java. Using fallback presentation compiler.
2026.09.20 14:37:27 WARN  no build target for: C:\Users\dizah\Documents\GitHub\The-Paradigm-Facility\TheParadigmFacility\src\ui\TitlePanel.java
2026.09.20 14:37:27 INFO  no build target found for C:\Users\dizah\Documents\GitHub\The-Paradigm-Facility\TheParadigmFacility\src\ui\TitlePanel.java. Using fallback presentation compiler.
2026.09.20 14:37:27 INFO  no build target found for C:\Users\dizah\Documents\GitHub\The-Paradigm-Facility\TheParadigmFacility\src\ui\TitlePanel.java. Using fallback presentation compiler.
2026.09.20 14:37:27 INFO  no build target found for C:\Users\dizah\Documents\GitHub\The-Paradigm-Facility\TheParadigmFacility\src\ui\TitlePanel.java. Using fallback presentation compiler.
2026.09.20 14:37:27 INFO  Created report: Optional[file:///C:/Users/dizah/Documents/GitHub/The-Paradigm-Facility/TheParadigmFacility/src/ui/TitlePanel.java]
2026.09.20 14:37:27 INFO  empty definition using pc, found symbol in pc: java/awt/Component#CENTER_ALIGNMENT. (full report at: "C:\Users\dizah\Documents\GitHub\The-Paradigm-Facility\.metals\.reports\metals-full\2026-09-20\r_empty-definition_14-37-27-588.md")
2026.09.20 14:37:45 INFO  no build target found for C:\Users\dizah\Documents\GitHub\The-Paradigm-Facility\TheParadigmFacility\src\ui\TitlePanel.java. Using fallback presentation compiler.
2026.09.20 14:37:45 INFO  no build target found for C:\Users\dizah\Documents\GitHub\The-Paradigm-Facility\TheParadigmFacility\src\ui\TitlePanel.java. Using fallback presentation compiler.
2026.09.20 14:37:45 INFO  no build target found for C:\Users\dizah\Documents\GitHub\The-Paradigm-Facility\TheParadigmFacility\src\ui\TitlePanel.java. Using fallback presentation compiler.
2026.09.20 14:37:46 INFO  no build target found for C:\Users\dizah\Documents\GitHub\The-Paradigm-Facility\TheParadigmFacility\src\ui\TitlePanel.java. Using fallback presentation compiler.
2026.09.20 14:37:46 INFO  no build target found for C:\Users\dizah\Documents\GitHub\The-Paradigm-Facility\TheParadigmFacility\src\ui\TitlePanel.java. Using fallback presentation compiler.
2026.09.20 14:37:46 INFO  no build target found for C:\Users\dizah\Documents\GitHub\The-Paradigm-Facility\TheParadigmFacility\src\ui\TitlePanel.java. Using fallback presentation compiler.
2026.09.20 14:37:46 INFO  no build target found for C:\Users\dizah\Documents\GitHub\The-Paradigm-Facility\TheParadigmFacility\src\ui\TitlePanel.java. Using fallback presentation compiler.
2026.09.20 14:37:52 INFO  no build target found for C:\Users\dizah\Documents\GitHub\The-Paradigm-Facility\TheParadigmFacility\src\ui\TitlePanel.java. Using fallback presentation compiler.
2026.09.20 14:37:59 INFO  no build target found for C:\Users\dizah\Documents\GitHub\The-Paradigm-Facility\TheParadigmFacility\src\ui\TitlePanel.java. Using fallback presentation compiler.
2026.09.20 14:37:59 INFO  no build target found for C:\Users\dizah\Documents\GitHub\The-Paradigm-Facility\TheParadigmFacility\src\ui\TitlePanel.java. Using fallback presentation compiler.
2026.09.20 14:38:00 INFO  no build target found for C:\Users\dizah\Documents\GitHub\The-Paradigm-Facility\TheParadigmFacility\src\ui\TitlePanel.java. Using fallback presentation compiler.
2026.09.20 14:38:00 INFO  no build target found for C:\Users\dizah\Documents\GitHub\The-Paradigm-Facility\TheParadigmFacility\src\ui\TitlePanel.java. Using fallback presentation compiler.
2026.09.20 14:38:02 INFO  no build target found for C:\Users\dizah\Documents\GitHub\The-Paradigm-Facility\TheParadigmFacility\src\ui\TitlePanel.java. Using fallback presentation compiler.
2026.09.20 14:38:02 INFO  no build target found for C:\Users\dizah\Documents\GitHub\The-Paradigm-Facility\TheParadigmFacility\src\ui\TitlePanel.java. Using fallback presentation compiler.
2026.09.20 14:38:04 INFO  no build target found for C:\Users\dizah\Documents\GitHub\The-Paradigm-Facility\TheParadigmFacility\src\ui\TitlePanel.java. Using fallback presentation compiler.
2026.09.20 14:38:04 INFO  time: code lens generation in 1.44s
2026.09.20 14:38:04 INFO  no build target found for C:\Users\dizah\Documents\GitHub\The-Paradigm-Facility\TheParadigmFacility\src\ui\TitlePanel.java. Using fallback presentation compiler.
2026.09.20 14:38:06 INFO  no build target found for C:\Users\dizah\Documents\GitHub\The-Paradigm-Facility\TheParadigmFacility\src\ui\TitlePanel.java. Using fallback presentation compiler.
2026.09.20 14:38:06 INFO  no build target found for C:\Users\dizah\Documents\GitHub\The-Paradigm-Facility\TheParadigmFacility\src\ui\TitlePanel.java. Using fallback presentation compiler.
2026.09.20 14:38:06 INFO  no build target found for C:\Users\dizah\Documents\GitHub\The-Paradigm-Facility\TheParadigmFacility\src\ui\TitlePanel.java. Using fallback presentation compiler.
2026.09.20 14:38:08 INFO  no build target found for C:\Users\dizah\Documents\GitHub\The-Paradigm-Facility\TheParadigmFacility\src\ui\TitlePanel.java. Using fallback presentation compiler.
2026.09.20 14:38:10 INFO  no build target found for C:\Users\dizah\Documents\GitHub\The-Paradigm-Facility\TheParadigmFacility\src\ui\TitlePanel.java. Using fallback presentation compiler.
2026.09.20 14:38:12 INFO  no build target found for C:\Users\dizah\Documents\GitHub\The-Paradigm-Facility\TheParadigmFacility\src\ui\TitlePanel.java. Using fallback presentation compiler.
2026.09.20 14:38:12 INFO  no build target found for C:\Users\dizah\Documents\GitHub\The-Paradigm-Facility\TheParadigmFacility\src\ui\TitlePanel.java. Using fallback presentation compiler.
2026.09.20 14:38:16 INFO  no build target found for C:\Users\dizah\Documents\GitHub\The-Paradigm-Facility\TheParadigmFacility\src\ui\TitlePanel.java. Using fallback presentation compiler.
2026.09.20 14:38:16 INFO  no build target found for C:\Users\dizah\Documents\GitHub\The-Paradigm-Facility\TheParadigmFacility\src\ui\TitlePanel.java. Using fallback presentation compiler.
2026.09.20 14:38:16 INFO  no build target found for C:\Users\dizah\Documents\GitHub\The-Paradigm-Facility\TheParadigmFacility\src\ui\TitlePanel.java. Using fallback presentation compiler.
2026.09.20 14:38:16 INFO  no build target found for C:\Users\dizah\Documents\GitHub\The-Paradigm-Facility\TheParadigmFacility\src\ui\TitlePanel.java. Using fallback presentation compiler.
Sep 20, 2026 2:38:18 PM org.eclipse.lsp4j.jsonrpc.RemoteEndpoint handleCancellation
WARNING: Unmatched cancel notification for request id 2531
2026.09.20 14:38:21 INFO  no build target found for C:\Users\dizah\Documents\GitHub\The-Paradigm-Facility\TheParadigmFacility\src\ui\TitlePanel.java. Using fallback presentation compiler.
2026.09.20 14:38:23 INFO  no build target found for C:\Users\dizah\Documents\GitHub\The-Paradigm-Facility\TheParadigmFacility\src\ui\TitlePanel.java. Using fallback presentation compiler.
2026.09.20 14:38:23 INFO  no build target found for C:\Users\dizah\Documents\GitHub\The-Paradigm-Facility\TheParadigmFacility\src\ui\TitlePanel.java. Using fallback presentation compiler.
2026.09.20 14:38:24 INFO  no build target found for C:\Users\dizah\Documents\GitHub\The-Paradigm-Facility\TheParadigmFacility\src\ui\TitlePanel.java. Using fallback presentation compiler.
2026.09.20 14:38:24 INFO  no build target found for C:\Users\dizah\Documents\GitHub\The-Paradigm-Facility\TheParadigmFacility\src\ui\TitlePanel.java. Using fallback presentation compiler.
2026.09.20 14:38:24 INFO  no build target found for C:\Users\dizah\Documents\GitHub\The-Paradigm-Facility\TheParadigmFacility\src\ui\TitlePanel.java. Using fallback presentation compiler.
2026.09.20 14:38:24 INFO  no build target found for C:\Users\dizah\Documents\GitHub\The-Paradigm-Facility\TheParadigmFacility\src\ui\TitlePanel.java. Using fallback presentation compiler.
2026.09.20 14:38:26 INFO  no build target found for C:\Users\dizah\Documents\GitHub\The-Paradigm-Facility\TheParadigmFacility\src\ui\TitlePanel.java. Using fallback presentation compiler.
2026.09.20 14:38:26 INFO  no build target found for C:\Users\dizah\Documents\GitHub\The-Paradigm-Facility\TheParadigmFacility\src\ui\TitlePanel.java. Using fallback presentation compiler.
2026.09.20 14:38:26 INFO  no build target found for C:\Users\dizah\Documents\GitHub\The-Paradigm-Facility\TheParadigmFacility\src\ui\TitlePanel.java. Using fallback presentation compiler.
2026.09.20 14:38:27 INFO  no build target found for C:\Users\dizah\Documents\GitHub\The-Paradigm-Facility\TheParadigmFacility\src\ui\TitlePanel.java. Using fallback presentation compiler.
2026.09.20 14:38:27 INFO  no build target found for C:\Users\dizah\Documents\GitHub\The-Paradigm-Facility\TheParadigmFacility\src\ui\TitlePanel.java. Using fallback presentation compiler.
2026.09.20 14:38:28 INFO  no build target found for C:\Users\dizah\Documents\GitHub\The-Paradigm-Facility\TheParadigmFacility\src\ui\TitlePanel.java. Using fallback presentation compiler.
2026.09.20 14:38:29 INFO  no build target found for C:\Users\dizah\Documents\GitHub\The-Paradigm-Facility\TheParadigmFacility\src\ui\TitlePanel.java. Using fallback presentation compiler.
2026.09.20 14:38:29 INFO  no build target found for C:\Users\dizah\Documents\GitHub\The-Paradigm-Facility\TheParadigmFacility\src\ui\TitlePanel.java. Using fallback presentation compiler.
2026.09.20 14:38:29 INFO  no build target found for C:\Users\dizah\Documents\GitHub\The-Paradigm-Facility\TheParadigmFacility\src\ui\TitlePanel.java. Using fallback presentation compiler.
2026.09.20 14:38:29 INFO  no build target found for C:\Users\dizah\Documents\GitHub\The-Paradigm-Facility\TheParadigmFacility\src\ui\TitlePanel.java. Using fallback presentation compiler.
2026.09.20 14:38:31 INFO  no build target found for C:\Users\dizah\Documents\GitHub\The-Paradigm-Facility\TheParadigmFacility\src\ui\TitlePanel.java. Using fallback presentation compiler.
2026.09.20 14:38:31 INFO  no build target found for C:\Users\dizah\Documents\GitHub\The-Paradigm-Facility\TheParadigmFacility\src\ui\TitlePanel.java. Using fallback presentation compiler.
2026.09.20 14:38:31 INFO  no build target found for C:\Users\dizah\Documents\GitHub\The-Paradigm-Facility\TheParadigmFacility\src\ui\TitlePanel.java. Using fallback presentation compiler.
2026.09.20 14:38:31 INFO  no build target found for C:\Users\dizah\Documents\GitHub\The-Paradigm-Facility\TheParadigmFacility\src\ui\TitlePanel.java. Using fallback presentation compiler.
2026.09.20 14:38:32 INFO  no build target found for C:\Users\dizah\Documents\GitHub\The-Paradigm-Facility\TheParadigmFacility\src\ui\TitlePanel.java. Using fallback presentation compiler.
2026.09.20 14:38:32 INFO  no build target found for C:\Users\dizah\Documents\GitHub\The-Paradigm-Facility\TheParadigmFacility\src\ui\TitlePanel.java. Using fallback presentation compiler.
2026.09.20 14:38:32 INFO  no build target found for C:\Users\dizah\Documents\GitHub\The-Paradigm-Facility\TheParadigmFacility\src\ui\TitlePanel.java. Using fallback presentation compiler.
2026.09.20 14:38:33 INFO  no build target found for C:\Users\dizah\Documents\GitHub\The-Paradigm-Facility\TheParadigmFacility\src\ui\TitlePanel.java. Using fallback presentation compiler.
2026.09.20 14:38:32 INFO  no build target found for C:\Users\dizah\Documents\GitHub\The-Paradigm-Facility\TheParadigmFacility\src\ui\TitlePanel.java. Using fallback presentation compiler.
2026.09.20 14:38:33 INFO  no build target found for C:\Users\dizah\Documents\GitHub\The-Paradigm-Facility\TheParadigmFacility\src\ui\TitlePanel.java. Using fallback presentation compiler.
2026.09.20 14:38:33 INFO  no build target found for C:\Users\dizah\Documents\GitHub\The-Paradigm-Facility\TheParadigmFacility\src\ui\TitlePanel.java. Using fallback presentation compiler.
2026.09.20 14:38:34 WARN  no build target for: C:\Users\dizah\Documents\GitHub\The-Paradigm-Facility\TheParadigmFacility\src\ui\TitlePanel.java
2026.09.20 14:38:34 INFO  no build target found for C:\Users\dizah\Documents\GitHub\The-Paradigm-Facility\TheParadigmFacility\src\ui\TitlePanel.java. Using fallback presentation compiler.
2026.09.20 14:38:34 INFO  no build target found for C:\Users\dizah\Documents\GitHub\The-Paradigm-Facility\TheParadigmFacility\src\ui\TitlePanel.java. Using fallback presentation compiler.
2026.09.20 14:38:34 INFO  no build target found for C:\Users\dizah\Documents\GitHub\The-Paradigm-Facility\TheParadigmFacility\src\ui\TitlePanel.java. Using fallback presentation compiler.
2026.09.20 14:38:34 INFO  Created report: Optional[file:///C:/Users/dizah/Documents/GitHub/The-Paradigm-Facility/TheParadigmFacility/src/ui/TitlePanel.java]
2026.09.20 14:38:34 INFO  empty definition using pc, found symbol in pc: java/awt/GridBagConstraints# (full report at: "C:\Users\dizah\Documents\GitHub\The-Paradigm-Facility\.metals\.reports\metals-full\2026-09-20\r_empty-definition_14-38-34-936.md")
2026.09.20 14:38:35 INFO  no build target found for C:\Users\dizah\Documents\GitHub\The-Paradigm-Facility\TheParadigmFacility\src\ui\TitlePanel.java. Using fallback presentation compiler.
2026.09.20 14:38:35 INFO  no build target found for C:\Users\dizah\Documents\GitHub\The-Paradigm-Facility\TheParadigmFacility\src\ui\TitlePanel.java. Using fallback presentation compiler.
2026.09.20 14:38:38 INFO  no build target found for C:\Users\dizah\Documents\GitHub\The-Paradigm-Facility\TheParadigmFacility\src\ui\TitlePanel.java. Using fallback presentation compiler.
2026.09.20 14:39:17 INFO  no build target found for C:\Users\dizah\Documents\GitHub\The-Paradigm-Facility\TheParadigmFacility\src\ui\TitlePanel.java. Using fallback presentation compiler.
2026.09.20 14:39:20 INFO  no build target found for C:\Users\dizah\Documents\GitHub\The-Paradigm-Facility\TheParadigmFacility\src\ui\TitlePanel.java. Using fallback presentation compiler.
2026.09.20 14:39:20 INFO  no build target found for C:\Users\dizah\Documents\GitHub\The-Paradigm-Facility\TheParadigmFacility\src\ui\TitlePanel.java. Using fallback presentation compiler.
2026.09.20 14:39:21 INFO  no build target found for C:\Users\dizah\Documents\GitHub\The-Paradigm-Facility\TheParadigmFacility\src\ui\TitlePanel.java. Using fallback presentation compiler.
2026.09.20 14:39:25 INFO  no build target found for C:\Users\dizah\Documents\GitHub\The-Paradigm-Facility\TheParadigmFacility\src\ui\TitlePanel.java. Using fallback presentation compiler.
2026.09.20 14:39:25 INFO  no build target found for C:\Users\dizah\Documents\GitHub\The-Paradigm-Facility\TheParadigmFacility\src\ui\TitlePanel.java. Using fallback presentation compiler.
2026.09.20 14:39:25 INFO  no build target found for C:\Users\dizah\Documents\GitHub\The-Paradigm-Facility\TheParadigmFacility\src\ui\TitlePanel.java. Using fallback presentation compiler.
2026.09.20 14:39:28 INFO  no build target found for C:\Users\dizah\Documents\GitHub\The-Paradigm-Facility\TheParadigmFacility\src\ui\TitlePanel.java. Using fallback presentation compiler.
2026.09.20 14:39:28 INFO  no build target found for C:\Users\dizah\Documents\GitHub\The-Paradigm-Facility\TheParadigmFacility\src\ui\TitlePanel.java. Using fallback presentation compiler.
2026.09.20 14:39:28 INFO  no build target found for C:\Users\dizah\Documents\GitHub\The-Paradigm-Facility\TheParadigmFacility\src\ui\TitlePanel.java. Using fallback presentation compiler.
2026.09.20 14:39:28 INFO  no build target found for C:\Users\dizah\Documents\GitHub\The-Paradigm-Facility\TheParadigmFacility\src\ui\TitlePanel.java. Using fallback presentation compiler.
2026.09.20 14:39:30 INFO  no build target found for C:\Users\dizah\Documents\GitHub\The-Paradigm-Facility\TheParadigmFacility\src\ui\TitlePanel.java. Using fallback presentation compiler.
Sep 20, 2026 2:39:30 PM org.eclipse.lsp4j.jsonrpc.RemoteEndpoint handleCancellation
WARNING: Unmatched cancel notification for request id 2621
2026.09.20 14:39:30 INFO  no build target found for C:\Users\dizah\Documents\GitHub\The-Paradigm-Facility\TheParadigmFacility\src\ui\TitlePanel.java. Using fallback presentation compiler.
2026.09.20 14:39:30 INFO  no build target found for C:\Users\dizah\Documents\GitHub\The-Paradigm-Facility\TheParadigmFacility\src\ui\TitlePanel.java. Using fallback presentation compiler.
2026.09.20 14:39:30 INFO  no build target found for C:\Users\dizah\Documents\GitHub\The-Paradigm-Facility\TheParadigmFacility\src\ui\TitlePanel.java. Using fallback presentation compiler.
2026.09.20 14:39:30 INFO  no build target found for C:\Users\dizah\Documents\GitHub\The-Paradigm-Facility\TheParadigmFacility\src\ui\TitlePanel.java. Using fallback presentation compiler.
2026.09.20 14:39:30 INFO  no build target found for C:\Users\dizah\Documents\GitHub\The-Paradigm-Facility\TheParadigmFacility\src\ui\TitlePanel.java. Using fallback presentation compiler.
2026.09.20 14:39:30 INFO  no build target found for C:\Users\dizah\Documents\GitHub\The-Paradigm-Facility\TheParadigmFacility\src\ui\TitlePanel.java. Using fallback presentation compiler.
2026.09.20 14:39:30 INFO  no build target found for C:\Users\dizah\Documents\GitHub\The-Paradigm-Facility\TheParadigmFacility\src\ui\TitlePanel.java. Using fallback presentation compiler.
2026.09.20 14:39:31 INFO  time: code lens generation in 1.01s
2026.09.20 14:39:31 INFO  no build target found for C:\Users\dizah\Documents\GitHub\The-Paradigm-Facility\TheParadigmFacility\src\ui\TitlePanel.java. Using fallback presentation compiler.
2026.09.20 14:39:31 INFO  empty definition using pc, found symbol in pc: java/awt/Component#CENTER_ALIGNMENT. (full report at: "C:\Users\dizah\Documents\GitHub\The-Paradigm-Facility\.metals\.reports\metals-full\2026-09-20\r_empty-definition_14-37-27-588.md")
2026.09.20 14:39:33 WARN  no build target for: C:\Users\dizah\Documents\GitHub\The-Paradigm-Facility\TheParadigmFacility\src\ui\TitlePanel.java
2026.09.20 14:39:33 INFO  no build target found for C:\Users\dizah\Documents\GitHub\The-Paradigm-Facility\TheParadigmFacility\src\ui\TitlePanel.java. Using fallback presentation compiler.
2026.09.20 14:39:37 INFO  no build target found for C:\Users\dizah\Documents\GitHub\The-Paradigm-Facility\TheParadigmFacility\src\ui\TitlePanel.java. Using fallback presentation compiler.
2026.09.20 14:39:37 INFO  no build target found for C:\Users\dizah\Documents\GitHub\The-Paradigm-Facility\TheParadigmFacility\src\ui\TitlePanel.java. Using fallback presentation compiler.
Sep 20, 2026 2:39:38 PM org.eclipse.lsp4j.jsonrpc.RemoteEndpoint handleCancellation
WARNING: Unmatched cancel notification for request id 2641
2026.09.20 14:39:37 INFO  no build target found for C:\Users\dizah\Documents\GitHub\The-Paradigm-Facility\TheParadigmFacility\src\ui\TitlePanel.java. Using fallback presentation compiler.
2026.09.20 14:39:37 INFO  no build target found for C:\Users\dizah\Documents\GitHub\The-Paradigm-Facility\TheParadigmFacility\src\ui\TitlePanel.java. Using fallback presentation compiler.
2026.09.20 14:39:38 INFO  no build target found for C:\Users\dizah\Documents\GitHub\The-Paradigm-Facility\TheParadigmFacility\src\ui\TitlePanel.java. Using fallback presentation compiler.
2026.09.20 14:39:38 INFO  no build target found for C:\Users\dizah\Documents\GitHub\The-Paradigm-Facility\TheParadigmFacility\src\ui\TitlePanel.java. Using fallback presentation compiler.
2026.09.20 14:39:39 INFO  no build target found for C:\Users\dizah\Documents\GitHub\The-Paradigm-Facility\TheParadigmFacility\src\ui\TitlePanel.java. Using fallback presentation compiler.
2026.09.20 14:39:38 INFO  no build target found for C:\Users\dizah\Documents\GitHub\The-Paradigm-Facility\TheParadigmFacility\src\ui\TitlePanel.java. Using fallback presentation compiler.
2026.09.20 14:39:38 INFO  no build target found for C:\Users\dizah\Documents\GitHub\The-Paradigm-Facility\TheParadigmFacility\src\ui\TitlePanel.java. Using fallback presentation compiler.
2026.09.20 14:39:38 INFO  no build target found for C:\Users\dizah\Documents\GitHub\The-Paradigm-Facility\TheParadigmFacility\src\ui\TitlePanel.java. Using fallback presentation compiler.
2026.09.20 14:39:39 INFO  no build target found for C:\Users\dizah\Documents\GitHub\The-Paradigm-Facility\TheParadigmFacility\src\ui\TitlePanel.java. Using fallback presentation compiler.
Sep 20, 2026 2:39:39 PM org.eclipse.lsp4j.jsonrpc.RemoteEndpoint handleCancellation
WARNING: Unmatched cancel notification for request id 2650
2026.09.20 14:39:38 INFO  no build target found for C:\Users\dizah\Documents\GitHub\The-Paradigm-Facility\TheParadigmFacility\src\ui\TitlePanel.java. Using fallback presentation compiler.
2026.09.20 14:39:39 INFO  no build target found for C:\Users\dizah\Documents\GitHub\The-Paradigm-Facility\TheParadigmFacility\src\ui\TitlePanel.java. Using fallback presentation compiler.
2026.09.20 14:39:40 INFO  no build target found for C:\Users\dizah\Documents\GitHub\The-Paradigm-Facility\TheParadigmFacility\src\ui\TitlePanel.java. Using fallback presentation compiler.
2026.09.20 14:39:40 WARN  no build target for: C:\Users\dizah\Documents\GitHub\The-Paradigm-Facility\TheParadigmFacility\src\ui\TitlePanel.java
2026.09.20 14:39:40 INFO  no build target found for C:\Users\dizah\Documents\GitHub\The-Paradigm-Facility\TheParadigmFacility\src\ui\TitlePanel.java. Using fallback presentation compiler.
2026.09.20 14:39:40 INFO  time: code lens generation in 1.1s
2026.09.20 14:39:44 INFO  no build target found for C:\Users\dizah\Documents\GitHub\The-Paradigm-Facility\TheParadigmFacility\src\ui\TitlePanel.java. Using fallback presentation compiler.
2026.09.20 14:39:59 INFO  no build target found for C:\Users\dizah\Documents\GitHub\The-Paradigm-Facility\TheParadigmFacility\src\ui\TitlePanel.java. Using fallback presentation compiler.
2026.09.20 14:40:06 INFO  no build target found for C:\Users\dizah\Documents\GitHub\The-Paradigm-Facility\TheParadigmFacility\src\ui\TitlePanel.java. Using fallback presentation compiler.
2026.09.20 14:40:06 INFO  no build target found for C:\Users\dizah\Documents\GitHub\The-Paradigm-Facility\TheParadigmFacility\src\ui\TitlePanel.java. Using fallback presentation compiler.
2026.09.20 14:40:06 INFO  no build target found for C:\Users\dizah\Documents\GitHub\The-Paradigm-Facility\TheParadigmFacility\src\ui\TitlePanel.java. Using fallback presentation compiler.
2026.09.20 14:40:06 INFO  no build target found for C:\Users\dizah\Documents\GitHub\The-Paradigm-Facility\TheParadigmFacility\src\ui\TitlePanel.java. Using fallback presentation compiler.
2026.09.20 14:40:06 INFO  no build target found for C:\Users\dizah\Documents\GitHub\The-Paradigm-Facility\TheParadigmFacility\src\ui\TitlePanel.java. Using fallback presentation compiler.
2026.09.20 14:40:06 INFO  no build target found for C:\Users\dizah\Documents\GitHub\The-Paradigm-Facility\TheParadigmFacility\src\ui\TitlePanel.java. Using fallback presentation compiler.
2026.09.20 14:40:07 INFO  no build target found for C:\Users\dizah\Documents\GitHub\The-Paradigm-Facility\TheParadigmFacility\src\ui\TitlePanel.java. Using fallback presentation compiler.
2026.09.20 14:40:06 INFO  no build target found for C:\Users\dizah\Documents\GitHub\The-Paradigm-Facility\TheParadigmFacility\src\ui\TitlePanel.java. Using fallback presentation compiler.
2026.09.20 14:40:06 INFO  no build target found for C:\Users\dizah\Documents\GitHub\The-Paradigm-Facility\TheParadigmFacility\src\ui\TitlePanel.java. Using fallback presentation compiler.
2026.09.20 14:40:07 INFO  no build target found for C:\Users\dizah\Documents\GitHub\The-Paradigm-Facility\TheParadigmFacility\src\ui\TitlePanel.java. Using fallback presentation compiler.
2026.09.20 14:40:11 INFO  no build target found for C:\Users\dizah\Documents\GitHub\The-Paradigm-Facility\TheParadigmFacility\src\ui\TitlePanel.java. Using fallback presentation compiler.
2026.09.20 14:40:11 INFO  no build target found for C:\Users\dizah\Documents\GitHub\The-Paradigm-Facility\TheParadigmFacility\src\ui\TitlePanel.java. Using fallback presentation compiler.
2026.09.20 14:40:11 INFO  no build target found for C:\Users\dizah\Documents\GitHub\The-Paradigm-Facility\TheParadigmFacility\src\ui\TitlePanel.java. Using fallback presentation compiler.
2026.09.20 14:40:12 INFO  no build target found for C:\Users\dizah\Documents\GitHub\The-Paradigm-Facility\TheParadigmFacility\src\ui\TitlePanel.java. Using fallback presentation compiler.
2026.09.20 14:40:12 INFO  no build target found for C:\Users\dizah\Documents\GitHub\The-Paradigm-Facility\TheParadigmFacility\src\ui\TitlePanel.java. Using fallback presentation compiler.
2026.09.20 14:40:12 INFO  no build target found for C:\Users\dizah\Documents\GitHub\The-Paradigm-Facility\TheParadigmFacility\src\ui\TitlePanel.java. Using fallback presentation compiler.
2026.09.20 14:40:12 INFO  no build target found for C:\Users\dizah\Documents\GitHub\The-Paradigm-Facility\TheParadigmFacility\src\ui\TitlePanel.java. Using fallback presentation compiler.
2026.09.20 14:40:12 INFO  no build target found for C:\Users\dizah\Documents\GitHub\The-Paradigm-Facility\TheParadigmFacility\src\ui\TitlePanel.java. Using fallback presentation compiler.
2026.09.20 14:40:12 INFO  no build target found for C:\Users\dizah\Documents\GitHub\The-Paradigm-Facility\TheParadigmFacility\src\ui\TitlePanel.java. Using fallback presentation compiler.
2026.09.20 14:40:13 WARN  no build target for: C:\Users\dizah\Documents\GitHub\The-Paradigm-Facility\TheParadigmFacility\src\ui\TitlePanel.java
2026.09.20 14:40:13 INFO  no build target found for C:\Users\dizah\Documents\GitHub\The-Paradigm-Facility\TheParadigmFacility\src\ui\TitlePanel.java. Using fallback presentation compiler.
2026.09.20 14:40:37 INFO  no build target found for C:\Users\dizah\Documents\GitHub\The-Paradigm-Facility\TheParadigmFacility\src\ui\TitlePanel.java. Using fallback presentation compiler.
2026.09.20 14:40:37 INFO  no build target found for C:\Users\dizah\Documents\GitHub\The-Paradigm-Facility\TheParadigmFacility\src\ui\TitlePanel.java. Using fallback presentation compiler.
2026.09.20 14:40:39 INFO  no build target found for C:\Users\dizah\Documents\GitHub\The-Paradigm-Facility\TheParadigmFacility\src\ui\TitlePanel.java. Using fallback presentation compiler.
2026.09.20 14:40:39 INFO  no build target found for C:\Users\dizah\Documents\GitHub\The-Paradigm-Facility\TheParadigmFacility\src\ui\TitlePanel.java. Using fallback presentation compiler.
2026.09.20 14:40:40 INFO  no build target found for C:\Users\dizah\Documents\GitHub\The-Paradigm-Facility\TheParadigmFacility\src\ui\TitlePanel.java. Using fallback presentation compiler.
2026.09.20 14:40:41 INFO  no build target found for C:\Users\dizah\Documents\GitHub\The-Paradigm-Facility\TheParadigmFacility\src\ui\TitlePanel.java. Using fallback presentation compiler.
2026.09.20 14:40:41 INFO  no build target found for C:\Users\dizah\Documents\GitHub\The-Paradigm-Facility\TheParadigmFacility\src\ui\TitlePanel.java. Using fallback presentation compiler.
2026.09.20 14:40:41 INFO  no build target found for C:\Users\dizah\Documents\GitHub\The-Paradigm-Facility\TheParadigmFacility\src\ui\TitlePanel.java. Using fallback presentation compiler.
2026.09.20 14:40:41 INFO  no build target found for C:\Users\dizah\Documents\GitHub\The-Paradigm-Facility\TheParadigmFacility\src\ui\TitlePanel.java. Using fallback presentation compiler.
2026.09.20 14:40:41 INFO  no build target found for C:\Users\dizah\Documents\GitHub\The-Paradigm-Facility\TheParadigmFacility\src\ui\TitlePanel.java. Using fallback presentation compiler.
2026.09.20 14:40:41 INFO  no build target found for C:\Users\dizah\Documents\GitHub\The-Paradigm-Facility\TheParadigmFacility\src\ui\TitlePanel.java. Using fallback presentation compiler.
Sep 20, 2026 2:40:41 PM org.eclipse.lsp4j.jsonrpc.RemoteEndpoint handleCancellation
WARNING: Unmatched cancel notification for request id 2724
2026.09.20 14:40:42 INFO  no build target found for C:\Users\dizah\Documents\GitHub\The-Paradigm-Facility\TheParadigmFacility\src\ui\TitlePanel.java. Using fallback presentation compiler.
2026.09.20 14:40:42 INFO  no build target found for C:\Users\dizah\Documents\GitHub\The-Paradigm-Facility\TheParadigmFacility\src\ui\TitlePanel.java. Using fallback presentation compiler.
2026.09.20 14:40:42 INFO  no build target found for C:\Users\dizah\Documents\GitHub\The-Paradigm-Facility\TheParadigmFacility\src\ui\TitlePanel.java. Using fallback presentation compiler.
2026.09.20 14:40:42 INFO  no build target found for C:\Users\dizah\Documents\GitHub\The-Paradigm-Facility\TheParadigmFacility\src\ui\TitlePanel.java. Using fallback presentation compiler.
2026.09.20 14:40:42 INFO  no build target found for C:\Users\dizah\Documents\GitHub\The-Paradigm-Facility\TheParadigmFacility\src\ui\TitlePanel.java. Using fallback presentation compiler.
2026.09.20 14:40:42 INFO  no build target found for C:\Users\dizah\Documents\GitHub\The-Paradigm-Facility\TheParadigmFacility\src\ui\TitlePanel.java. Using fallback presentation compiler.
2026.09.20 14:40:42 INFO  no build target found for C:\Users\dizah\Documents\GitHub\The-Paradigm-Facility\TheParadigmFacility\src\ui\TitlePanel.java. Using fallback presentation compiler.
2026.09.20 14:40:42 INFO  no build target found for C:\Users\dizah\Documents\GitHub\The-Paradigm-Facility\TheParadigmFacility\src\ui\TitlePanel.java. Using fallback presentation compiler.
2026.09.20 14:40:43 INFO  no build target found for C:\Users\dizah\Documents\GitHub\The-Paradigm-Facility\TheParadigmFacility\src\ui\TitlePanel.java. Using fallback presentation compiler.
2026.09.20 14:40:45 INFO  no build target found for C:\Users\dizah\Documents\GitHub\The-Paradigm-Facility\TheParadigmFacility\src\ui\TitlePanel.java. Using fallback presentation compiler.
2026.09.20 14:40:45 INFO  no build target found for C:\Users\dizah\Documents\GitHub\The-Paradigm-Facility\TheParadigmFacility\src\ui\TitlePanel.java. Using fallback presentation compiler.
2026.09.20 14:40:45 INFO  no build target found for C:\Users\dizah\Documents\GitHub\The-Paradigm-Facility\TheParadigmFacility\src\ui\TitlePanel.java. Using fallback presentation compiler.
2026.09.20 14:40:45 INFO  no build target found for C:\Users\dizah\Documents\GitHub\The-Paradigm-Facility\TheParadigmFacility\src\ui\TitlePanel.java. Using fallback presentation compiler.
2026.09.20 14:40:46 INFO  no build target found for C:\Users\dizah\Documents\GitHub\The-Paradigm-Facility\TheParadigmFacility\src\ui\TitlePanel.java. Using fallback presentation compiler.
2026.09.20 14:40:46 INFO  no build target found for C:\Users\dizah\Documents\GitHub\The-Paradigm-Facility\TheParadigmFacility\src\ui\TitlePanel.java. Using fallback presentation compiler.
2026.09.20 14:40:46 INFO  no build target found for C:\Users\dizah\Documents\GitHub\The-Paradigm-Facility\TheParadigmFacility\src\ui\TitlePanel.java. Using fallback presentation compiler.
2026.09.20 14:40:46 INFO  no build target found for C:\Users\dizah\Documents\GitHub\The-Paradigm-Facility\TheParadigmFacility\src\ui\TitlePanel.java. Using fallback presentation compiler.
2026.09.20 14:40:46 INFO  no build target found for C:\Users\dizah\Documents\GitHub\The-Paradigm-Facility\TheParadigmFacility\src\ui\TitlePanel.java. Using fallback presentation compiler.
2026.09.20 14:40:49 INFO  no build target found for C:\Users\dizah\Documents\GitHub\The-Paradigm-Facility\TheParadigmFacility\src\ui\TitlePanel.java. Using fallback presentation compiler.
2026.09.20 14:40:51 INFO  no build target found for C:\Users\dizah\Documents\GitHub\The-Paradigm-Facility\TheParadigmFacility\src\ui\TitlePanel.java. Using fallback presentation compiler.
2026.09.20 14:40:51 INFO  no build target found for C:\Users\dizah\Documents\GitHub\The-Paradigm-Facility\TheParadigmFacility\src\ui\TitlePanel.java. Using fallback presentation compiler.
2026.09.20 14:40:51 INFO  no build target found for C:\Users\dizah\Documents\GitHub\The-Paradigm-Facility\TheParadigmFacility\src\ui\TitlePanel.java. Using fallback presentation compiler.
2026.09.20 14:40:51 INFO  no build target found for C:\Users\dizah\Documents\GitHub\The-Paradigm-Facility\TheParadigmFacility\src\ui\TitlePanel.java. Using fallback presentation compiler.
2026.09.20 14:40:52 INFO  no build target found for C:\Users\dizah\Documents\GitHub\The-Paradigm-Facility\TheParadigmFacility\src\ui\TitlePanel.java. Using fallback presentation compiler.
2026.09.20 14:40:52 INFO  no build target found for C:\Users\dizah\Documents\GitHub\The-Paradigm-Facility\TheParadigmFacility\src\ui\TitlePanel.java. Using fallback presentation compiler.
2026.09.20 14:40:52 INFO  no build target found for C:\Users\dizah\Documents\GitHub\The-Paradigm-Facility\TheParadigmFacility\src\ui\TitlePanel.java. Using fallback presentation compiler.
2026.09.20 14:40:53 INFO  no build target found for C:\Users\dizah\Documents\GitHub\The-Paradigm-Facility\TheParadigmFacility\src\ui\TitlePanel.java. Using fallback presentation compiler.
2026.09.20 14:40:53 INFO  no build target found for C:\Users\dizah\Documents\GitHub\The-Paradigm-Facility\TheParadigmFacility\src\ui\TitlePanel.java. Using fallback presentation compiler.
2026.09.20 14:40:53 INFO  no build target found for C:\Users\dizah\Documents\GitHub\The-Paradigm-Facility\TheParadigmFacility\src\ui\TitlePanel.java. Using fallback presentation compiler.
2026.09.20 14:40:55 WARN  no build target for: C:\Users\dizah\Documents\GitHub\The-Paradigm-Facility\TheParadigmFacility\src\ui\TitlePanel.java
2026.09.20 14:40:55 INFO  no build target found for C:\Users\dizah\Documents\GitHub\The-Paradigm-Facility\TheParadigmFacility\src\ui\TitlePanel.java. Using fallback presentation compiler.
2026.09.20 14:46:58 INFO  Started: Metals version 1.6.9 in folders 'C:\Users\dizah\Documents\GitHub\The-Paradigm-Facility' for client Visual Studio Code 1.138.0.
2026.09.20 14:46:58 INFO  Memory monitor started
2026.09.20 14:47:06 WARN  Using H2 2.5.250 which is newer than the version Flyway has been verified with. The latest verified version of H2 is 2.3.232.
2026.09.20 14:47:08 WARN  no build tool detected in workspace 'C:\Users\dizah\Documents\GitHub\The-Paradigm-Facility'. The most common cause for this problem is that the editor was opened in the wrong working directory, for example if you use sbt then the workspace directory should contain build.sbt. 
2026.09.20 14:47:08 WARN  Build server is not auto-connectable.
2026.09.20 14:47:08 WARN  no build target for: C:\Users\dizah\Documents\GitHub\The-Paradigm-Facility\TheParadigmFacility\src\ui\BackgroundLoop.java
2026.09.20 14:47:08 WARN  no build target for: C:\Users\dizah\Documents\GitHub\The-Paradigm-Facility\TheParadigmFacility\src\ui\TitlePanel.java
Sep 20, 2026 2:48:55 PM org.eclipse.lsp4j.jsonrpc.services.GenericEndpoint notify
INFO: Unsupported notification method: $/setTrace
Sep 20, 2026 2:49:09 PM org.eclipse.lsp4j.jsonrpc.services.GenericEndpoint notify
INFO: Unsupported notification method: $/setTrace
2026.09.20 14:49:52 INFO  Shutting down server
2026.09.20 14:49:52 INFO  Memory monitor stopped
2026.09.20 14:49:52 INFO  shutting down Metals
2026.09.20 14:49:52 INFO  Exiting server
2026.09.20 14:50:30 INFO  Started: Metals version 1.6.9 in folders 'C:\Users\dizah\Documents\GitHub\The-Paradigm-Facility' for client Visual Studio Code 1.138.0.
2026.09.20 14:50:30 INFO  Memory monitor started
2026.09.20 14:50:34 WARN  Using H2 2.5.250 which is newer than the version Flyway has been verified with. The latest verified version of H2 is 2.3.232.
2026.09.20 14:50:34 INFO  no build target found for C:\Users\dizah\Documents\GitHub\The-Paradigm-Facility\TheParadigmFacility\src\ui\TitlePanel.java. Using fallback presentation compiler.
Sep 20, 2026 2:50:36 PM org.eclipse.lsp4j.jsonrpc.RemoteEndpoint handleCancellation
WARNING: Unmatched cancel notification for request id 2
2026.09.20 14:50:36 INFO  no build target found for C:\Users\dizah\Documents\GitHub\The-Paradigm-Facility\TheParadigmFacility\src\ui\TitlePanel.java. Using fallback presentation compiler.
2026.09.20 14:50:37 INFO  no build target found for C:\Users\dizah\Documents\GitHub\The-Paradigm-Facility\TheParadigmFacility\src\ui\TitlePanel.java. Using fallback presentation compiler.
2026.09.20 14:50:36 INFO  no build target found for C:\Users\dizah\Documents\GitHub\The-Paradigm-Facility\TheParadigmFacility\src\ui\TitlePanel.java. Using fallback presentation compiler.
2026.09.20 14:50:37 WARN  no build tool detected in workspace 'C:\Users\dizah\Documents\GitHub\The-Paradigm-Facility'. The most common cause for this problem is that the editor was opened in the wrong working directory, for example if you use sbt then the workspace directory should contain build.sbt. 
2026.09.20 14:50:37 WARN  Build server is not auto-connectable.
2026.09.20 14:50:37 WARN  no build target for: C:\Users\dizah\Documents\GitHub\The-Paradigm-Facility\TheParadigmFacility\src\ui\TitlePanel.java
2026.09.20 14:50:37 INFO  no build target found for C:\Users\dizah\Documents\GitHub\The-Paradigm-Facility\TheParadigmFacility\src\ui\TitlePanel.java. Using fallback presentation compiler.
2026.09.20 14:50:40 INFO  time: code lens generation in 2.48s
2026.09.20 14:50:42 INFO  no build target found for C:\Users\dizah\Documents\GitHub\The-Paradigm-Facility\TheParadigmFacility\src\ui\TitlePanel.java. Using fallback presentation compiler.
2026.09.20 14:50:46 INFO  no build target found for C:\Users\dizah\Documents\GitHub\The-Paradigm-Facility\TheParadigmFacility\src\ui\TitlePanel.java. Using fallback presentation compiler.
